question,fund,figure,value,interval_lo,interval_hi,source_table,source_row
1,akre,cum_excess_D,-1.2489786517091948,,,book_quarterly,"entity=akre|ivv,t=1..28"
1,jensen,cum_excess_D,-0.84193353381547453,,,book_quarterly,"entity=jensen|ivv,t=1..28"
1,polen,cum_excess_D,-1.4147822119605249,,,book_quarterly,"entity=polen|iwf,t=1..28"
1,akre,ann_return_fund,0.071749950819665065,,,book_quarterly,"entity=akre,t=1..28"
1,jensen,ann_return_fund,0.10654158126211066,,,book_quarterly,"entity=jensen,t=1..28"
1,polen,ann_return_fund,0.098086436155239598,,,book_quarterly,"entity=polen,t=1..28"
1,akre,ann_return_bench,0.16273721001799024,,,book_quarterly,"entity=ivv,t=1..28"
1,jensen,ann_return_bench,0.16273721001799024,,,book_quarterly,"entity=ivv,t=1..28"
1,polen,ann_return_bench,0.18800681797102792,,,book_quarterly,"entity=iwf,t=1..28"
1,akre,linked_allocation,-0.55057550332086957,,,linked,"fund=akre,method=carino,bucket=Total"
1,jensen,linked_allocation,0.023889759395231101,,,linked,"fund=jensen,method=carino,bucket=Total"
1,polen,linked_allocation,-0.2316893666311482,,,linked,"fund=polen,method=carino,bucket=Total"
1,akre,linked_selection,-1.3043521101259956,,,linked,"fund=akre,method=carino,bucket=Total"
1,jensen,linked_selection,-0.67985964230041585,,,linked,"fund=jensen,method=carino,bucket=Total"
1,polen,linked_selection,-1.3559225240418589,,,linked,"fund=polen,method=carino,bucket=Total"
1,akre,linked_interaction,0.60594896173766866,,,linked,"fund=akre,method=carino,bucket=Total"
1,jensen,linked_interaction,-0.1859636509102901,,,linked,"fund=jensen,method=carino,bucket=Total"
1,polen,linked_interaction,0.17282967871248089,,,linked,"fund=polen,method=carino,bucket=Total"
1,akre,mean_q_allocation,-0.0085804039490870003,-0.016299738430583102,-0.0015351030670695,bootstrap,"fund=akre,series=allocation"
1,jensen,mean_q_allocation,0.00028712016696609999,-0.0025830255250060999,0.0031776730854091001,bootstrap,"fund=jensen,series=allocation"
1,polen,mean_q_allocation,-0.0038760867360744999,-0.0083978796843598002,0.00036673170384700002,bootstrap,"fund=polen,series=allocation"
1,akre,mean_q_selection,-0.022454857888372499,-0.037373076202892701,-0.0094722859659138996,bootstrap,"fund=akre,series=selection"
1,jensen,mean_q_selection,-0.011029289591690399,-0.023242233515787299,0.0011140499599447001,bootstrap,"fund=jensen,series=selection"
1,polen,mean_q_selection,-0.0188254345458553,-0.0274292038857867,-0.0097092435396016006,bootstrap,"fund=polen,series=selection"
2,akre,alpha_month_book,-0.0045607627941778002,-0.0099494487745507738,0.00082792318619517424,factor_fit,"series_id=akre_book,coef=alpha"
2,jensen,alpha_month_book,-0.0031886872870087002,-0.0055399292828425782,-0.00083744529117482213,factor_fit,"series_id=jensen_book,coef=alpha"
2,polen,alpha_month_book,-0.0040271037263314002,-0.0072395949376737601,-0.00081461251498903984,factor_fit,"series_id=polen_book,coef=alpha"
2,akre,alpha_month_nav,-0.0029738342936190998,-0.0081969473189128436,0.0022492787316746444,factor_fit,"series_id=akre_nav,coef=alpha"
2,jensen,alpha_month_nav,-0.0035632199443361998,-0.0059845643109021004,-0.0011418755777702987,factor_fit,"series_id=jensen_nav,coef=alpha"
2,polen,alpha_month_nav,-0.0051854667438056999,-0.0084847727473573494,-0.0018861607402540508,factor_fit,"series_id=polen_nav,coef=alpha"
2,akre,alpha_t_book,-1.3922605295146828,,,factor_fit,"series_id=akre_book,coef=alpha"
2,jensen,alpha_t_book,-2.2309020493948788,,,factor_fit,"series_id=jensen_book,coef=alpha"
2,polen,alpha_t_book,-2.0621334640311182,,,factor_fit,"series_id=polen_book,coef=alpha"
2,akre,alpha_t_nav,-0.93659803824144161,,,factor_fit,"series_id=akre_nav,coef=alpha"
2,jensen,alpha_t_nav,-2.4207613296847952,,,factor_fit,"series_id=jensen_nav,coef=alpha"
2,polen,alpha_t_nav,-2.585420323055116,,,factor_fit,"series_id=polen_nav,coef=alpha"
2,akre,beta_mkt_book,0.95504797185104484,,,factor_fit,"series_id=akre_book,coef=mkt"
2,jensen,beta_mkt_book,0.88394994824954864,,,factor_fit,"series_id=jensen_book,coef=mkt"
2,polen,beta_mkt_book,1.0396562769386637,,,factor_fit,"series_id=polen_book,coef=mkt"
2,akre,r2_book,0.76433802222993374,,,factor_fit,"series_id=akre_book,coef=alpha"
2,jensen,r2_book,0.92257068096466155,,,factor_fit,"series_id=jensen_book,coef=alpha"
2,polen,r2_book,0.92862585725554636,,,factor_fit,"series_id=polen_book,coef=alpha"
2,akre,resid_vol_ann_book,0.1002866068551294,,,factor_fit,"series_id=akre_book,coef=alpha"
2,jensen,resid_vol_ann_book,0.045159783222697501,,,factor_fit,"series_id=jensen_book,coef=alpha"
2,polen,resid_vol_ann_book,0.056016537561788197,,,factor_fit,"series_id=polen_book,coef=alpha"
3,akre,active_share_2026_06_30,0.97374308497719397,,,risk_quarterly,"fund=akre,holdings_date=2026-06-30"
3,jensen,active_share_2026_06_30,0.61572126671613514,,,risk_quarterly,"fund=jensen,holdings_date=2026-06-30"
3,polen,active_share_2026_06_30,0.61778981090676921,,,risk_quarterly,"fund=polen,holdings_date=2026-06-30"
3,akre,te_exante_2026_06_30,0.1345624243935982,,,risk_quarterly,"fund=akre,holdings_date=2026-06-30"
3,jensen,te_exante_2026_06_30,0.057537057638539203,,,risk_quarterly,"fund=jensen,holdings_date=2026-06-30"
3,polen,te_exante_2026_06_30,0.084263380318809394,,,risk_quarterly,"fund=polen,holdings_date=2026-06-30"
3,akre,te_exante_mean,0.088176716177768802,,,te_realised,fund=akre
3,jensen,te_exante_mean,0.052711739913042802,,,te_realised,fund=jensen
3,polen,te_exante_mean,0.067049779836412096,,,te_realised,fund=polen
3,akre,te_realised_84m,0.114092038568129,,,te_realised,fund=akre
3,jensen,te_realised_84m,0.052606680478843502,,,te_realised,fund=jensen
3,polen,te_realised_84m,0.065669752372288004,,,te_realised,fund=polen
3,akre,top15_cte_share_2026_06_30,0.76074275218368637,,,cte_positions,"fund=akre,holdings_date=2026-06-30,top=15"
3,jensen,top15_cte_share_2026_06_30,0.36513931336607519,,,cte_positions,"fund=jensen,holdings_date=2026-06-30,top=15"
3,polen,top15_cte_share_2026_06_30,0.76491511088665998,,,cte_positions,"fund=polen,holdings_date=2026-06-30,top=15"
3,akre,largest_cte_MA_2026_06_30,0.015380255571707,,,cte_positions,"fund=akre,holdings_date=2026-06-30,ticker=MA"
3,jensen,largest_cte_MU_2026_06_30,0.0067214991445775996,,,cte_positions,"fund=jensen,holdings_date=2026-06-30,ticker=MU"
3,polen,largest_cte_NVDA_2026_06_30,0.017411557869154302,,,cte_positions,"fund=polen,holdings_date=2026-06-30,ticker=NVDA"
4,akre,gate_corr,0.99002831574664885,,,gate,fund=akre
4,jensen,gate_corr,0.99960561212591381,,,gate,fund=jensen
4,polen,gate_corr,0.99818433624530201,,,gate,fund=polen
4,akre,gate_n_quarters,26,,,gate,fund=akre
4,jensen,gate_n_quarters,28,,,gate,fund=jensen
4,polen,gate_n_quarters,28,,,gate,fund=polen
4,akre,te_gap_ann,0.027870232496955201,,,gate,fund=akre
4,jensen,te_gap_ann,0.0058640837700056,,,gate,fund=jensen
4,polen,te_gap_ann,0.013112466077392399,,,gate,fund=polen
4,akre,mean_q_gap,0.0016167830411646,-0.00068559346469730003,0.0038586997949709,bootstrap,"fund=akre,series=gap"
4,jensen,mean_q_gap,0.0021407810171738999,0.0013896996752979999,0.0028637306594818,bootstrap,"fund=jensen,series=gap"
4,polen,mean_q_gap,0.0038954262435508999,0.0026802287277179,0.0052203237448247997,bootstrap,"fund=polen,series=gap"
1,akre,selection_BusEq,-1.245879928202422,,,linked,"fund=akre,method=carino,bucket=BusEq"
1,akre,interaction_BusEq,0.78167253604031184,,,linked,"fund=akre,method=carino,bucket=BusEq"
1,akre,other_weight_min,0.34021406991612529,,,buckets,"entity=akre,bucket=Other,t=1..28"
1,akre,other_weight_max,0.562230625474051,,,buckets,"entity=akre,bucket=Other,t=1..28"
3,akre,fico_weight_2026_06_30,0.084651154606920562,,,position_returns,"entity=akre,t=28,ticker=FICO"
3,akre,fico_return_2026_09,-0.48355576496305996,,,adjclose,"ticker=FICO,month=2026-09"
3,akre,active_return_2026_09,-0.13277795584864938,,,book_monthly,"entity=akre|ivv,month=2026-09"
