entity,t,book_return,unmapped_weight,unpriced_weight,delisted_weight
akre,1,0.047890167610323831,5.4120294331594155e-05,0.0037066979729731726,0
akre,2,-0.14704945197301095,0,0.0071858565060638801,0
akre,3,0.24565283286588724,0,0.012230177946840165,0
akre,4,0.063594582833131977,0,0.014799647107648514,0
akre,5,0.054601174626082875,0,0.016688865994424731,0
akre,6,0.03466197168600621,0,0.018502128456702141,0
akre,7,0.10461353427582984,0,0.018733197815057182,0
akre,8,0.0046667488488084897,0.00028809924704972328,0.018144032379448512,0
akre,9,0.077700173214311177,0,0.016686837108439375,0
akre,10,-0.1020941472638032,0,0.019269679305197428,0
akre,11,-0.12650982911893766,0,0.018643195254844515,0
akre,12,-0.085914893129688738,0,0.0064097319194375939,0
akre,13,0.1052029097470575,0,0.0051080842617541268,0
akre,14,0.04049779772371296,0,0.0049410178910090398,0
akre,15,0.089713817196549889,0,0.0054234367424342896,0
akre,16,-0.0383652463001663,0,0.0061562338934127324,0
akre,17,0.17543346153079034,0,0.0071786368817792993,0
akre,18,0.076993193343602134,0,0.0064970903209340732,0
akre,19,-0.027053470902202628,0,0.0065500946045945266,0
akre,20,0.12812830929185734,0,0.0043911692688509462,0
akre,21,0.013123703934513427,0,0.0015461841757974154,0
akre,22,0.020715804965226837,0,0.00074613675438610729,0
akre,23,0.042588017746108008,0,0.00013970440285647863,0
akre,24,0.005620955852831966,0,0,0
akre,25,-0.018694287456463045,0,0,0
akre,26,-0.17097857105432018,0,0,0
akre,27,0.0015723466852326003,0,0,0
akre,28,-0.0088988670617996344,0,0,0
jensen,1,0.085233918299904191,0.0003571922742612675,7.265652004117915e-05,0
jensen,2,-0.17863150887732365,0.00043323989449100956,7.7463451830924563e-05,0
jensen,3,0.17815076129384744,0.0003953896447340036,0.00018716603296048726,0
jensen,4,0.10013559925041243,0.00041852427498231896,0.00020208251246287177,0
jensen,5,0.11802210796445062,0.00032988346450275874,0.00025077875617811758,0
jensen,6,0.028328966760378809,0.00045685034414567904,0.00024922122509796928,0
jensen,7,0.080501282461722889,0.00056385835922817648,0.00035825166467420177,0
jensen,8,0.021901458270638788,0.00060786892520249959,0.00042008246583797801,0
jensen,9,0.15209421158009109,0.00078316476199031908,0,0
jensen,10,-0.075548079223084902,0.00078630350120156259,0,0
jensen,11,-0.12544785234485131,0.00089466590237496392,0,0
jensen,12,-0.051748511479675567,0.0009991546505971915,0,0
jensen,13,0.096507301050740096,0.00094183147774099083,0,0
jensen,14,0.047806931690762881,0.00096925635386285898,0,0
jensen,15,0.061947569576483369,0.0010337233052897833,0,0
jensen,16,-0.037224579038948588,0.0010082691499308529,0,0
jensen,17,0.10082821626928071,0.00092564157058425665,0,0
jensen,18,0.050738743596276122,0.00093455376355720148,0,0
jensen,19,0.012414866145503191,0.00097854888408271837,0,0
jensen,20,0.069949186481767969,0.0004741037701433397,0,0
jensen,21,-0.02266327607197972,9.5333878050349351e-05,0,0
jensen,22,-0.014160446902704764,0.00041497449594742281,0,0
jensen,23,0.047604059405275255,0.00045488509640371198,0,0
jensen,24,0.032337260248433773,0.00055125078543896569,0,0
jensen,25,-0.004893977201554392,0.00057610329751840304,0,0
jensen,26,-0.10009748547451756,0.00076224997269127605,0,0
jensen,27,0.11239332860630344,0.0005697810906847569,0,0
jensen,28,0.026403425207520408,0.00050742704705188731,0,0
polen,1,0.10892823447299116,0.0001351401955166342,4.1730408022518945e-05,0
polen,2,-0.13237414124421726,0.00011298574863376443,0,0
polen,3,0.28820388928491442,0.00017695973031666811,0,0
polen,4,0.10540848532452604,0.00027089285717523943,0,0
polen,5,0.10243273321896859,0.00030321678588013812,0,0
polen,6,0.020710939615840949,0.0002923354306266787,0,0
polen,7,0.13344517098043954,0.00065437765230525781,0,0
polen,8,0.021063743855011835,0.00059779028246854764,0,0
polen,9,0.054931914730834447,0.00079511643949622133,0,0
polen,10,-0.1378788724310932,0.00081209892683879953,0,0
polen,11,-0.23376104730106295,0.00088946972457443164,0,0
polen,12,-0.057588318502152881,0.00076090944678582951,0,0
polen,13,0.016888569664609058,0.00069732325176150728,0,0
polen,14,0.1419157700581842,0.00071240566036322661,0,0
polen,15,0.1056969849707789,0.00043306420622091918,0,0
polen,16,-0.032339280105062852,0.00032415579167287517,0,0
polen,17,0.15165330216073372,0.00023672777856988713,0,0
polen,18,0.085047647527710865,0.00019953309758414747,0,0
polen,19,0.0025878068747685356,0.00031310855525430519,0,0
polen,20,0.034493108980714865,0.00034149564376879227,0,0
polen,21,0.048948235009100546,0.00043164157153800044,0,0
polen,22,-0.063892856373208642,0.0001713601460566207,0,0
polen,23,0.091665026109331138,0.00016138483019874082,0,0
polen,24,0.036567507445234237,0.00083299598288532912,0,0
polen,25,-0.015879309897901619,0.00074265350406905041,0,0
polen,26,-0.15760871808571103,0.0006981813734299214,0,0
polen,27,0.065859002516619927,0.0012949597763478678,0,0
polen,28,0.039179723692145466,0.0029273286270779164,0,0
ivv,1,0.090925855174745052,0.014817019061188695,0.026867090056600838,0
ivv,2,-0.19272181403226335,0.014028584062209871,0.022274585007517816,0
ivv,3,0.20470301115853046,0.010862331736135072,0.020541457757711715,0
ivv,4,0.090227197722630686,0.010609113823676799,0.016311344573394483,0
ivv,5,0.11931322291816168,0.010963837728460603,0.015455567882097905,0
ivv,6,0.06046918569950354,0.010839730998427636,0.016123190158466836,0
ivv,7,0.085886656374175113,0.010803726437015122,0.016439768923533465,0
ivv,8,0.0056677150044228079,0.009316505935083947,0.016482328927010344,0
ivv,9,0.11232309410657956,0.0091663256765526172,0.014083943705894659,0
ivv,10,-0.047219978311558074,0.0075571290368008862,0.013846069914950798,0
ivv,11,-0.16069724642684635,0.0076448574150994007,0.012178397296672718,0
ivv,12,-0.048632052970057453,0.006882248723820727,0.011994524234221799,0
ivv,13,0.075578389093901951,0.0064756493469317628,0.011962255330505673,0
ivv,14,0.076199105553033011,0.0052556599778523271,0.010154565110283136,0
ivv,15,0.088410031459629959,0.0055969913500768494,0.0089180375946055421,0
ivv,16,-0.032533825394033655,0.0050956495554746843,0.0083527455915196492,0
ivv,17,0.11714839712359368,0.0047704097882133025,0.0085214929084521142,0
ivv,18,0.10629401073039599,0.0040298484648050859,0.0064259566629582716,0
ivv,19,0.043352333904187058,0.0033658655763414767,0.0060951139149248591,0
ivv,20,0.059052784492254318,0.0027606605040179006,0.0042184698066843589,0
ivv,21,0.024137668210074282,0.0025833844464581372,0.003926108346215808,0
ivv,22,-0.042805236370889975,0.0021060007587522852,0.0040443442041080083,0
ivv,23,0.10935195418488299,0.0019979242937016388,0.0043899476149628774,0
ivv,24,0.081040142766889076,0.0019869145969343932,0.0030906113215210416,0
ivv,25,0.026677024066462628,0.001572131034919579,0.0015941176629318565,0
ivv,26,-0.043558828857327668,0.001039704994631026,0.0015672953477058238,0
ivv,27,0.1522647505287256,0.00083350913656530785,0.0017123577958018956,0
ivv,28,0.02274844731306,0,0.00112322636029891,0
iwf,1,0.10805684225076943,0.014843873637441263,0.030367400507817967,0
iwf,2,-0.13766291959517263,0.012891175361873015,0.024860427052701077,0
iwf,3,0.27852199783901105,0.010131021964354637,0.022357483829759682,0
iwf,4,0.1337031549048554,0.01037953163174625,0.020877526392050483,0
iwf,5,0.11298518194297875,0.010594423066055847,0.020504790047094233,0
iwf,6,0.011434250084488218,0.011139204326162494,0.019401219842270098,0
iwf,7,0.12090013802343348,0.010990804301859508,0.018544591571973103,0
iwf,8,0.012649049495978585,0.010782351989021119,0.013996339011506079,0
iwf,9,0.11897760701798227,0.0096334602544058592,0.010177256751798822,0
iwf,10,-0.09115693318385093,0.0079518167627001396,0.0089440597687752942,0
iwf,11,-0.21371785662479231,0.0064472066024409058,0.0075888522803529649,0
iwf,12,-0.035735868624400216,0.006972502687044,0.011360181037509158,0
iwf,13,0.020515207630607202,0.0069128647327463683,0.010881345090458345,0
iwf,14,0.14484221471557326,0.0053855436913840503,0.0092698565837481487,0
iwf,15,0.13215906936386154,0.0050792766969071767,0.0080533721179229297,0
iwf,16,-0.031545211525578945,0.0034288059673363218,0.0067347809879642461,0
iwf,17,0.14212942684045049,0.0026345352155404422,0.0076456781599299264,0
iwf,18,0.11443007250113016,0.0022575127245171153,0.0032281777289331695,0
iwf,19,0.083868999696352337,0.0017887289870327822,0.0020043228461035195,0
iwf,20,0.039905966508297037,0.0011289568843802285,0.0017053845674893015,0
iwf,21,0.070768720075944189,0.0012962617417972299,0.0012893999399587438,0
iwf,22,-0.10056962812822619,0.0013480649535490637,0.0011576272676507872,0
iwf,23,0.17733526413934539,0.0012146629976559009,0.0014640608372056994,0
iwf,24,0.10520920917678808,0.0010377545699337195,0.0001849210120298025,0
iwf,25,0.011416548673260972,0.00091071523598354118,1.7263417814565681e-05,0
iwf,26,-0.097925501716929056,0.0010223409687330177,3.4688585353104655e-05,0
iwf,27,0.15425965926084945,0.00085152620218855108,0,0
iwf,28,0.0091912003224054514,2.1765787448141956e-05,0.00020904710301175044,0
