entity,month,ret
akre,2019-10,0.017345613524957892
akre,2019-11,0.010982861965556756
akre,2019-12,0.018834059475820508
akre,2020-01,0.040349988810566062
akre,2020-02,-0.053104827130104226
akre,2020-03,-0.13415035515152585
akre,2020-04,0.12511237502397532
akre,2020-05,0.095407228105468755
akre,2020-06,0.010707564726079255
akre,2020-07,0.05993243400496695
akre,2020-08,0.044043359498358914
akre,2020-09,-0.038876050033930687
akre,2020-10,-0.069886060795959493
akre,2020-11,0.10185024693576783
akre,2020-12,0.029033526102865803
akre,2021-01,-0.049756247784550567
akre,2021-02,0.027730073437734148
akre,2021-03,0.059459596932700087
akre,2021-04,0.071637276908434577
akre,2021-05,-0.018044315440682523
akre,2021-06,0.049713202250512234
akre,2021-07,0.051991159953573396
akre,2021-08,-0.0070891275183092572
akre,2021-09,-0.038167002908346181
akre,2021-10,0.068892017518336957
akre,2021-11,-0.029258040685766207
akre,2021-12,0.03862869479172204
akre,2022-01,-0.075595393970823266
akre,2022-02,-0.063675787902791603
akre,2022-03,0.037390932897676921
akre,2022-04,-0.065305648549498163
akre,2022-05,0.0058479616747491026
akre,2022-06,-0.07091368316849056
akre,2022-07,0.11555913222816128
akre,2022-08,-0.066889666587211294
akre,2022-09,-0.12186550324344947
akre,2022-10,0.094868536291667471
akre,2022-11,0.068146085048125249
akre,2022-12,-0.054961740414678162
akre,2023-01,0.078705852523245357
akre,2023-02,-0.054393824801153179
akre,2023-03,0.020064962783201246
akre,2023-04,0.030437508177685757
akre,2023-05,-0.025057251482679344
akre,2023-06,0.084705108488702718
akre,2023-07,0.010891743378508956
akre,2023-08,0.0079017842317301579
akre,2023-09,-0.056184105144790442
akre,2023-10,-0.024201194847904839
akre,2023-11,0.15067713491847923
akre,2023-12,0.046849583212855039
akre,2024-01,0.0099252128755116242
akre,2024-02,0.042369910351824247
akre,2024-03,0.023061820780684528
akre,2024-04,-0.073607316482606433
akre,2024-05,0.035024122157413906
akre,2024-06,0.014713375646931315
akre,2024-07,0.083728877329609874
akre,2024-08,0.023890602422896201
akre,2024-09,0.016680034009587397
akre,2024-10,-0.00901654852246625
akre,2024-11,0.086399192357778487
akre,2024-12,-0.05896312824256511
akre,2025-01,0.066294108759674231
akre,2025-02,-0.0028453748035780491
akre,2025-03,-0.040013066708110112
akre,2025-04,-0.011634788682091668
akre,2025-05,0.033022484166346233
akre,2025-06,0.021140507535801767
akre,2025-07,0.039975429068002111
akre,2025-08,-0.00052012074552176824
akre,2025-09,-0.03253072693885195
akre,2025-10,-0.040252061702413355
akre,2025-11,0.011237781248369716
akre,2025-12,0.01109939867263332
akre,2026-01,-0.049505496855521969
akre,2026-02,-0.07741352687828551
akre,2026-03,-0.054614223018086494
akre,2026-04,0.030012065846590108
akre,2026-05,-0.015649143750493533
akre,2026-06,-0.012152080279908328
akre,2026-07,0.067471234516113254
akre,2026-08,0.075523534571284578
akre,2026-09,-0.13673949146210107
jensen,2019-10,0.014760005935642306
jensen,2019-11,0.036261998872167522
jensen,2019-12,0.032025538073095383
jensen,2020-01,-0.0097074075172970398
jensen,2020-02,-0.083382274341731066
jensen,2020-03,-0.095129860641859576
jensen,2020-04,0.12648982209549797
jensen,2020-05,0.032866088561289697
jensen,2020-06,0.012580541194285866
jensen,2020-07,0.059631846140938638
jensen,2020-08,0.061697763157401386
jensen,2020-09,-0.02210930477526285
jensen,2020-10,-0.023495060609401319
jensen,2020-11,0.1012891891553418
jensen,2020-12,0.039619869061620738
jensen,2021-01,-0.02820801983825727
jensen,2021-02,0.0038273331473730465
jensen,2021-03,0.054143516466603092
jensen,2021-04,0.05328102656745326
jensen,2021-05,0.0042366531499593574
jensen,2021-06,0.021515491599116698
jensen,2021-07,0.054523205084525239
jensen,2021-08,0.022876285565117005
jensen,2021-09,-0.052607880438805488
jensen,2021-10,0.073508074583868099
jensen,2021-11,0.0039956408361929707
jensen,2021-12,0.068933903917930195
jensen,2022-01,-0.069661067876763738
jensen,2022-02,-0.041188474898855243
jensen,2022-03,0.036358200112611927
jensen,2022-04,-0.063966240736069047
jensen,2022-05,-0.0076012707891947029
jensen,2022-06,-0.058526720115235298
jensen,2022-07,0.081450533837259975
jensen,2022-08,-0.044295355290763228
jensen,2022-09,-0.082527243638316539
jensen,2022-10,0.073545067686451304
jensen,2022-11,0.063985206889384916
jensen,2022-12,-0.040034429886964373
jensen,2023-01,0.028256809571215902
jensen,2023-02,-0.038674867132498236
jensen,2023-03,0.060008569404257139
jensen,2023-04,0.023103922157557522
jensen,2023-05,-0.016227369497699096
jensen,2023-06,0.055087772113123989
jensen,2023-07,0.019851174598757293
jensen,2023-08,-0.0092040918640634573
jensen,2023-09,-0.047195082896377305
jensen,2023-10,-0.014595377105499963
jensen,2023-11,0.090614844371001313
jensen,2023-12,0.024315047897860875
jensen,2024-01,0.01218266578053151
jensen,2024-02,0.030395405688605992
jensen,2024-03,0.0074695692455919449
jensen,2024-04,-0.037308438174781355
jensen,2024-05,0.027148925675335001
jensen,2024-06,0.023853766396566778
jensen,2024-07,0.027451114364287266
jensen,2024-08,0.03298729899715247
jensen,2024-09,0.0081078664376410536
jensen,2024-10,-0.028137656475535122
jensen,2024-11,0.04780913453889224
jensen,2024-12,-0.040251851988660992
jensen,2025-01,0.034499917638168176
jensen,2025-02,-0.012600631754777547
jensen,2025-03,-0.034876405158493107
jensen,2025-04,-0.010425124004888042
jensen,2025-05,0.045357221705092376
jensen,2025-06,0.012706944671152076
jensen,2025-07,0.002383638947071276
jensen,2025-08,0.012037549602813113
jensen,2025-09,0.017632589691002343
jensen,2025-10,-0.010054660500072976
jensen,2025-11,0.0090206588606045468
jensen,2025-12,-0.0037735199825927879
jensen,2026-01,-0.010536248505966905
jensen,2026-02,-0.019788780049709076
jensen,2026-03,-0.072153983977717329
jensen,2026-04,0.081531302634551661
jensen,2026-05,0.034535872393945954
jensen,2026-06,-0.0058000715837870365
jensen,2026-07,0.031952313266862431
jensen,2026-08,0.022996108326690079
jensen,2026-09,-0.027735380491708095
polen,2019-10,0.035296296422579143
polen,2019-11,0.044287529162363448
polen,2019-12,0.025696064308982303
polen,2020-01,0.023687330756072766
polen,2020-02,-0.057832492184283102
polen,2020-03,-0.10042570734653622
polen,2020-04,0.15025046682549448
polen,2020-05,0.081240008523573604
polen,2020-06,0.03578610466116583
polen,2020-07,0.046451379039961882
polen,2020-08,0.10209366238913065
polen,2020-09,-0.041515190533160329
polen,2020-10,-0.020320734064717572
polen,2020-11,0.090638645661531125
polen,2020-12,0.031780464214895776
polen,2021-01,-0.026514791317315711
polen,2021-02,0.031266114938331535
polen,2021-03,0.016723037585082867
polen,2021-04,0.078256692248507509
polen,2021-05,-0.0069053454854944851
polen,2021-06,0.058492316770687669
polen,2021-07,0.049733449383139394
polen,2021-08,0.03699000527043661
polen,2021-09,-0.062007752835349095
polen,2021-10,0.064908706562412544
polen,2021-11,-0.035097413694538782
polen,2021-12,0.026664589055665378
polen,2022-01,-0.092767907375148395
polen,2022-02,-0.06737370887606986
polen,2022-03,0.018925026521759758
polen,2022-04,-0.13522914570254296
polen,2022-05,-0.023263287313499359
polen,2022-06,-0.092836286346873131
polen,2022-07,0.11900314871984663
polen,2022-08,-0.056896449644324498
polen,2022-09,-0.1070030566387361
polen,2022-10,0.045140253316774404
polen,2022-11,0.038720913362305209
polen,2022-12,-0.063301304994828778
polen,2023-01,0.11642808169248542
polen,2023-02,-0.05105367917102932
polen,2023-03,0.077858305414408635
polen,2023-04,0.0017827023459926483
polen,2023-05,0.048271212609864556
polen,2023-06,0.052904392267167921
polen,2023-07,0.045074734696398222
polen,2023-08,-0.0092758900433628222
polen,2023-09,-0.065405907311668843
polen,2023-10,-0.0098392682944632437
polen,2023-11,0.1197770473303581
polen,2023-12,0.038686523897416114
polen,2024-01,0.039769551401095837
polen,2024-02,0.041492516587095185
polen,2024-03,0.0019719426515087957
polen,2024-04,-0.05627691533466983
polen,2024-05,0.0040540462785632059
polen,2024-06,0.058085467043483163
polen,2024-07,0.00066700652652129655
polen,2024-08,0.016411116780323143
polen,2024-09,0.017111617725103612
polen,2024-10,-0.0098921565515271981
polen,2024-11,0.078222104990374408
polen,2024-12,-0.017430397354295635
polen,2025-01,0.048824078902355295
polen,2025-02,-0.028291734599908747
polen,2025-03,-0.081483392196513238
polen,2025-04,-0.0044266935065040425
polen,2025-05,0.059443625481397921
polen,2025-06,0.034995117420849375
polen,2025-07,0.012311891716037859
polen,2025-08,0.0082608079650885458
polen,2025-09,0.015571176762929406
polen,2025-10,0.020806029529855774
polen,2025-11,-0.025866448660574304
polen,2025-12,-0.010338594297868875
polen,2026-01,-0.051526283195457934
polen,2026-02,-0.059962847711255152
polen,2026-03,-0.05519203735099143
polen,2026-04,0.091930787716711704
polen,2026-05,0.054025434009004947
polen,2026-06,-0.073909230277157789
polen,2026-07,0.015600495316335117
polen,2026-08,0.049527350178038887
polen,2026-09,-0.025068731161790425
ivv,2019-10,0.022131030425925902
ivv,2019-11,0.03613752224079736
ivv,2019-12,0.030080724259798686
ivv,2020-01,0.00093242579964147865
ivv,2020-02,-0.082157856740950108
ivv,2020-03,-0.12128009582985744
ivv,2020-04,0.12769037798279337
ivv,2020-05,0.047684452263789368
ivv,2020-06,0.019669953169913823
ivv,2020-07,0.056573077339698408
ivv,2020-08,0.072903074333896978
ivv,2020-09,-0.038261543728337011
ivv,2020-10,-0.026924643801350401
ivv,2020-11,0.108844647099269
ivv,2020-12,0.037371843481619926
ivv,2021-01,-0.010946203010624767
ivv,2021-02,0.025705797693917454
ivv,2021-03,0.045334607752593126
ivv,2021-04,0.054067982248319435
ivv,2021-05,0.0066180843895793373
ivv,2021-06,0.02341351138097858
ivv,2021-07,0.024462198578790506
ivv,2021-08,0.030464287998809292
ivv,2021-09,-0.047366993507727662
ivv,2021-10,0.070980816747446163
ivv,2021-11,-0.0058756617444049031
ivv,2021-12,0.044740801145401132
ivv,2022-01,-0.052357376496696362
ivv,2022-02,-0.030922650678000596
ivv,2022-03,0.037503601541442499
ivv,2022-04,-0.087410585525048989
ivv,2022-05,0.0013400685686641989
ivv,2022-06,-0.081537083130708843
ivv,2022-07,0.092575521561013341
ivv,2022-08,-0.04097683816193276
ivv,2022-09,-0.092037414330116474
ivv,2022-10,0.080733882420758629
ivv,2022-11,0.056205745785682604
ivv,2022-12,-0.057731279535556235
ivv,2023-01,0.062660680910937128
ivv,2023-02,-0.0241287337769438
ivv,2023-03,0.037780448198681205
ivv,2023-04,0.015811260436614072
ivv,2023-05,0.0050916412311088344
ivv,2023-06,0.06604086223975103
ivv,2023-07,0.031901010949960451
ivv,2023-08,-0.015684446798617246
ivv,2023-09,-0.047503465190622651
ivv,2023-10,-0.020809377286524433
ivv,2023-11,0.091701720093005923
ivv,2023-12,0.045056152461845134
ivv,2024-01,0.017201877415293998
ivv,2024-02,0.053737140716561216
ivv,2024-03,0.032122202288742185
ivv,2024-04,-0.040878855240450429
ivv,2024-05,0.049750639613151959
ivv,2024-06,0.03626630843351264
ivv,2024-07,0.01209899773855061
ivv,2024-08,0.024371958246687253
ivv,2024-09,0.021496611429482559
ivv,2024-10,-0.0092906902713943973
ivv,2024-11,0.058590292116375675
ivv,2024-12,-0.023473149907786706
ivv,2025-01,0.02784895406446064
ivv,2025-02,-0.013001735514182711
ivv,2025-03,-0.056472360487553663
ivv,2025-04,-0.0065976310317926723
ivv,2025-05,0.063208029002480792
ivv,2025-06,0.050330347396885244
ivv,2025-07,0.022413947600992579
ivv,2025-08,0.020423212966363069
ivv,2025-09,0.03617885648207908
ivv,2025-10,0.023503146409679987
ivv,2025-11,0.0025126348902715367
ivv,2025-12,0.0005868850103420975
ivv,2026-01,0.014529172234414078
ivv,2026-02,-0.0077593669472741933
ivv,2026-03,-0.049883816998398944
ivv,2026-04,0.10503916495394972
ivv,2026-05,0.05279935210113873
ivv,2026-06,-0.0095581179047415921
ivv,2026-07,-0.00061384637880768089
ivv,2026-08,0.02744691088815765
ivv,2026-09,-0.0039615356134516944
iwf,2019-10,0.029666410872989157
iwf,2019-11,0.043791817216580764
iwf,2019-12,0.030983242283563417
iwf,2020-01,0.023342972597765854
iwf,2020-02,-0.067506948334450034
iwf,2020-03,-0.096329208651323328
iwf,2020-04,0.1473181823818388
iwf,2020-05,0.066394322434682351
iwf,2020-06,0.044976452932426358
iwf,2020-07,0.077385856440551404
iwf,2020-08,0.10584382365186507
iwf,2020-09,-0.048444139051111779
iwf,2020-10,-0.034773451337141603
iwf,2020-11,0.10226302719940783
iwf,2020-12,0.046104049504459788
iwf,2021-01,-0.0073940425619418715
iwf,2021-02,-8.0380926150258603e-05
iwf,2021-03,0.019050459109166251
iwf,2021-04,0.068979394911075742
iwf,2021-05,-0.013672016796276276
iwf,2021-06,0.063105179057457272
iwf,2021-07,0.034440395662267642
iwf,2021-08,0.03768785532740293
iwf,2021-09,-0.056619806862332811
iwf,2021-10,0.087244100814406922
iwf,2021-11,0.0074326232329688935
iwf,2021-12,0.021593980441358518
iwf,2022-01,-0.086118054645522579
iwf,2022-02,-0.043107632596692702
iwf,2022-03,0.039287516025456215
iwf,2022-04,-0.12122867535578896
iwf,2022-05,-0.023392199720716156
iwf,2022-06,-0.083816750785451033
iwf,2022-07,0.12073710539644456
iwf,2022-08,-0.046569424399364401
iwf,2022-09,-0.097591481712608341
iwf,2022-10,0.058115852583022987
iwf,2022-11,0.045436324604524403
iwf,2022-12,-0.077452632427652768
iwf,2023-01,0.083300648599663019
iwf,2023-02,-0.011977775387656542
iwf,2023-03,0.069620993468011205
iwf,2023-04,0.010081110480266275
iwf,2023-05,0.046645654597295971
iwf,2023-06,0.070906428914413011
iwf,2023-07,0.034094729959832426
iwf,2023-08,-0.0092367101365993243
iwf,2023-09,-0.05474470365614148
iwf,2023-10,-0.01397507006690446
iwf,2023-11,0.10994156729148297
iwf,2023-12,0.043583754352662929
iwf,2024-01,0.025191574570533337
iwf,2024-02,0.068394133029653803
iwf,2024-03,0.017457552958079381
iwf,2024-04,-0.042407714392778795
iwf,2024-05,0.060197178430243969
iwf,2024-06,0.06760232812045186
iwf,2024-07,-0.009330877482668587
iwf,2024-08,0.022056516275443805
iwf,2024-09,0.027047504154713131
iwf,2024-10,-0.0034057451995099797
iwf,2024-11,0.064827518696750852
iwf,2024-12,0.0090159476876858768
iwf,2025-01,0.019605320047391572
iwf,2025-02,-0.03599168306135403
iwf,2025-03,-0.084929246608182352
iwf,2025-04,0.017980078720426063
iwf,2025-05,0.088583466531183985
iwf,2025-06,0.062427098280595006
iwf,2025-07,0.037893174511421712
iwf,2025-08,0.01114593701212474
iwf,2025-09,0.053120333140960874
iwf,2025-10,0.036338389028049534
iwf,2025-11,-0.018073854081228191
iwf,2025-12,-0.0060840844329526078
iwf,2026-01,-0.015131092574643068
iwf,2026-02,-0.033631907283539597
iwf,2026-03,-0.052189759899309407
iwf,2026-04,0.11904240393487675
iwf,2026-05,0.07205405698845091
iwf,2026-06,-0.037855527207581785
iwf,2026-07,-0.047573411113277841
iwf,2026-08,0.037307533297205486
iwf,2026-09,0.02149068821233624
