fund,series,mean,p05,p95
akre,allocation,-0.0085804039490870489,-0.016299738430583133,-0.0015351030670695024
akre,selection,-0.022454857888372547,-0.037373076202892749,-0.0094722859659139482
akre,interaction,0.010457074140838509,0.0028380429397465777,0.018023837363383546
akre,gap,0.0016167830411646824,-0.00068559346469735955,0.0038586997949709568
jensen,allocation,0.00028712016696616494,-0.0025830255250061242,0.0031776730854091708
jensen,selection,-0.011029289591690469,-0.023242233515787348,0.0011140499599447957
jensen,interaction,-0.002497777635193911,-0.0062369392480467007,0.00085273066521088649
jensen,gap,0.0021407810171739212,0.0013896996752980713,0.0028637306594818212
polen,allocation,-0.0038760867360745402,-0.0083978796843598366,0.00036673170384707174
polen,selection,-0.018825434545855304,-0.027429203885786773,-0.0097092435396016717
polen,interaction,0.0023214995493453933,-0.0015923047464610287,0.0062305984111037018
polen,gap,0.0038954262435509091,0.0026802287277179061,0.0052203237448248656
