entity,t,bucket,weight,r
akre,1,NoDur,0,
akre,1,Durbl,0,
akre,1,Manuf,0,
akre,1,Enrgy,0,
akre,1,Chems,0,
akre,1,BusEq,0.12481086238668132,-0.011318581227437233
akre,1,Telcm,0,
akre,1,Utils,0,
akre,1,Shops,0.18647359358458621,-0.015158441692812217
akre,1,Hlth,0,
akre,1,Money,0.34474065584530234,0.032535534197298308
akre,1,Other,0.34021406991612535,0.11972776724175499
akre,1,Unmapped,5.4120294331594155e-05,0.047890167610323824
akre,1,Unpriced,0.0037066979729731726,0.047890167610323824
akre,2,NoDur,0,
akre,2,Durbl,0,
akre,2,Manuf,0,
akre,2,Enrgy,0,
akre,2,Chems,0,
akre,2,BusEq,0.11557047754071388,-0.096847149892124201
akre,2,Telcm,0,
akre,2,Utils,0,
akre,2,Shops,0.17456769458477617,-0.31197503433097057
akre,2,Hlth,0,
akre,2,Money,0.33521134793863283,-0.081193118404328538
akre,2,Other,0.36746462342981323,-0.14456490173039552
akre,2,Unmapped,0,
akre,2,Unpriced,0.0071858565060638801,-0.14704945197301095
akre,3,NoDur,0,
akre,3,Durbl,0,
akre,3,Manuf,0,
akre,3,Enrgy,0,
akre,3,Chems,0,
akre,3,BusEq,0.14970210720487881,0.29507148328777794
akre,3,Telcm,0,
akre,3,Utils,0,
akre,3,Shops,0.13147317429914948,0.46401076451073764
akre,3,Hlth,0,
akre,3,Money,0.32362247897633062,0.15656323023396082
akre,3,Other,0.38297206157280089,0.22665696035893074
akre,3,Unmapped,0,
akre,3,Unpriced,0.012230177946840165,0.24565283286588727
akre,4,NoDur,0,
akre,4,Durbl,0,
akre,4,Manuf,0,
akre,4,Enrgy,0,
akre,4,Chems,0,
akre,4,BusEq,0.15110375286747635,0.080320903009247477
akre,4,Telcm,0,
akre,4,Utils,0,
akre,4,Shops,0.14896058949385138,0.040754736762513233
akre,4,Hlth,0,
akre,4,Money,0.2912564222769361,0.0068982017396231488
akre,4,Other,0.39387958825408764,0.10774008520550277
akre,4,Unmapped,0,
akre,4,Unpriced,0.014799647107648514,0.063594582833131977
akre,5,NoDur,0,
akre,5,Durbl,0,
akre,5,Manuf,0,
akre,5,Enrgy,0,
akre,5,Chems,0,
akre,5,BusEq,0.15841557775997445,0.10849246506623314
akre,5,Telcm,0,
akre,5,Utils,0,
akre,5,Shops,0.14052297833089486,0.038250244956734361
akre,5,Hlth,0,
akre,5,Money,0.27700700662243716,0.011006289724691731
akre,5,Other,0.40736557129226875,0.068928723162837838
akre,5,Unmapped,0,
akre,5,Unpriced,0.016688865994424731,0.054601174626082868
akre,6,NoDur,0,
akre,6,Durbl,0,
akre,6,Manuf,0,
akre,6,Enrgy,0,
akre,6,Chems,0,
akre,6,BusEq,0.16818136141892881,-0.073707210657300556
akre,6,Telcm,0,
akre,6,Utils,0,
akre,6,Shops,0.13982040992414352,0.20201661957356576
akre,6,Hlth,0,
akre,6,Money,0.25619579814879379,0.077370166101499147
akre,6,Other,0.41730030205143176,-0.0039566890830929988
akre,6,Unmapped,0,
akre,6,Unpriced,0.018502128456702141,0.034661971686006196
akre,7,NoDur,0,
akre,7,Durbl,0,
akre,7,Manuf,0,
akre,7,Enrgy,0,
akre,7,Chems,0,
akre,7,BusEq,0.16362953477702469,0.14582605376150562
akre,7,Telcm,0,
akre,7,Utils,0,
akre,7,Shops,0.15013610612423767,0.0065004494381193509
akre,7,Hlth,0,
akre,7,Money,0.2490716199154942,0.15985992455532844
akre,7,Other,0.41842954136818622,0.090815328786850308
akre,7,Unmapped,0,
akre,7,Unpriced,0.018733197815057182,0.1046135342758298
akre,8,NoDur,0,
akre,8,Durbl,0,
akre,8,Manuf,0,
akre,8,Enrgy,0,
akre,8,Chems,0,
akre,8,BusEq,0.20953197113341618,0.038648031643659521
akre,8,Telcm,0,
akre,8,Utils,0,
akre,8,Shops,0.13634022808986135,0.016629049283133003
akre,8,Hlth,0,
akre,8,Money,0.25290759761686865,0.016594942592511496
akre,8,Other,0.38278807153335559,-0.026075689680772198
akre,8,Unmapped,0.00028809924704972328,0.0046667488488084897
akre,8,Unpriced,0.018144032379448512,0.0046667488488084889
akre,9,NoDur,0,
akre,9,Durbl,0,
akre,9,Manuf,0,
akre,9,Enrgy,0,
akre,9,Chems,0,
akre,9,BusEq,0.2174188855692345,0.039760041749157142
akre,9,Telcm,0,
akre,9,Utils,0,
akre,9,Shops,0.13844184415115698,0.14329222501425942
akre,9,Hlth,0,
akre,9,Money,0.25538914171228883,0.14534122682642453
akre,9,Other,0.37206329145888029,0.029034866656239562
akre,9,Unmapped,0,
akre,9,Unpriced,0.016686837108439375,0.07770017321431115
akre,10,NoDur,0,
akre,10,Durbl,0,
akre,10,Manuf,0,
akre,10,Enrgy,0,
akre,10,Chems,0,
akre,10,BusEq,0.21288593292637853,-0.12203106845068616
akre,10,Telcm,0,
akre,10,Utils,0,
akre,10,Shops,0.1414474558399556,-0.093401607304558418
akre,10,Hlth,0,
akre,10,Money,0.26607498030929294,-0.14262609527800876
akre,10,Other,0.36032195161917557,-0.063797036548526989
akre,10,Unmapped,0,
akre,10,Unpriced,0.019269679305197428,-0.10209414726380321
akre,11,NoDur,0,
akre,11,Durbl,0,
akre,11,Manuf,0,
akre,11,Enrgy,0,
akre,11,Chems,0,
akre,11,BusEq,0.21979203534279171,-0.18050140967480544
akre,11,Telcm,0,
akre,11,Utils,0,
akre,11,Shops,0.12416957667714655,-0.071468223814284554
akre,11,Hlth,0,
akre,11,Money,0.23526862788001743,-0.08663738896815007
akre,11,Other,0.40212656484519982,-0.13732311059100033
akre,11,Unmapped,0,
akre,11,Unpriced,0.018643195254844515,-0.12650982911893766
akre,12,NoDur,0,
akre,12,Durbl,0,
akre,12,Manuf,0,
akre,12,Enrgy,0,
akre,12,Chems,0,
akre,12,BusEq,0.22166105369023981,-0.086251343736303901
akre,12,Telcm,0,
akre,12,Utils,0,
akre,12,Shops,0.13326006078442765,-0.040829221388568385
akre,12,Hlth,0,
akre,12,Money,0.24894729144670541,-0.12348326888772604
akre,12,Other,0.38972186215918947,-0.077141959506407759
akre,12,Unmapped,0,
akre,12,Unpriced,0.0064097319194375939,-0.085914893129688752
akre,13,NoDur,0,
akre,13,Durbl,0,
akre,13,Manuf,0,
akre,13,Enrgy,0,
akre,13,Chems,0,
akre,13,BusEq,0.2234800552720822,0.073237608157336626
akre,13,Telcm,0,
akre,13,Utils,0,
akre,13,Shops,0.13466878389320588,0.11113357826219478
akre,13,Hlth,0,
akre,13,Money,0.24033297128771286,0.012000806016102074
akre,13,Other,0.3964101052852449,0.17771486034098805
akre,13,Unmapped,0,
akre,13,Unpriced,0.0051080842617541268,0.1052029097470575
akre,14,NoDur,0,
akre,14,Durbl,0,
akre,14,Manuf,0,
akre,14,Enrgy,0,
akre,14,Chems,0,
akre,14,BusEq,0.14689836056920161,0.032644636509668055
akre,14,Telcm,0,
akre,14,Utils,0,
akre,14,Shops,0.11982688417131265,0.018011083380576224
akre,14,Hlth,0,
akre,14,Money,0.25773530311207798,0.029095733907140674
akre,14,Other,0.47059843425639869,0.054919528232036517
akre,14,Unmapped,0,
akre,14,Unpriced,0.0049410178910090398,0.040497797723712974
akre,15,NoDur,0,
akre,15,Durbl,0,
akre,15,Manuf,0,
akre,15,Enrgy,0,
akre,15,Chems,0,
akre,15,BusEq,0.14500942397946109,0.10420191559543644
akre,15,Telcm,0,
akre,15,Utils,0,
akre,15,Shops,0.10634509439089576,0.15396428420520217
akre,15,Hlth,0,
akre,15,Money,0.26064664036817414,0.009758726689097429
akre,15,Other,0.48257540451903469,0.11438642344114891
akre,15,Unmapped,0,
akre,15,Unpriced,0.0054234367424342896,0.089713817196549916
akre,16,NoDur,0,
akre,16,Durbl,0,
akre,16,Manuf,0,
akre,16,Enrgy,0,
akre,16,Chems,0,
akre,16,BusEq,0.14590133761808671,0.025059953166503193
akre,16,Telcm,0,
akre,16,Utils,0,
akre,16,Shops,0.10894213179684942,-0.068726120026861834
akre,16,Hlth,0,
akre,16,Money,0.24330122056389469,-0.05024174562945842
akre,16,Other,0.49569907612775643,-0.044531641393969194
akre,16,Unmapped,0,
akre,16,Unpriced,0.0061562338934127324,-0.038365246300166293
akre,17,NoDur,0,
akre,17,Durbl,0,
akre,17,Manuf,0,
akre,17,Enrgy,0,
akre,17,Chems,0,
akre,17,BusEq,0.11086203826958459,0.10021711798189309
akre,17,Telcm,0,
akre,17,Utils,0,
akre,17,Shops,0.10610528554113527,0.052751129205061531
akre,17,Hlth,0,
akre,17,Money,0.26274010105077966,0.32316473484256752
akre,17,Other,0.51311393825672114,0.14140778552143665
akre,17,Unmapped,0,
akre,17,Unpriced,0.0071786368817792993,0.17543346153079034
akre,18,NoDur,0,
akre,18,Durbl,0,
akre,18,Manuf,0,
akre,18,Enrgy,0,
akre,18,Chems,0,
akre,18,BusEq,0.10705029526793751,0.04635721510078912
akre,18,Telcm,0,
akre,18,Utils,0,
akre,18,Shops,0.099397308284755709,0.17813868648242553
akre,18,Hlth,0,
akre,18,Money,0.31819603945438979,0.054659867871768665
akre,18,Other,0.46885926667198297,0.077702097891707705
akre,18,Unmapped,0,
akre,18,Unpriced,0.0064970903209340732,0.07699319334360212
akre,19,NoDur,0,
akre,19,Durbl,0,
akre,19,Manuf,0,
akre,19,Enrgy,0,
akre,19,Chems,0,
akre,19,BusEq,0.11566371518162089,0.00061225496667790548
akre,19,Telcm,0,
akre,19,Utils,0,
akre,19,Shops,0.11179707346976131,-0.080830961802864087
akre,19,Hlth,0,
akre,19,Money,0.29268335702606019,0.017620561757363505
akre,19,Other,0.47330575971796307,-0.048737340527536685
akre,19,Unmapped,0,
akre,19,Unpriced,0.0065500946045945266,-0.027053470902202625
akre,20,NoDur,0,
akre,20,Durbl,0,
akre,20,Manuf,0,
akre,20,Enrgy,0,
akre,20,Chems,0,
akre,20,BusEq,0.12437473311114919,0.027037598792927768
akre,20,Telcm,0,
akre,20,Utils,0,
akre,20,Shops,0.10267640118043768,0.0856976722916266
akre,20,Hlth,0,
akre,20,Money,0.31020555335976963,0.23686338810087451
akre,20,Other,0.45835214307979255,0.091474242544433912
akre,20,Unmapped,0,
akre,20,Unpriced,0.0043911692688509462,0.12812830929185734
akre,21,NoDur,0,
akre,21,Durbl,0,
akre,21,Manuf,0,
akre,21,Enrgy,0,
akre,21,Chems,0,
akre,21,BusEq,0.1212725360138808,-0.091454358822270113
akre,21,Telcm,0,
akre,21,Utils,0,
akre,21,Shops,0.096419517380687741,0.032028421210696122
akre,21,Hlth,0,
akre,21,Money,0.3279821722374896,0.0024112603457746599
akre,21,Other,0.45277959019214448,0.044867965370972297
akre,21,Unmapped,0,
akre,21,Unpriced,0.0015461841757974154,0.013123703934513429
akre,22,NoDur,0,
akre,22,Durbl,0,
akre,22,Manuf,0,
akre,22,Enrgy,0,
akre,22,Chems,0,
akre,22,BusEq,0.11358779849593058,0.025650969806932225
akre,22,Telcm,0,
akre,22,Utils,0,
akre,22,Shops,0.096547380373285058,0.19564211497771189
akre,22,Hlth,0,
akre,22,Money,0.31713121074375866,-0.062360545741622177
akre,22,Other,0.4719874736326396,0.039565568319553455
akre,22,Unmapped,0,
akre,22,Unpriced,0.00074613675438610729,0.02071580496522684
akre,23,NoDur,0,
akre,23,Durbl,0,
akre,23,Manuf,0,
akre,23,Enrgy,0,
akre,23,Chems,0,
akre,23,BusEq,0.12960123888585637,-0.029530527655624302
akre,23,Telcm,0,
akre,23,Utils,0,
akre,23,Shops,0.1205335193135014,-0.057318695858643562
akre,23,Hlth,0,
akre,23,Money,0.25366913874334229,0.13297029086228918
akre,23,Other,0.49605639865444351,0.039486691447963143
akre,23,Unmapped,0,
akre,23,Unpriced,0.00013970440285647863,0.042588017746108001
akre,24,NoDur,0,
akre,24,Durbl,0,
akre,24,Manuf,0,
akre,24,Enrgy,0,
akre,24,Chems,0,
akre,24,BusEq,0.12926181008387386,-0.071161385712302835
akre,24,Telcm,0,
akre,24,Utils,0,
akre,24,Shops,0.089825727569199945,0.17237042439669656
akre,24,Hlth,0,
akre,24,Money,0.2559460035238198,0.026574994412955907
akre,24,Other,0.52496645882310644,-0.014221207646608209
akre,24,Unmapped,0,
akre,24,Unpriced,0,
akre,25,NoDur,0,
akre,25,Durbl,0,
akre,25,Manuf,0,
akre,25,Enrgy,0,
akre,25,Chems,0,
akre,25,BusEq,0.09154650999829908,-0.058186815999629896
akre,25,Telcm,0,
akre,25,Utils,0,
akre,25,Shops,0.11223497981547553,-0.14972811706833825
akre,25,Hlth,0,
akre,25,Money,0.25617102662993618,-0.0078207449366548693
akre,25,Other,0.54004748355628929,0.010074471409062744
akre,25,Unmapped,0,
akre,25,Unpriced,0,
akre,26,NoDur,0,
akre,26,Durbl,0,
akre,26,Manuf,0,
akre,26,Enrgy,0,
akre,26,Chems,0,
akre,26,BusEq,0.079233979926107923,-0.20778739853699016
akre,26,Telcm,0,
akre,26,Utils,0,
akre,26,Shops,0.10161066774454378,-0.042060135905301131
akre,26,Hlth,0,
akre,26,Money,0.25692472685529738,-0.18702849444585948
akre,26,Other,0.562230625474051,-0.18175592099622231
akre,26,Unmapped,0,
akre,26,Unpriced,0,
akre,27,NoDur,0,
akre,27,Durbl,0,
akre,27,Manuf,0,
akre,27,Enrgy,0,
akre,27,Chems,0.00099822252213772021,0.45986901779278222
akre,27,BusEq,0.14731523830050808,-0.076064875986341832
akre,27,Telcm,0,
akre,27,Utils,0,
akre,27,Shops,0.10207281315494429,-0.065564496426488969
akre,27,Hlth,0,
akre,27,Money,0.21961541053313532,0.026883913487750884
akre,27,Other,0.52999831548927456,0.024730345209785096
akre,27,Unmapped,0,
akre,27,Unpriced,0,
akre,28,NoDur,0,
akre,28,Durbl,0,
akre,28,Manuf,0,
akre,28,Enrgy,0,
akre,28,Chems,0.0017451980298067128,-0.26171112010421349
akre,28,BusEq,0.1585768600254808,0.20299743837625242
akre,28,Telcm,0,
akre,28,Utils,0,
akre,28,Shops,0.083064914990200689,-0.051173794190698042
akre,28,Hlth,0,
akre,28,Money,0.19655343379830353,-0.076081003220634949
akre,28,Other,0.56005959315620824,-0.038260386339903051
akre,28,Unmapped,0,
akre,28,Unpriced,0,
ivv,1,NoDur,0.04394729301480628,0.055654818502289982
ivv,1,Durbl,0.0070861144242729502,0.054820818973755472
ivv,1,Manuf,0.060984983098574051,0.062138194621573238
ivv,1,Enrgy,0.035782563923306823,0.049195780159631455
ivv,1,Chems,0.03547066110939897,0.02701579570095906
ivv,1,BusEq,0.23726634845056532,0.14302426306400412
ivv,1,Telcm,0.033933700592849801,0.043093176481468716
ivv,1,Utils,0.039509301084004605,0.0073033535806857203
ivv,1,Shops,0.098849857836144417,0.038601498966546223
ivv,1,Hlth,0.094382038798932935,0.11816461424170505
ivv,1,Money,0.16531194081638501,0.10707528861454244
ivv,1,Other,0.10579108773296936,0.089216693186754875
ivv,1,Unmapped,0.014817019061188695,0.090925855174745038
ivv,1,Unpriced,0.026867090056600838,0.090925855174745052
ivv,2,NoDur,0.042595222124337473,-0.18493241901932816
ivv,2,Durbl,0.0068060971723232647,-0.38770947395878225
ivv,2,Manuf,0.059430389817701303,-0.28870039229765865
ivv,2,Enrgy,0.034160706821611028,-0.49749666502855938
ivv,2,Chems,0.033366422514327199,-0.19588585606874279
ivv,2,BusEq,0.25064374384064819,-0.11416985225136021
ivv,2,Telcm,0.032265327988104463,-0.18198266105862126
ivv,2,Utils,0.03653510393079068,-0.16677899392104212
ivv,2,Shops,0.094141729439923091,-0.11580103865921855
ivv,2,Hlth,0.098729670271857126,-0.11885589158555533
ivv,2,Money,0.16786976632252165,-0.28533716405782233
ivv,2,Other,0.10715265068612682,-0.21841902404087457
ivv,2,Unmapped,0.014028584062209871,-0.19272181403226335
ivv,2,Unpriced,0.022274585007517816,-0.19272181403226332
ivv,3,NoDur,0.042880938111135213,0.082704511372277079
ivv,3,Durbl,0.0051433938644787824,0.30349958402640836
ivv,3,Manuf,0.051928231388792795,0.15502825449641283
ivv,3,Enrgy,0.021205283801663886,0.29782192041091882
ivv,3,Chems,0.033285429307146529,0.19005053316745135
ivv,3,BusEq,0.27766191456787687,0.29650845004355542
ivv,3,Telcm,0.032592623318675906,0.090201053813824483
ivv,3,Utils,0.037751186511357185,0.042692419510526027
ivv,3,Shops,0.10358007007246385,0.28939032198113901
ivv,3,Hlth,0.10799142954291355,0.1073233279584884
ivv,3,Money,0.15020443395538255,0.1197582766117249
ivv,3,Other,0.10437127606426613,0.24950796771056305
ivv,3,Unmapped,0.010862331736135072,0.20470301115853046
ivv,3,Unpriced,0.020541457757711715,0.20470301115853048
ivv,4,NoDur,0.038267011919154513,0.082732456281307667
ivv,4,Durbl,0.0054665864494275228,0.15386240357720848
ivv,4,Manuf,0.051696546107981252,0.10349211605035581
ivv,4,Enrgy,0.022401538027085825,-0.21419783325851124
ivv,4,Chems,0.032708694497745543,0.1333951665762162
ivv,4,BusEq,0.29841270388956487,0.12023980356833573
ivv,4,Telcm,0.030073565610919735,0.090949025182027937
ivv,4,Utils,0.032936658108326744,0.046396802923657353
ivv,4,Shops,0.11149538725318571,0.13668576770505872
ivv,4,Hlth,0.10284591350712861,0.055323787692011565
ivv,4,Money,0.13877487229035934,0.035311806394779724
ivv,4,Other,0.10800006394204907,0.1194606410099474
ivv,4,Unmapped,0.010609113823676799,0.090227197722630673
ivv,4,Unpriced,0.016311344573394483,0.090227197722630673
ivv,5,NoDur,0.037901485617127674,0.1062892978990992
ivv,5,Durbl,0.0057967882396628544,0.22402211796309199
ivv,5,Manuf,0.052450221957479816,0.20804135206800525
ivv,5,Enrgy,0.015938567286067129,0.28027472102485729
ivv,5,Chems,0.033990599602441489,0.08055638971288992
ivv,5,BusEq,0.30645355677422925,0.1168152940315451
ivv,5,Telcm,0.029936128168643078,0.064248422702654795
ivv,5,Utils,0.031356862859458864,0.069248729797246306
ivv,5,Shops,0.11686671240904711,0.05456762404506442
ivv,5,Hlth,0.099177785822191306,0.062505922826736296
ivv,5,Money,0.13178249697829547,0.18810685289899454
ivv,5,Other,0.1119293886747975,0.13810485438540654
ivv,5,Unmapped,0.010963837728460603,0.11931322291816165
ivv,5,Unpriced,0.015455567882097905,0.11931322291816165
ivv,6,NoDur,0.036616351017806366,0.042624889838816619
ivv,6,Durbl,0.023163346723819964,0.021272931069988656
ivv,6,Manuf,0.055609138244186049,0.12738340050300284
ivv,6,Enrgy,0.017837262697806312,0.31906245304637343
ivv,6,Chems,0.032110799560586573,0.030450111546855538
ivv,6,BusEq,0.29996695816208951,0.039740278841911149
ivv,6,Telcm,0.027691332117276181,0.018418250254799359
ivv,6,Utils,0.029294430666456268,0.042569910937283649
ivv,6,Shops,0.10846904048415455,0.017612357798316033
ivv,6,Hlth,0.092561742767108934,0.024425579071463737
ivv,6,Money,0.1375898425974815,0.14222596665986795
ivv,6,Other,0.11212683380433323,0.050073690952393342
ivv,6,Unmapped,0.010839730998427636,0.06046918569950354
ivv,6,Unpriced,0.016123190158466836,0.06046918569950354
ivv,7,NoDur,0.035686929430404142,0.040016720789427723
ivv,7,Durbl,0.022467875467852939,0.035032028177863793
ivv,7,Manuf,0.059292064904193864,0.045582039951606895
ivv,7,Enrgy,0.022740022484746155,0.11419046976103825
ivv,7,Chems,0.031104586310812993,0.024517355647461572
ivv,7,BusEq,0.29517409401722672,0.13828340200535696
ivv,7,Telcm,0.026607409339331849,0.032745211162548082
ivv,7,Utils,0.028649538217618068,0.0072958491272435474
ivv,7,Shops,0.10366717053021006,0.083149263450925964
ivv,7,Hlth,0.088729191519855422,0.073581205149379811
ivv,7,Money,0.14672823471255692,0.083737955237363701
ivv,7,Other,0.11190938770464211,0.053046016869875257
ivv,7,Unmapped,0.010803726437015122,0.085886656374175127
ivv,7,Unpriced,0.016439768923533465,0.085886656374175127
ivv,8,NoDur,0.03404002096417745,-0.034607750932936318
ivv,8,Durbl,0.021552951792583125,0.069015763776232406
ivv,8,Manuf,0.057161645038564982,-0.040406338384884277
ivv,8,Enrgy,0.023223667566712628,-0.021859342487160257
ivv,8,Chems,0.029231470155916029,-0.015459941399755513
ivv,8,BusEq,0.31052875508668165,0.031391108317099979
ivv,8,Telcm,0.025158245433314477,-0.02892668950073321
ivv,8,Utils,0.026608523572853655,0.017058932079014186
ivv,8,Shops,0.1033055950230128,-0.0019944729308862897
ivv,8,Hlth,0.087752529411681893,0.003862445800200294
ivv,8,Money,0.14619546737374089,0.012307480783505596
ivv,8,Other,0.10944229371866589,-0.026725442432366801
ivv,8,Unmapped,0.009316505935083947,0.0056677150044228087
ivv,8,Unpriced,0.016482328927010344,0.0056677150044228087
ivv,9,NoDur,0.032451519941309709,0.11107907475056865
ivv,9,Durbl,0.02402801744348132,0.31671658737586311
ivv,9,Manuf,0.054093297877573276,0.059022480074708533
ivv,9,Enrgy,0.022311834132717142,0.094579092054099617
ivv,9,Chems,0.028365584900926544,0.16296215930093516
ivv,9,BusEq,0.31935492897148582,0.16033509734526682
ivv,9,Telcm,0.023824130848146045,-0.069837934161849094
ivv,9,Utils,0.026606318756744608,0.11837747559711288
ivv,9,Shops,0.10339163574632101,0.10706480316313
ivv,9,Hlth,0.090993229874237413,0.08031218298399459
ivv,9,Money,0.14575863937750005,0.090409225807660157
ivv,9,Other,0.10557059274710968,0.040980774438493586
ivv,9,Unmapped,0.0091663256765526172,0.11232309410657956
ivv,9,Unpriced,0.014083943705894659,0.11232309410657956
ivv,10,NoDur,0.032372284525369804,0.012077688857467826
ivv,10,Durbl,0.028656116526020885,-0.03503279418791818
ivv,10,Manuf,0.05143076308866263,-0.038186184486822164
ivv,10,Enrgy,0.021742653774204434,0.39646739362698241
ivv,10,Chems,0.029632294123992441,-0.077540827526466391
ivv,10,BusEq,0.33588005496068851,-0.090584888887670953
ivv,10,Telcm,0.019743759024500023,-0.030906013465374967
ivv,10,Utils,0.02682098918559412,0.064167199767957497
ivv,10,Shops,0.10287737150265575,-0.079552715595013729
ivv,10,Hlth,0.088500832027712639,-0.02174944210471989
ivv,10,Money,0.14211091991051536,-0.011124273583436083
ivv,10,Other,0.098828762398331618,-0.090563362205185211
ivv,10,Unmapped,0.0075571290368008862,-0.047219978311558081
ivv,10,Unpriced,0.013846069914950798,-0.047219978311558081
ivv,11,NoDur,0.034201657947113752,-0.018831495904284526
ivv,11,Durbl,0.029760884882761341,-0.3422439028936119
ivv,11,Manuf,0.052065166514541489,-0.16380442060240349
ivv,11,Enrgy,0.031670261839102182,-0.041587058765420716
ivv,11,Chems,0.028558012506774429,-0.08381258339261527
ivv,11,BusEq,0.32143239997516382,-0.20637132935444269
ivv,11,Telcm,0.019909925104339171,-0.01053492790945499
ivv,11,Utils,0.029787903926388609,-0.054874364733399628
ivv,11,Shops,0.099249246155279788,-0.19805636302688107
ivv,11,Hlth,0.090568900175004019,-0.062035978609340056
ivv,11,Money,0.1475561645332461,-0.14226929106072836
ivv,11,Other,0.095416221728513315,-0.20956705211285981
ivv,11,Unmapped,0.0076448574150994007,-0.16069724642684635
ivv,11,Unpriced,0.012178397296672718,-0.16069724642684635
ivv,12,NoDur,0.040632778027538327,-0.060672379624742319
ivv,12,Durbl,0.023535474638736474,0.12904363748466974
ivv,12,Manuf,0.051660830282790705,-0.068492668543415403
ivv,12,Enrgy,0.036045002533766572,0.037125128540898451
ivv,12,Chems,0.031039438287380677,-0.090748961179948767
ivv,12,BusEq,0.30511988941448287,-0.072012107245334855
ivv,12,Telcm,0.022776169310236329,-0.22194534492870577
ivv,12,Utils,0.033614898554771837,-0.060188305844145307
ivv,12,Shops,0.094438951533586307,0.02913725513411421
ivv,12,Hlth,0.10077582576186019,-0.068744961313878056
ivv,12,Money,0.15184550594649493,-0.039525269475905601
ivv,12,Other,0.089638462750312231,-0.045073903400092111
ivv,12,Unmapped,0.006882248723820727,-0.048632052970057453
ivv,12,Unpriced,0.011994524234221799,-0.048632052970057453
ivv,13,NoDur,0.040094728152408367,0.13573091371542428
ivv,13,Durbl,0.029403285950262949,-0.40381945403843134
ivv,13,Manuf,0.050456795800305591,0.26461520670703931
ivv,13,Enrgy,0.037840942322423507,0.24350458457822666
ivv,13,Chems,0.029504398342380379,0.16733109321926584
ivv,13,BusEq,0.29668711925611302,0.024654949167729822
ivv,13,Telcm,0.018525061677608413,0.10776795978426494
ivv,13,Utils,0.033219932265705548,0.087401753736152221
ivv,13,Shops,0.1027790468739308,-0.013261734484042992
ivv,13,Hlth,0.098657648086726918,0.15088893484779189
ivv,13,Money,0.15364417504764263,0.11515043215294972
ivv,13,Other,0.090748961547054335,0.10670225337394462
ivv,13,Unmapped,0.0064756493469317628,0.075578389093901951
ivv,13,Unpriced,0.011962255330505673,0.075578389093901965
ivv,14,NoDur,0.042308954055548742,-0.0010447121815371002
ivv,14,Durbl,0.016373099403584633,0.47388584149981261
ivv,14,Manuf,0.059764843627904879,0.047828176954642511
ivv,14,Enrgy,0.043526251910184173,-0.046612870906449742
ivv,14,Chems,0.031888614426555356,0.019516495623782756
ivv,14,BusEq,0.28336656707719771,0.22743625681141835
ivv,14,Telcm,0.018878968564465706,0.063990042151563578
ivv,14,Utils,0.035028820181315354,-0.030605662042477749
ivv,14,Shops,0.094311875334642498,0.069142433156902189
ivv,14,Hlth,0.10557633183796006,-0.032303116051820908
ivv,14,Money,0.16054502725294462,-0.052363776458880379
ivv,14,Other,0.09302042123956078,0.070635948833077597
ivv,14,Unmapped,0.0052556599778523271,0.076199105553033011
ivv,14,Unpriced,0.010154565110283136,0.076199105553033011
ivv,15,NoDur,0.039191347116390558,0.0048695708492222873
ivv,15,Durbl,0.022462988826147702,0.20996277698572982
ivv,15,Manuf,0.057176575931472517,0.049703845679283251
ivv,15,Enrgy,0.038380676621325077,-0.018482481316874088
ivv,15,Chems,0.030103803646616002,0.019040936070304645
ivv,15,BusEq,0.32345273839177241,0.16402078107491672
ivv,15,Telcm,0.018381460733735255,-0.028342368197288723
ivv,15,Utils,0.0315522949002085,-0.016927218997919533
ivv,15,Shops,0.09380214534556558,0.11282038940226545
ivv,15,Hlth,0.096544949536859076,0.050040063666894195
ivv,15,Money,0.14130817162257797,0.04005514190248758
ivv,15,Other,0.093127818382646943,0.069172216978794679
ivv,15,Unmapped,0.0055969913500768494,0.088410031459629959
ivv,15,Unpriced,0.0089180375946055421,0.088410031459629973
ivv,16,NoDur,0.036099813586692932,-0.067747231651485315
ivv,16,Durbl,0.025105107707908289,-0.055962808242158081
ivv,16,Manuf,0.055605611139779874,-0.056197569928721644
ivv,16,Enrgy,0.033851931752246565,0.13052208843300783
ivv,16,Chems,0.028133583255336249,-0.054027397428169727
ivv,16,BusEq,0.348363938477533,-0.034800667016549477
ivv,16,Telcm,0.016217821609008275,-0.010103500346644711
ivv,16,Utils,0.02858344272080951,-0.075741185684543855
ivv,16,Shops,0.095911782586877214,-0.039523321463073136
ivv,16,Hlth,0.09306767545783913,-0.039169130415433816
ivv,16,Money,0.13443943983728934,-0.010844006254736345
ivv,16,Other,0.09117145672168514,-0.051256512667837241
ivv,16,Unmapped,0.0050956495554746843,-0.032533825394033669
ivv,16,Unpriced,0.0083527455915196492,-0.032533825394033662
ivv,17,NoDur,0.034576751157267424,0.03438697110317377
ivv,17,Durbl,0.024932653641136265,0.0073770478224645854
ivv,17,Manuf,0.05394810289339956,0.14270991154981152
ivv,17,Enrgy,0.038930406017351676,-0.086365676211879155
ivv,17,Chems,0.028332505136268199,0.054438311712557211
ivv,17,BusEq,0.3463285649674831,0.15175386696745297
ivv,17,Telcm,0.016116702674602142,0.079285249556520859
ivv,17,Utils,0.027460275083888572,0.082109701762203668
ivv,17,Shops,0.095436849480125013,0.14798179368067202
ivv,17,Hlth,0.091302500006389675,0.063219551794134896
ivv,17,Money,0.13894916064013321,0.13754106669282753
ivv,17,Other,0.090393625605289796,0.1465124900852659
ivv,17,Unmapped,0.0047704097882133025,0.11714839712359368
ivv,17,Unpriced,0.0085214929084521142,0.11714839712359368
ivv,18,NoDur,0.033640241050656959,0.02933863720990575
ivv,18,Durbl,0.022478136417798507,-0.18948501170767379
ivv,18,Manuf,0.054836926865319248,0.10688520061324459
ivv,18,Enrgy,0.031462734975214665,0.14060390634016773
ivv,18,Chems,0.026553108408538629,0.084678128936099634
ivv,18,BusEq,0.35805087717988937,0.1342716654332847
ivv,18,Telcm,0.015272669715527617,0.023940709078203601
ivv,18,Utils,0.026490874491963443,0.059690580680085786
ivv,18,Shops,0.098137465707446025,0.1362698136640334
ivv,18,Hlth,0.086478681540118868,0.1111524336218879
ivv,18,Money,0.14047919099058376,0.092627637333654297
ivv,18,Other,0.095663287529179478,0.10349527270614738
ivv,18,Unmapped,0.0040298484648050859,0.10629401073039599
ivv,18,Unpriced,0.0064259566629582716,0.10629401073039602
ivv,19,NoDur,0.031149577146730712,-0.017915387287672446
ivv,19,Durbl,0.016130677187376038,0.064789688936803563
ivv,19,Manuf,0.055025412032644508,-0.010244219228780669
ivv,19,Enrgy,0.032025117744091648,-0.040671546503194676
ivv,19,Chems,0.025998968859654709,-0.022166415087508575
ivv,19,BusEq,0.36857887928136629,0.13297581442593975
ivv,19,Telcm,0.014034215445518226,0.0058651339109334656
ivv,19,Utils,0.025262716999099894,0.051351979237369338
ivv,19,Shops,0.10100946693151625,0.00087402451285515997
ivv,19,Hlth,0.087323697905188694,0.004228089991421189
ivv,19,Money,0.13861226483220265,-0.0069461380783884114
ivv,19,Other,0.095388026143343935,-0.052299185441874264
ivv,19,Unmapped,0.0033658655763414767,0.043352333904187065
ivv,19,Unpriced,0.0060951139149248591,0.043352333904187058
ivv,20,NoDur,0.028893274693158801,0.10510992171577044
ivv,20,Durbl,0.016484405497485949,0.22600945401441058
ivv,20,Manuf,0.051994382963057993,0.10497395209111772
ivv,20,Enrgy,0.030424327423567054,-0.038735924433510725
ivv,20,Chems,0.024330079113931501,0.078721995568116904
ivv,20,BusEq,0.40160323944439241,0.017241534817462434
ivv,20,Telcm,0.013366648647209396,0.12434622851801981
ivv,20,Utils,0.025973398825254224,0.18360651333647357
ivv,20,Shops,0.096881919443751463,0.048317627763159419
ivv,20,Hlth,0.084137454833252703,0.053984150081076467
ivv,20,Money,0.13282294138049083,0.11289600195203016
ivv,20,Other,0.086108797423745401,0.09417836726488138
ivv,20,Unmapped,0.0027606605040179006,0.059052784492254318
ivv,20,Unpriced,0.0042184698066843589,0.059052784492254311
ivv,21,NoDur,0.029808697721897304,-0.071427523015427152
ivv,21,Durbl,0.018969316577786364,0.43017915261755074
ivv,21,Manuf,0.054439720419404009,-0.021402106415764271
ivv,21,Enrgy,0.027181280916461395,-0.054614088782877677
ivv,21,Chems,0.024547070669301813,-0.08770917908604621
ivv,21,BusEq,0.39049790551984892,0.050944809488732548
ivv,21,Telcm,0.013834835157638677,-0.013382912403473838
ivv,21,Utils,0.028767901195661635,-0.020182632021195919
ivv,21,Shops,0.096090770714818655,0.06209863407724539
ivv,21,Hlth,0.08282935729917329,-0.085134981493709516
ivv,21,Money,0.13812502098441368,0.013384616039190399
ivv,21,Other,0.088398630030920355,0.032351756001379205
ivv,21,Unmapped,0.0025833844464581372,0.024137668210074285
ivv,21,Unpriced,0.003926108346215808,0.024137668210074282
ivv,22,NoDur,0.026844512849236918,0.096376225728639936
ivv,22,Durbl,0.026548184287375882,-0.31228972421576279
ivv,22,Manuf,0.052627108484027081,-0.016892217240569132
ivv,22,Enrgy,0.024944290712560237,0.10309912002635133
ivv,22,Chems,0.021719098307720026,0.029477648090891942
ivv,22,BusEq,0.40083284224739735,-0.12085423082393512
ivv,22,Telcm,0.013173525356891817,0.14535045588839757
ivv,22,Utils,0.027429540794215862,0.053398844943761202
ivv,22,Shops,0.099358244931070677,-0.042442081061625857
ivv,22,Hlth,0.073621009200365933,0.073441904550445858
ivv,22,Money,0.1377836537680098,0.039360043597477183
ivv,22,Other,0.088967644098268003,-0.0079983777915605906
ivv,22,Unmapped,0.0021060007587522852,-0.042805236370890003
ivv,22,Unpriced,0.0040443442041080083,-0.042805236370889989
ivv,23,NoDur,0.030480303980560244,0.0076674390892388531
ivv,23,Durbl,0.018873502329514659,0.1897617237359967
ivv,23,Manuf,0.053971163303332195,0.16493511854247028
ivv,23,Enrgy,0.028887363800229594,-0.088494760130720093
ivv,23,Chems,0.022996214349575217,-0.03419609484702324
ivv,23,BusEq,0.36791215560686313,0.22247351264246062
ivv,23,Telcm,0.015558174365541518,-0.013838407172219902
ivv,23,Utils,0.030129994661242832,0.030407751029927842
ivv,23,Shops,0.10001607494174573,0.075978216021196435
ivv,23,Hlth,0.08214394133659339,-0.037763893880582107
ivv,23,Money,0.14924277446370829,0.018417091953157549
ivv,23,Other,0.093400464952428666,0.10152084524939865
ivv,23,Unmapped,0.0019979242937016388,0.10935195418488296
ivv,23,Unpriced,0.0043899476149628774,0.10935195418488297
ivv,24,NoDur,0.027686054866116454,-0.026651405162949181
ivv,24,Durbl,0.020443820714452197,0.35144608756385765
ivv,24,Manuf,0.056491849510037107,0.081911474096421619
ivv,24,Enrgy,0.023309411272701613,0.073379069110300232
ivv,24,Chems,0.019919048294833701,-0.028155994922173001
ivv,24,BusEq,0.40581415492182277,0.14048030267364989
ivv,24,Telcm,0.013729750556365513,-0.0045495432208155478
ivv,24,Utils,0.028022786938763828,0.058594664565518095
ivv,24,Shops,0.097029821416665121,0.023948198158825561
ivv,24,Hlth,0.071121909309255951,0.037345819430303594
ivv,24,Money,0.13895312615950098,0.044710195029277505
ivv,24,Other,0.092400740121029279,-0.014892910008537891
ivv,24,Unmapped,0.0019869145969343932,0.081040142766889089
ivv,24,Unpriced,0.0030906113215210416,0.081040142766889076
ivv,25,NoDur,0.024595079969483357,0.0039777843539355474
ivv,25,Durbl,0.025426036463655783,0.029815478024549744
ivv,25,Manuf,0.055837527444670389,0.038642572422547782
ivv,25,Enrgy,0.023642856752859393,0.019908969916871071
ivv,25,Chems,0.017694721516518547,-0.038539516299656462
ivv,25,BusEq,0.43087883712544361,0.033198965012345726
ivv,25,Telcm,0.012626892067611074,-0.050274812319535504
ivv,25,Utils,0.02708858498453131,-0.012322174707734286
ivv,25,Shops,0.092381201940489183,0.010317458250566377
ivv,25,Hlth,0.067526484656608127,0.12760913177921618
ivv,25,Money,0.13520745167155115,0.017401555443432949
ivv,25,Other,0.083928076708726596,-0.017502030617785332
ivv,25,Unmapped,0.001572131034919579,0.026677024066462628
ivv,25,Unpriced,0.0015941176629318565,0.026677024066462635
ivv,26,NoDur,0.02372863687143674,0.058456737411784289
ivv,26,Durbl,0.025525154628343105,-0.15408854460839444
ivv,26,Manuf,0.057611714826577294,0.083981630020744977
ivv,26,Enrgy,0.023087495736456107,0.40089647121944166
ivv,26,Chems,0.015949952323634574,0.098160320023018333
ivv,26,BusEq,0.43436052928826185,-0.095760035849997496
ivv,26,Telcm,0.011514955299653063,0.11070111039646616
ivv,26,Utils,0.025967130140034947,0.10776634369555202
ivv,26,Shops,0.091691631520018788,-0.021330884336703645
ivv,26,Hlth,0.073805798066454459,-0.025044832113913815
ivv,26,Money,0.1335532829759549,-0.069099631401576544
ivv,26,Other,0.08059671798083734,-0.074504653856737019
ivv,26,Unmapped,0.001039704994631026,-0.043558828857327661
ivv,26,Unpriced,0.0015672953477058238,-0.043558828857327668
ivv,27,NoDur,0.025901998748956233,0.037579912640772456
ivv,27,Durbl,0.022531170583420673,0.12100878195642295
ivv,27,Manuf,0.064949547193324991,0.24505311182856807
ivv,27,Enrgy,0.033357829714789324,-0.15659754732785924
ivv,27,Chems,0.01816190129443452,0.013239601151692537
ivv,27,BusEq,0.41486684628322174,0.27167258464634619
ivv,27,Telcm,0.013267217094787054,-0.17903146468713133
ivv,27,Utils,0.029974826696510613,-0.0030649193660444497
ivv,27,Shops,0.093663864906610578,0.051171762743678822
ivv,27,Hlth,0.074533101072784144,0.051390488024854908
ivv,27,Money,0.12879671945803073,0.11693071737336432
ivv,27,Other,0.07744911002076213,0.042868029368198182
ivv,27,Unmapped,0.00083350913656530785,0.15226475052872562
ivv,27,Unpriced,0.0017123577958018956,0.1522647505287256
ivv,28,NoDur,0.022941228121974633,-0.0026155755220394908
ivv,28,Durbl,0.021894668545817338,-0.14318750779658165
ivv,28,Manuf,0.069898951171809026,-0.14166467486676659
ivv,28,Enrgy,0.024420017531265145,0.2206147318683368
ivv,28,Chems,0.015820831869922884,-0.032376724612740847
ivv,28,BusEq,0.4624932834218371,0.073287264703558772
ivv,28,Telcm,0.0092765709129566647,0.075933103577088254
ivv,28,Utils,0.025924324079096381,-0.1110747390506992
ivv,28,Shops,0.085467196815793622,-0.020240116755700827
ivv,28,Hlth,0.067509379963874419,0.063321157846400022
ivv,28,Money,0.12345621079407874,-0.024482983894685426
ivv,28,Other,0.069774110411275139,-0.0042579135802037838
ivv,28,Unmapped,0,
ivv,28,Unpriced,0.00112322636029891,0.02274844731306
iwf,1,NoDur,0.037307351685860149,0.05003674151719039
iwf,1,Durbl,0.0033807923762309549,0.54715259018233575
iwf,1,Manuf,0.05852653255616487,0.030040345424174771
iwf,1,Enrgy,0.00022801361469401566,0.035338032862753055
iwf,1,Chems,0.012931926891114002,0.0082478180945638087
iwf,1,BusEq,0.38984127166109628,0.14448802247538758
iwf,1,Telcm,0.014512615957582927,0.077687136717984148
iwf,1,Utils,0.0013093105411724772,0.0068751870754578366
iwf,1,Shops,0.12707956494880726,0.043882962330457201
iwf,1,Hlth,0.096122572941677586,0.13708350729951824
iwf,1,Money,0.066672317497635664,0.13144787911617695
iwf,1,Other,0.14687645518270462,0.085791901990900907
iwf,1,Unmapped,0.014843873637441263,0.10805684225076941
iwf,1,Unpriced,0.030367400507817967,0.10805684225076941
iwf,2,NoDur,0.03548570338203913,-0.19524169927876583
iwf,2,Durbl,0.0047575016768533077,0.13494076365785743
iwf,2,Manuf,0.053902436472691315,-0.27992418042857176
iwf,2,Enrgy,0.00019302389912767288,-0.71613786957880765
iwf,2,Chems,0.011825266344618248,-0.17237882584869776
iwf,2,BusEq,0.40607640051713778,-0.10973522992379969
iwf,2,Telcm,0.014059948895159515,-0.18864735829484661
iwf,2,Utils,0.0011673057030432573,-0.59229699999363961
iwf,2,Shops,0.12087759240873566,-0.09828004562632571
iwf,2,Hlth,0.10188012198921742,-0.11697367092306551
iwf,2,Money,0.068095286945361266,-0.15811489365943793
iwf,2,Other,0.14392780935144131,-0.18374271038026141
iwf,2,Unmapped,0.012891175361873015,-0.13766291959517263
iwf,2,Unpriced,0.024860427052701077,-0.13766291959517263
iwf,3,NoDur,0.03331476099950726,0.12874985096257441
iwf,3,Durbl,0.0064249585257950149,0.98975107832770293
iwf,3,Manuf,0.043869588445098036,0.18133416852910836
iwf,3,Enrgy,6.6977970926184754e-05,0.61096374473118753
iwf,3,Chems,0.011447362499019448,0.22203565682243118
iwf,3,BusEq,0.41928674915221442,0.32414628308039356
iwf,3,Telcm,0.013376259711813266,0.24978330718860975
iwf,3,Utils,0.00056712196260948384,0.49302830894389565
iwf,3,Shops,0.12847415008634494,0.33640779465775256
iwf,3,Hlth,0.10524191861276921,0.16737875930589946
iwf,3,Money,0.067715992047804707,0.1672492774115466
iwf,3,Other,0.13772565419198374,0.26571463686090491
iwf,3,Unmapped,0.010131021964354637,0.27852199783901105
iwf,3,Unpriced,0.022357483829759682,0.27852199783901105
iwf,4,NoDur,0.027641800524694397,0.098565905839217538
iwf,4,Durbl,0.011469901098048543,0.94425584461520451
iwf,4,Manuf,0.026554989389281049,0.152849663455739
iwf,4,Enrgy,0,
iwf,4,Chems,0.016480368163740652,0.14393002052657802
iwf,4,BusEq,0.45278892516711289,0.15319642945783718
iwf,4,Telcm,0.0094019827377707071,0.16207387080454
iwf,4,Utils,0.0009509211672512714,-0.043417498406714938
iwf,4,Shops,0.14276988460833398,0.14304176405325275
iwf,4,Hlth,0.10411545951576011,0.039480223570781299
iwf,4,Money,0.053387451945364831,0.034708840433206628
iwf,4,Other,0.12318125765884483,0.099887244401259484
iwf,4,Unmapped,0.01037953163174625,0.13370315490485543
iwf,4,Unpriced,0.020877526392050483,0.13370315490485543
iwf,5,NoDur,0.026761284146784109,0.09414560707453519
iwf,5,Durbl,0.01968654967819736,0.63310744624347792
iwf,5,Manuf,0.026986989897163707,0.14180088380530209
iwf,5,Enrgy,0,
iwf,5,Chems,0.016578468354644521,0.0431522689020397
iwf,5,BusEq,0.46030194632072491,0.1219745615260668
iwf,5,Telcm,0.0096966811958166688,0.22656025605329064
iwf,5,Utils,0.00080406943363910957,0.28488257037486958
iwf,5,Shops,0.14423763536237058,0.050214484789873629
iwf,5,Hlth,0.095575235730624819,0.076707895132419379
iwf,5,Money,0.048629969684651025,0.061356179944052347
iwf,5,Other,0.11964195708223326,0.11548688319509627
iwf,5,Unmapped,0.010594423066055847,0.11298518194297874
iwf,5,Unpriced,0.020504790047094233,0.11298518194297874
iwf,6,NoDur,0.026417648589315449,-0.018010590278688645
iwf,6,Durbl,0.029624193774520788,-0.049669533537884697
iwf,6,Manuf,0.027717194586094642,0.057509065017819889
iwf,6,Enrgy,0,
iwf,6,Chems,0.015474038267899405,0.010885364991866967
iwf,6,BusEq,0.4644183793536017,0.013908489848658346
iwf,6,Telcm,0.010559541629829626,-0.080405822290300064
iwf,6,Utils,0.00091768315361289029,0.16448067293331045
iwf,6,Shops,0.13573619843876475,0.00080094316062026029
iwf,6,Hlth,0.092320225154005259,0.0059587538848091754
iwf,6,Money,0.046345182683939952,0.063851039299120366
iwf,6,Other,0.11992929019998286,0.015763961198937245
iwf,6,Unmapped,0.011139204326162494,0.011434250084488213
iwf,6,Unpriced,0.019401219842270098,0.011434250084488215
iwf,7,NoDur,0.025611833394168785,0.045843700395111549
iwf,7,Durbl,0.028263682502902392,0.017897093418506784
iwf,7,Manuf,0.029096705776073959,0.10254332470731656
iwf,7,Enrgy,0,
iwf,7,Chems,0.015544942088861896,0.005800864253506695
iwf,7,BusEq,0.46534303838759405,0.15702600144749379
iwf,7,Telcm,0.0094259562760892028,0.17278379513228528
iwf,7,Utils,0.0010707540900339652,0.18419507175253444
iwf,7,Shops,0.13436507486128174,0.088965716204905662
iwf,7,Hlth,0.092355409038092987,0.11327136281685882
iwf,7,Money,0.048624123733812114,0.10418350433159626
iwf,7,Other,0.12076308397725628,0.084443868995391358
iwf,7,Unmapped,0.010990804301859508,0.12090013802343348
iwf,7,Unpriced,0.018544591571973103,0.12090013802343348
iwf,8,NoDur,0.027934318616446331,-0.032168896009338532
iwf,8,Durbl,0.025963527584783624,0.13707767263476023
iwf,8,Manuf,0.044468351534198938,-0.063035967612489752
iwf,8,Enrgy,0.00086121139062557363,-0.013902693760179271
iwf,8,Chems,0.010712893962319271,-0.061460867089295365
iwf,8,BusEq,0.47823400833141505,0.029078249761823959
iwf,8,Telcm,0.0090656507150291363,-0.13155002636415125
iwf,8,Utils,0.0012243418154514994,0.09841240909348653
iwf,8,Shops,0.14230249973250877,-0.0091160152348698231
iwf,8,Hlth,0.068698700427940074,0.054015422268826191
iwf,8,Money,0.03294314553860947,0.022213279319893871
iwf,8,Other,0.132812659350145,-0.021313655643914058
iwf,8,Unmapped,0.010782351989021119,0.012649049495978587
iwf,8,Unpriced,0.013996339011506079,0.012649049495978589
iwf,9,NoDur,0.026550955805926056,0.08410662603941628
iwf,9,Durbl,0.029976521343672638,0.35166844430277971
iwf,9,Manuf,0.041094554415408324,0.098522585934515169
iwf,9,Enrgy,0.00084608059751729544,0.10862433610644884
iwf,9,Chems,0.0098920476535809057,0.16701132809958016
iwf,9,BusEq,0.4896235788709391,0.1531006540129024
iwf,9,Telcm,0.0076678577032825435,-0.11438386868034237
iwf,9,Utils,0.0013125961776516545,0.046464972995784143
iwf,9,Shops,0.139384091951718,0.094277520115771798
iwf,9,Hlth,0.071380408358081876,0.067762586688963761
iwf,9,Money,0.033581201162693322,0.10334736949745456
iwf,9,Other,0.12887938895332354,0.019080626933825659
iwf,9,Unmapped,0.0096334602544058592,0.11897760701798228
iwf,9,Unpriced,0.010177256751798822,0.11897760701798227
iwf,10,NoDur,0.025703329106399695,-0.011848319353764626
iwf,10,Durbl,0.037088737630885861,0.01032825151745133
iwf,10,Manuf,0.040401016134126555,-0.065952863577384446
iwf,10,Enrgy,0.00083257977305747325,0.43192097559549153
iwf,10,Chems,0.010343106614837137,-0.20101673045721311
iwf,10,BusEq,0.50555666916089503,-0.10026887649997805
iwf,10,Telcm,0.0060221452948775378,-0.26101164407073763
iwf,10,Utils,0.0012311600065129729,0.31077196450148481
iwf,10,Shops,0.13670453053068865,-0.10461880148975929
iwf,10,Hlth,0.068418688414238996,-0.056815955311882993
iwf,10,Money,0.033037385365143557,-0.050535974599318328
iwf,10,Other,0.11776477543686106,-0.11524356824576532
iwf,10,Unmapped,0.0079518167627001396,-0.091156933183850944
iwf,10,Unpriced,0.0089440597687752942,-0.091156933183850944
iwf,11,NoDur,0.027838595823768075,-0.045624151932835144
iwf,11,Durbl,0.042546926124830471,-0.37193456318012252
iwf,11,Manuf,0.041385953139181947,-0.18441052620175161
iwf,11,Enrgy,0.0013090619852113086,-0.05776652796099508
iwf,11,Chems,0.0090664067891507178,-0.06608975071843097
iwf,11,BusEq,0.50291862691519995,-0.2267368571942
iwf,11,Telcm,0.0048609012007178364,-0.21822575994413379
iwf,11,Utils,0.0017595066607458409,-0.030778507303104507
iwf,11,Shops,0.1341207101778136,-0.23665591234139899
iwf,11,Hlth,0.070816312781204246,-0.12203265686767012
iwf,11,Money,0.035207959934388786,-0.14257200872248665
iwf,11,Other,0.11413297958499347,-0.21702179792394366
iwf,11,Unmapped,0.0064472066024409058,-0.21371785662479234
iwf,11,Unpriced,0.0075888522803529649,-0.21371785662479234
iwf,12,NoDur,0.030185085555712612,-0.04164811266535607
iwf,12,Durbl,0.033432767866084172,0.17097865770441217
iwf,12,Manuf,0.044548148758554285,-0.056341269234094368
iwf,12,Enrgy,0.0086618778004952449,0.018138500446310424
iwf,12,Chems,0.022174195821797808,-0.086129253875950912
iwf,12,BusEq,0.45725712846484451,-0.061372760982731034
iwf,12,Telcm,0.005675153693989912,-0.25985752151091407
iwf,12,Utils,0.0024692218166576809,0.11114201483794092
iwf,12,Shops,0.1211155594825965,0.033611964695883623
iwf,12,Hlth,0.073970395304290198,-0.047025829521833304
iwf,12,Money,0.072991346313297914,-0.029004929791437983
iwf,12,Other,0.10918643539712601,-0.041114207516703943
iwf,12,Unmapped,0.006972502687044,-0.035735868624400223
iwf,12,Unpriced,0.011360181037509158,-0.035735868624400216
iwf,13,NoDur,0.029901774106411604,0.12705625383809152
iwf,13,Durbl,0.040460693033402891,-0.53089935579522762
iwf,13,Manuf,0.043521494535385959,0.2523058383661122
iwf,13,Enrgy,0.0090084898164730174,0.13491229024941542
iwf,13,Chems,0.020928459747516021,0.13121870057229734
iwf,13,BusEq,0.44661807817721449,0.005748570286723099
iwf,13,Telcm,0.004268426415816459,-0.02102185905830696
iwf,13,Utils,0.0028122153352765989,0.050109632645653497
iwf,13,Shops,0.12978156171491695,-0.063803558746657815
iwf,13,Hlth,0.073067402770659609,0.14905709171200729
iwf,13,Money,0.073406859347280043,0.072944080291431151
iwf,13,Other,0.1084303351764417,0.11348601460715411
iwf,13,Unmapped,0.0069128647327463683,0.020515207630607209
iwf,13,Unpriced,0.010881345090458345,0.020515207630607209
iwf,14,NoDur,0.033200504470310747,0.024183368332264178
iwf,14,Durbl,0.019105491376934434,0.67005382030461202
iwf,14,Manuf,0.053353603279374814,0.040155560975594917
iwf,14,Enrgy,0.009955077074564625,-0.090304405083715386
iwf,14,Chems,0.023152673299744433,0.01541033776931636
iwf,14,BusEq,0.44131668984904188,0.2375816485880114
iwf,14,Telcm,0.0040591829511257413,0.29494153682908608
iwf,14,Utils,0.0028808110269879688,-0.041229221261995505
iwf,14,Shops,0.1196551621699672,0.10702254943248063
iwf,14,Hlth,0.082704158501837169,0.014424627735496982
iwf,14,Money,0.077508622356705359,-0.0423766150862298
iwf,14,Other,0.11845262336827349,0.09179383493777607
iwf,14,Unmapped,0.0053855436913840503,0.14484221471557324
iwf,14,Unpriced,0.0092698565837481487,0.14484221471557324
iwf,15,NoDur,0.029719281325174665,0.015760766682514242
iwf,15,Durbl,0.028055256687735158,0.25782764643224226
iwf,15,Manuf,0.048075203991707775,0.036614689288067687
iwf,15,Enrgy,0.0078763971830659966,-0.0058731345597474562
iwf,15,Chems,0.020562044972171969,0.010188625144145837
iwf,15,BusEq,0.47796855854532438,0.18604045962763702
iwf,15,Telcm,0.0045872498950879428,0.0015711796815777565
iwf,15,Utils,0.0025483781689902103,0.015344816874880611
iwf,15,Shops,0.11585623447554588,0.1423131632027845
iwf,15,Hlth,0.073562374746048834,0.072507949210860304
iwf,15,Money,0.064977890789962439,0.021835704823333951
iwf,15,Other,0.1130784804043547,0.07596306965262653
iwf,15,Unmapped,0.0050792766969071767,0.13215906936386151
iwf,15,Unpriced,0.0080533721179229297,0.13215906936386154
iwf,16,NoDur,0.022759909690666897,-0.067212860417593459
iwf,16,Durbl,0.033476775771140915,-0.043875768664495197
iwf,16,Manuf,0.033123232878427125,-0.055965708941936691
iwf,16,Enrgy,0.00097302905862324139,0.19792067096503796
iwf,16,Chems,0.0089066931163881407,-0.087292803529885485
iwf,16,BusEq,0.53008712721691942,-0.038236531377278574
iwf,16,Telcm,0.0032591827850310343,0.063785950064420519
iwf,16,Utils,0.0028324499722676942,0.12000986976189379
iwf,16,Shops,0.13415417780655264,-0.036466578043134579
iwf,16,Hlth,0.068818866385857297,0.0049970576210432412
iwf,16,Money,0.049229342466012148,0.023209468673537598
iwf,16,Other,0.10221562589681275,-0.026031265949467215
iwf,16,Unmapped,0.0034288059673363218,-0.031545211525578945
iwf,16,Unpriced,0.0067347809879642461,-0.031545211525578945
iwf,17,NoDur,0.021806985430720488,0.079076576974704882
iwf,17,Durbl,0.03309966546270475,-0.0062393948909717518
iwf,17,Manuf,0.032177214151087909,0.13825996678913405
iwf,17,Enrgy,0.0012112269682195091,-0.089851042585546742
iwf,17,Chems,0.0089309307683664591,0.074732389811971056
iwf,17,BusEq,0.52619844745066247,0.15848638488159425
iwf,17,Telcm,0.0035842658514120187,-0.0078594931957003556
iwf,17,Utils,0.0032452685561502027,0.047117102504049331
iwf,17,Shops,0.13323790278436601,0.16658623437969569
iwf,17,Hlth,0.071407476108462875,0.098012203903280845
iwf,17,Money,0.051869183680705713,0.10681414750388943
iwf,17,Other,0.10295121941167111,0.1543273776928131
iwf,17,Unmapped,0.0026345352155404422,0.14212942684045046
iwf,17,Unpriced,0.0076456781599299264,0.14212942684045046
iwf,18,NoDur,0.020712913277525405,0.017850118794060715
iwf,18,Durbl,0.029059155350720966,-0.29041515330857709
iwf,18,Manuf,0.031875868670271167,0.096510017113117894
iwf,18,Enrgy,0.00096713236773654173,0.066559164720029276
iwf,18,Chems,0.008419165575127549,0.10604538525687697
iwf,18,BusEq,0.53762538844866492,0.13591285894465022
iwf,18,Telcm,0.0031063221479061872,-0.016250859791372377
iwf,18,Utils,0.002970007707746543,0.10481371178506067
iwf,18,Shops,0.13631748899245813,0.14746144500911529
iwf,18,Hlth,0.069052689576544271,0.16664336115001244
iwf,18,Money,0.050384465957372775,0.041295494152756192
iwf,18,Other,0.10402371147447524,0.10399447731279444
iwf,18,Unmapped,0.0022575127245171153,0.11443007250113016
iwf,18,Unpriced,0.0032281777289331695,0.11443007250113013
iwf,19,NoDur,0.018920230785458975,-0.057030642817005137
iwf,19,Durbl,0.018604893255741752,0.12376736422328515
iwf,19,Manuf,0.031149673844513351,-0.03147874204491178
iwf,19,Enrgy,0.00090801739257024042,-0.11953908355279329
iwf,19,Chems,0.0083534521435084247,-0.031849793911409359
iwf,19,BusEq,0.54913446482524286,0.14792315860760061
iwf,19,Telcm,0.0027555565281350632,0.10689450539796203
iwf,19,Utils,0.0029301089937472176,0.11796213358136323
iwf,19,Shops,0.14073148827838511,0.011545667748659194
iwf,19,Hlth,0.072493510363889638,0.057428911680245297
iwf,19,Money,0.047099444650106861,0.010625354697464671
iwf,19,Other,0.10312610710556418,-0.043403409062007826
iwf,19,Unmapped,0.0017887289870327822,0.083868999696352323
iwf,19,Unpriced,0.0020043228461035195,0.083868999696352323
iwf,20,NoDur,0.016416190815707894,0.059355817808584309
iwf,20,Durbl,0.019342226053751459,0.32120065529986563
iwf,20,Manuf,0.027809015131495946,0.073740604626605047
iwf,20,Enrgy,0.00073440054938644851,-0.14881362845359256
iwf,20,Chems,0.0074866777160763724,0.084484990193734733
iwf,20,BusEq,0.58246259408224921,0.014530566317256303
iwf,20,Telcm,0.0028198244883336117,0.13602818952156731
iwf,20,Utils,0.0029991515111082705,0.10924227066313365
iwf,20,Shops,0.13144445506429969,0.033966898791487808
iwf,20,Hlth,0.070734531901083059,0.025194436700583103
iwf,20,Money,0.043815335168241307,0.14690245341770394
iwf,20,Other,0.091101256066397185,0.089720739594173829
iwf,20,Unmapped,0.0011289568843802285,0.039905966508297031
iwf,20,Unpriced,0.0017053845674893015,0.039905966508297037
iwf,21,NoDur,0.018132509326127616,-0.070696370516764695
iwf,21,Durbl,0.026772657552063185,0.53605621375433332
iwf,21,Manuf,0.020176031475862305,-0.03764023057291669
iwf,21,Enrgy,0.000378076283592157,-0.0046342785140170012
iwf,21,Chems,0.0085154630475605744,-0.064908046049931764
iwf,21,BusEq,0.60541688760915024,0.075083036086025443
iwf,21,Telcm,0.0023275191354739837,0.19819339814202708
iwf,21,Utils,0.0042615151757672805,0.13776732692113838
iwf,21,Shops,0.12240422233998474,0.091262014531685004
iwf,21,Hlth,0.069561685579777197,-0.096462765388866611
iwf,21,Money,0.034832859423555566,0.033852048017638393
iwf,21,Other,0.084634911369329241,0.078986937202623134
iwf,21,Unmapped,0.0012962617417972299,0.070768720075944203
iwf,21,Unpriced,0.0012893999399587438,0.070768720075944203
iwf,22,NoDur,0.015658160953342555,0.045935725982943598
iwf,22,Durbl,0.038540825781492073,-0.35452097675162819
iwf,22,Manuf,0.018176433112774351,-0.05561770951875674
iwf,22,Enrgy,0.0003503810054811408,-0.0091326756923003939
iwf,22,Chems,0.0074239150379044345,0.0063768049663349962
iwf,22,BusEq,0.60711724086677166,-0.13545909264228348
iwf,22,Telcm,0.0026122061784490448,0.1960937464301418
iwf,22,Utils,0.0044607357931435686,-0.0033196072187883078
iwf,22,Shops,0.12570406113164095,-0.068393023985365065
iwf,22,Hlth,0.058678099334212551,0.034333141076981967
iwf,22,Money,0.033672135840541337,-0.018379640781164677
iwf,22,Other,0.085100112743046491,0.029813140149557001
iwf,22,Unmapped,0.0013480649535490637,-0.10056962812822619
iwf,22,Unpriced,0.0011576272676507872,-0.10056962812822619
iwf,23,NoDur,0.018529421359217414,-0.026834411975424306
iwf,23,Durbl,0.028360114393973363,0.22448353471734633
iwf,23,Manuf,0.019570255272036458,0.18562867770084629
iwf,23,Enrgy,0.00040620077304545508,0.027961825703076232
iwf,23,Chems,0.0084791974282947945,-0.0074497582229048438
iwf,23,BusEq,0.5748420929587249,0.24053115087986163
iwf,23,Telcm,0.0035652761463183897,0.36363148492330016
iwf,23,Utils,0.0050499009369540538,0.25648620575425718
iwf,23,Shops,0.13041511148261131,0.094353437836489168
iwf,23,Hlth,0.068906652606181909,-0.025825383458275952
iwf,23,Money,0.037491264647408054,0.07713240285099611
iwf,23,Other,0.10170578816037235,0.12913342817487702
iwf,23,Unmapped,0.0012146629976559009,0.17733526413934539
iwf,23,Unpriced,0.0014640608372056994,0.17733526413934536
iwf,24,NoDur,0.011044203863838144,-0.015331712040926818
iwf,24,Durbl,0.030904485524201098,0.39632842151937986
iwf,24,Manuf,0.031003860513834709,0.13579350147971872
iwf,24,Enrgy,0.00026287889686668836,0.039504365623525835
iwf,24,Chems,0.0017358340317850502,-0.072054238697256023
iwf,24,BusEq,0.61212425757288758,0.14552093112231523
iwf,24,Telcm,0.0045879496005161611,-0.075302983515975072
iwf,24,Utils,0.0055362317853438394,-0.0047567821633865822
iwf,24,Shops,0.10873374836020437,0.0053771972007279883
iwf,24,Hlth,0.06207824657020005,0.027077340607153152
iwf,24,Money,0.029698984858607929,0.0098412122130142662
iwf,24,Other,0.10106664283975093,-0.023319286884557051
iwf,24,Unmapped,0.0010377545699337195,0.10520920917678807
iwf,24,Unpriced,0.0001849210120298025,0.10520920917678807
iwf,25,NoDur,0.010213694812596919,0.039218435983293123
iwf,25,Durbl,0.039987842115566927,0.012146429977926948
iwf,25,Manuf,0.033430476132026744,0.065678236760190606
iwf,25,Enrgy,0.00038728661591552689,-0.035726273723468316
iwf,25,Chems,0.0015134645645975124,-0.016885989757356841
iwf,25,BusEq,0.62717245289978141,0.0057024512098023819
iwf,25,Telcm,0.0040387977041940054,-0.11219623724139727
iwf,25,Utils,0.0051453971773424423,-0.07672847511682894
iwf,25,Shops,0.095906847682705562,-0.0083347629782662812
iwf,25,Hlth,0.060000717860035829,0.17729359063498168
iwf,25,Money,0.028205786079761763,-0.012229442543985098
iwf,25,Other,0.093069257701677302,-0.041458449567530989
iwf,25,Unmapped,0.00091071523598354118,0.01141654867326097
iwf,25,Unpriced,1.7263417814565681e-05,0.01141654867326097
iwf,26,NoDur,0.010958307200852956,0.013861942129086504
iwf,26,Durbl,0.038807282875351741,-0.17273602978316641
iwf,26,Manuf,0.036696294667385665,0.083743476866336236
iwf,26,Enrgy,0.00038356931577629427,0.31826478061454588
iwf,26,Chems,0.0015346898858093518,0.061147089623867425
iwf,26,BusEq,0.61000928618027217,-0.12007161125626029
iwf,26,Telcm,0.0037819206441195566,-0.12117250758118937
iwf,26,Utils,0.0048628209978869115,0.12166918415058238
iwf,26,Shops,0.098305952670464491,-0.031016239998565186
iwf,26,Hlth,0.073060878883756356,-0.092888011041271937
iwf,26,Money,0.028709858254067661,-0.13397074688803054
iwf,26,Other,0.091832108870170695,-0.084569805963916375
iwf,26,Unmapped,0.0010223409687330177,-0.097925501716929042
iwf,26,Unpriced,3.4688585353104655e-05,-0.097925501716929056
iwf,27,NoDur,0.012005690395493715,0.065496305415021078
iwf,27,Durbl,0.036202740317046296,0.13058891099179662
iwf,27,Manuf,0.043261590337437927,0.4475184814518503
iwf,27,Enrgy,0.00054668247453294207,-0.015529034379634257
iwf,27,Chems,0.0017611744023893216,0.071622579077009058
iwf,27,BusEq,0.60040924691750952,0.18091941781721982
iwf,27,Telcm,0.003600630183318132,-0.012200195440902504
iwf,27,Utils,0.0059961903623756176,0.01711228629013254
iwf,27,Shops,0.10552539114493406,0.05971194097545262
iwf,27,Hlth,0.071769389054175681,0.13068280879086422
iwf,27,Money,0.0268881712058377,0.056980897367277898
iwf,27,Other,0.091181577002760417,0.035529674700535523
iwf,27,Unmapped,0.00085152620218855108,0.15425965926084947
iwf,27,Unpriced,0,
iwf,28,NoDur,0.0058954024599225819,-0.010761543719769956
iwf,28,Durbl,0.037097997959789561,-0.15740149459055386
iwf,28,Manuf,0.08310780522512369,-0.20784069317294887
iwf,28,Enrgy,0.0017368842847103993,0.4626323710581558
iwf,28,Chems,0.0014919270979800246,-0.13357435564715595
iwf,28,BusEq,0.67775838180659442,0.054626744439371808
iwf,28,Telcm,0.0038164806294261832,-0.019782725853897665
iwf,28,Utils,0.0047703067565442181,-0.11131540926451423
iwf,28,Shops,0.04291923393925777,-0.054675409684196999
iwf,28,Hlth,0.048866811898348406,0.008788028296090232
iwf,28,Money,0.018045588765648293,-0.038572140404582365
iwf,28,Other,0.074262366286194634,-0.027513978313039679
iwf,28,Unmapped,2.1765787448141956e-05,0.0091912003224054514
iwf,28,Unpriced,0.00020904710301175044,0.0091912003224054496
jensen,1,NoDur,0.12170330389497713,0.023888397270209631
jensen,1,Durbl,0,
jensen,1,Manuf,0.11185759749463223,0.10747725144420855
jensen,1,Enrgy,0,
jensen,1,Chems,0.050336330236705328,-0.0084743973277478877
jensen,1,BusEq,0.27852364088232795,0.09986488983560203
jensen,1,Telcm,0,
jensen,1,Utils,0,
jensen,1,Shops,0.019850509210015271,0.10079440587269613
jensen,1,Hlth,0.23672252848963657,0.07967046339696171
jensen,1,Money,0.043222829533379532,0.35404703483268962
jensen,1,Other,0.13735341146402352,0.048896823306197983
jensen,1,Unmapped,0.0003571922742612675,0.085233918299904191
jensen,1,Unpriced,7.265652004117915e-05,0.085233918299904191
jensen,2,NoDur,0.12637948918556652,-0.18060212510156706
jensen,2,Durbl,0,
jensen,2,Manuf,0.11672065965138073,-0.31201312093594558
jensen,2,Enrgy,0,
jensen,2,Chems,0.027522337940210119,-0.15405197956188421
jensen,2,BusEq,0.28560258928282728,-0.11792393785220998
jensen,2,Telcm,0,
jensen,2,Utils,0,
jensen,2,Shops,0.015326654747279702,-0.21567378007394181
jensen,2,Hlth,0.24086342885968839,-0.16027966165358509
jensen,2,Money,0.044012828979146754,-0.14936545132770152
jensen,2,Other,0.14306130800757852,-0.2299236940529038
jensen,2,Unmapped,0.00043323989449100956,-0.17863150887732368
jensen,2,Unpriced,7.7463451830924563e-05,-0.17863150887732368
jensen,3,NoDur,0.12841729221490111,0.13178937650519804
jensen,3,Durbl,0,
jensen,3,Manuf,0.098749403835301952,0.14781240806192797
jensen,3,Enrgy,0,
jensen,3,Chems,0.013475394331165373,0.15768782267042919
jensen,3,BusEq,0.29357210686228408,0.27011821656244656
jensen,3,Telcm,0,
jensen,3,Utils,0,
jensen,3,Shops,0.018833652071897744,0.067183595334507004
jensen,3,Hlth,0.25573578204599468,0.077386920086504163
jensen,3,Money,0.04282417078502878,0.18858185879015896
jensen,3,Other,0.14780964217573178,0.2433582662963463
jensen,3,Unmapped,0.0003953896447340036,0.17815076129384744
jensen,3,Unpriced,0.00018716603296048726,0.17815076129384744
jensen,4,NoDur,0.12594613098622776,0.060479462096089627
jensen,4,Durbl,0,
jensen,4,Manuf,0.048789094015562362,0.24552404236356065
jensen,4,Enrgy,0,
jensen,4,Chems,0.025730244448043831,0.15150919255821921
jensen,4,BusEq,0.31530098711228588,0.10368652447245991
jensen,4,Telcm,0,
jensen,4,Utils,0,
jensen,4,Shops,0.035718060145729154,0.13962971553618522
jensen,4,Hlth,0.24424079198730872,0.06149943216094813
jensen,4,Money,0.045517865396007058,0.061172658043362138
jensen,4,Other,0.15813621912139003,0.133392281709792
jensen,4,Unmapped,0.00041852427498231896,0.10013559925041242
jensen,4,Unpriced,0.00020208251246287177,0.10013559925041242
jensen,5,NoDur,0.12565131831584039,0.071649121685875727
jensen,5,Durbl,0,
jensen,5,Manuf,0.049375688456780531,0.13159638075170485
jensen,5,Enrgy,0,
jensen,5,Chems,0.026065222850719317,0.01417278083642144
jensen,5,BusEq,0.29099964699634639,0.15286120579430096
jensen,5,Telcm,0,
jensen,5,Utils,0,
jensen,5,Shops,0.060411902556818303,0.14608031688483752
jensen,5,Hlth,0.24350555216725198,0.096696367937220154
jensen,5,Money,0.039637216772146995,0.13027875993970497
jensen,5,Other,0.16377278966341524,0.1225243529837021
jensen,5,Unmapped,0.00032988346450275874,0.1180221079644506
jensen,5,Unpriced,0.00025077875617811758,0.11802210796445062
jensen,6,NoDur,0.11285951694497198,-0.014268603877051138
jensen,6,Durbl,0,
jensen,6,Manuf,0.045270438998879663,-0.053269061447273815
jensen,6,Enrgy,0,
jensen,6,Chems,0.022846328436125215,-0.020327460598144772
jensen,6,BusEq,0.30503576009739514,0.053093189536419838
jensen,6,Telcm,0,
jensen,6,Utils,0,
jensen,6,Shops,0.069142982226914271,0.053132634026613342
jensen,6,Hlth,0.24757328288812933,0.027607632923862094
jensen,6,Money,0.041925505721068755,0.066499269187117641
jensen,6,Other,0.15464011311727199,0.02136079566809989
jensen,6,Unmapped,0.00045685034414567904,0.028328966760378813
jensen,6,Unpriced,0.00024922122509796928,0.028328966760378809
jensen,7,NoDur,0.095997685684645895,0.036497944790801137
jensen,7,Durbl,0,
jensen,7,Manuf,0.041794720836110424,0.16145811491292469
jensen,7,Enrgy,0,
jensen,7,Chems,0.026819433240746319,-0.00050561196170021468
jensen,7,BusEq,0.31220968554736145,0.11447375117909096
jensen,7,Telcm,0,
jensen,7,Utils,0,
jensen,7,Shops,0.071992584078537605,0.03561410172087609
jensen,7,Hlth,0.24853553231693226,0.036680498903746472
jensen,7,Money,0.043705423048574457,0.081208433377874756
jensen,7,Other,0.15802282522318928,0.12162404527006883
jensen,7,Unmapped,0.00056385835922817648,0.080501282461722889
jensen,7,Unpriced,0.00035825166467420177,0.080501282461722889
jensen,8,NoDur,0.076968417718094512,0.014184286888442157
jensen,8,Durbl,0.00024642722092060556,0.00033329747860455505
jensen,8,Manuf,0.045706015121457409,-0.058562547232490283
jensen,8,Enrgy,0,
jensen,8,Chems,0.025213940541290503,0.034430055204456841
jensen,8,BusEq,0.32365068061067398,0.060111759299314692
jensen,8,Telcm,0,
jensen,8,Utils,0,
jensen,8,Shops,0.07425371318440796,0.0031941374506776537
jensen,8,Hlth,0.24031694424805164,-0.0055043047370566811
jensen,8,Money,0.054422253987647357,0.0036098304574906691
jensen,8,Other,0.15819365597641555,0.025472563185834057
jensen,8,Unmapped,0.00060786892520249959,0.021901458270638784
jensen,8,Unpriced,0.00042008246583797801,0.021901458270638788
jensen,9,NoDur,0.076670055680273574,0.15592331646068572
jensen,9,Durbl,0.0003671035309592493,0.060456172606724312
jensen,9,Manuf,0.042565155331374699,0.14437003481795743
jensen,9,Enrgy,0,
jensen,9,Chems,0.029059088458325194,0.17270503771393242
jensen,9,BusEq,0.33842691463028779,0.16722992519450933
jensen,9,Telcm,0,
jensen,9,Utils,0,
jensen,9,Shops,0.075979973924083247,0.15543996051110112
jensen,9,Hlth,0.22833237556861835,0.089976265752397561
jensen,9,Money,0.05451661717819542,0.24937967281276735
jensen,9,Other,0.1532995509358922,0.17148913493409856
jensen,9,Unmapped,0.00078316476199031908,0.15209421158009107
jensen,9,Unpriced,0,
jensen,10,NoDur,0.07800241795707441,-0.023330432177811018
jensen,10,Durbl,0.00034415715554110944,-0.16014536598323648
jensen,10,Manuf,0.042871887428556285,-0.1812130092513668
jensen,10,Enrgy,0,
jensen,10,Chems,0.030055969822703536,-0.073415716618292631
jensen,10,BusEq,0.33768937693847606,-0.068774637150053206
jensen,10,Telcm,0,
jensen,10,Utils,0,
jensen,10,Shops,0.07529562474048504,-0.22561097497929747
jensen,10,Hlth,0.21672242467151304,-0.029234485810504807
jensen,10,Money,0.062150803676548787,0.0066221153457135962
jensen,10,Other,0.15608103410790014,-0.11213420949046674
jensen,10,Unmapped,0.00078630350120156259,-0.075548079223084888
jensen,10,Unpriced,0,
jensen,11,NoDur,0.065763352252636395,0.0019807239276318322
jensen,11,Durbl,0.00042633333044883836,-0.037011123310375149
jensen,11,Manuf,0.044929938103711119,-0.23580463342479432
jensen,11,Enrgy,0,
jensen,11,Chems,0.029768883321482038,-0.058830665707049624
jensen,11,BusEq,0.34119713802397972,-0.18265990849824787
jensen,11,Telcm,0,
jensen,11,Utils,0,
jensen,11,Shops,0.069955667301553948,-0.11018662397152569
jensen,11,Hlth,0.21465775019537481,-0.082731106787850256
jensen,11,Money,0.064683680810539101,-0.021927369158731017
jensen,11,Other,0.16772259075789908,-0.14247129419099222
jensen,11,Unmapped,0.00089466590237496392,-0.12544785234485129
jensen,11,Unpriced,0,
jensen,12,NoDur,0.069687353168967556,-0.016471667723407975
jensen,12,Durbl,0.00045363442297204716,-0.14396033908752859
jensen,12,Manuf,0.053726375000703631,-0.2087356982056916
jensen,12,Enrgy,0,
jensen,12,Chems,0.031431898711711349,-0.11638616111560574
jensen,12,BusEq,0.31682200610386635,-0.039610339928377286
jensen,12,Telcm,0,
jensen,12,Utils,0,
jensen,12,Shops,0.070542884512291668,0.079480060577416176
jensen,12,Hlth,0.21108892790954331,-0.084452361411307963
jensen,12,Money,0.074078004591310143,-0.021529565213949473
jensen,12,Other,0.17116976092803671,-0.054018207784874019
jensen,12,Unmapped,0.0009991546505971915,-0.05174851147967556
jensen,12,Unpriced,0,
jensen,13,NoDur,0.071068870305581858,0.11251760266024244
jensen,13,Durbl,0.00040669006019883748,0.14940198329286858
jensen,13,Manuf,0.049132774812317329,0.30915326504668361
jensen,13,Enrgy,0,
jensen,13,Chems,0.028934735040990353,0.19837745900533588
jensen,13,BusEq,0.32118203812854296,0.010182431871728711
jensen,13,Telcm,0,
jensen,13,Utils,0,
jensen,13,Shops,0.081882994137567125,0.20160004171315807
jensen,13,Hlth,0.18980407989378337,0.14923788656131143
jensen,13,Money,0.082449225137869675,0.074059618549827663
jensen,13,Other,0.17419676100540749,0.075888001688372245
jensen,13,Unmapped,0.00094183147774099083,0.096507301050740055
jensen,13,Unpriced,0,
jensen,14,NoDur,0.072254351474581646,0.015779119302290017
jensen,14,Durbl,0.00041780853413231806,0.032260471860838358
jensen,14,Manuf,0.059799733744149271,0.055007697528367254
jensen,14,Enrgy,0,
jensen,14,Chems,0.032321308866426965,-0.005864057806452533
jensen,14,BusEq,0.28996551650902014,0.14332091055130125
jensen,14,Telcm,0,
jensen,14,Utils,0,
jensen,14,Shops,0.087888074904773406,0.0037161748183849996
jensen,14,Hlth,0.18115774168076118,-0.033546894784798227
jensen,14,Money,0.092200774124692186,-0.062371305769338761
jensen,14,Other,0.18302543380760003,0.073488842140830041
jensen,14,Unmapped,0.00096925635386285898,0.047806931690762881
jensen,14,Unpriced,0,
jensen,15,NoDur,0.06996940442652258,0.020298239389354687
jensen,15,Durbl,0.00042340997610655336,0.048458202753687063
jensen,15,Manuf,0.060299780625871574,-0.057295090766814709
jensen,15,Enrgy,0,
jensen,15,Chems,0.030840035399132368,0.031888505150881791
jensen,15,BusEq,0.31827292862405276,0.10662417438303357
jensen,15,Telcm,0,
jensen,15,Utils,0,
jensen,15,Shops,0.081684456134094127,0.01743925441731161
jensen,15,Hlth,0.15617173967871911,0.033365116448064884
jensen,15,Money,0.088115599843097414,0.069292377165147717
jensen,15,Other,0.19318892198711374,0.084050711696751448
jensen,15,Unmapped,0.0010337233052897833,0.061947569576483362
jensen,15,Unpriced,0,
jensen,16,NoDur,0.066820532212485226,-0.079218386880597638
jensen,16,Durbl,0.00040754103973743137,0.11664386854407671
jensen,16,Manuf,0.054278885677193044,-0.1271395473752554
jensen,16,Enrgy,0,
jensen,16,Chems,0.029807717797940812,-0.037546234790550422
jensen,16,BusEq,0.34561386233303926,-0.0079770244196336153
jensen,16,Telcm,0,
jensen,16,Utils,0,
jensen,16,Shops,0.072972295920884334,-0.036343555043706267
jensen,16,Hlth,0.14130469265343756,-0.077088331424071441
jensen,16,Money,0.089085230715847202,0.035225954899482992
jensen,16,Other,0.19870097249950427,-0.054137304107346712
jensen,16,Unmapped,0.0010082691499308529,-0.037224579038948602
jensen,16,Unpriced,0,
jensen,17,NoDur,0.067701150266233329,0.011689935430542355
jensen,17,Durbl,0.00039811643267183202,0.0074811054243288932
jensen,17,Manuf,0.051977822872934593,0.14191777922312071
jensen,17,Enrgy,0,
jensen,17,Chems,0.029944596149651059,0.019728062659850953
jensen,17,BusEq,0.37328354798522295,0.12784440614937068
jensen,17,Telcm,0,
jensen,17,Utils,0,
jensen,17,Shops,0.067548378794863292,0.096034350109419409
jensen,17,Hlth,0.11780451934207424,0.017967683494271049
jensen,17,Money,0.1017789310796693,0.026397661744478416
jensen,17,Other,0.18863729550609518,0.17472992611005761
jensen,17,Unmapped,0.00092564157058425665,0.10082821626928072
jensen,17,Unpriced,0,
jensen,18,NoDur,0.063902971477730205,0.039712869530244395
jensen,18,Durbl,0.00038300465609109611,0.11018822843293163
jensen,18,Manuf,0.055690675710263149,-0.049813823725132884
jensen,18,Enrgy,0,
jensen,18,Chems,0.028496026841000256,0.11622436889218124
jensen,18,BusEq,0.38639404453629755,0.059205542049945097
jensen,18,Telcm,0,
jensen,18,Utils,0,
jensen,18,Shops,0.066195942598232263,0.033850106943034863
jensen,18,Hlth,0.10627752031812401,0.098115856919576402
jensen,18,Money,0.097557616493202381,0.0084749389010789454
jensen,18,Other,0.19416764360550187,0.057691753859130418
jensen,18,Unmapped,0.00093455376355720148,0.050738743596276115
jensen,18,Unpriced,0,
jensen,19,NoDur,0.043564500292053505,-0.048530756833845251
jensen,19,Durbl,0.00042714839343669725,-0.063604079992025109
jensen,19,Manuf,0.051134651382416872,-0.1578040648480882
jensen,19,Enrgy,0,
jensen,19,Chems,0.031684965601487577,0.022916381285607457
jensen,19,BusEq,0.39406984754919283,0.11571579925322339
jensen,19,Telcm,0,
jensen,19,Utils,0,
jensen,19,Shops,0.071766050976048656,-0.1156798319524604
jensen,19,Hlth,0.10578917964319644,-0.037052376580699375
jensen,19,Money,0.10229518848156387,0.029454850035233109
jensen,19,Other,0.1982899187965208,-0.073147018379961404
jensen,19,Unmapped,0.00097854888408271837,0.012414866145503202
jensen,19,Unpriced,0,
jensen,20,NoDur,0.038937552175635916,0.044039369716208872
jensen,20,Durbl,0.00042706795240868138,-0.11611164444864552
jensen,20,Manuf,0.037785782431548114,0.15802143097912344
jensen,20,Enrgy,0,
jensen,20,Chems,0.02993093760735965,0.05937747952740912
jensen,20,BusEq,0.43208362038136344,0.0031423807191559225
jensen,20,Telcm,0,
jensen,20,Utils,0,
jensen,20,Shops,0.069072468091036537,0.22762241503994157
jensen,20,Hlth,0.10908756298793887,0.093845508826945534
jensen,20,Money,0.096406497909929847,0.099982096831791767
jensen,20,Other,0.18579440669263558,0.12673214488299461
jensen,20,Unmapped,0.0004741037701433397,0.069949186481767955
jensen,20,Unpriced,0,
jensen,21,NoDur,0.039286166894478391,-0.10083635092780487
jensen,21,Durbl,0.00042727903504648473,-0.028268291205968632
jensen,21,Manuf,0.041379699993590986,-0.14519810787460297
jensen,21,Enrgy,0,
jensen,21,Chems,0.030716157697292197,-0.030408371203786606
jensen,21,BusEq,0.40052221540362648,0.017013858532519358
jensen,21,Telcm,0,
jensen,21,Utils,0,
jensen,21,Shops,0.078871982785602798,-0.030369029387649894
jensen,21,Hlth,0.11812887627064038,-0.070400977561818623
jensen,21,Money,0.09299387202270043,-0.077140804503818619
jensen,21,Other,0.19757841601897153,-0.0034134960616817437
jensen,21,Unmapped,9.5333878050349351e-05,-0.02266327607197972
jensen,21,Unpriced,0,
jensen,22,NoDur,0.037439433360662813,-0.0042964163453160864
jensen,22,Durbl,0.00046524593024555098,-0.1854723671066747
jensen,22,Manuf,0.026455305394662409,-0.14135071155507389
jensen,22,Enrgy,0,
jensen,22,Chems,0.030530369666933496,0.023108694649752751
jensen,22,BusEq,0.41937045540121243,-0.064608273944227218
jensen,22,Telcm,0,
jensen,22,Utils,0,
jensen,22,Shops,0.070846437704660772,0.0095470091760935759
jensen,22,Hlth,0.11318613699222807,0.052863718384467524
jensen,22,Money,0.09185294313254759,0.11139027922175521
jensen,22,Other,0.20943869792089942,-0.0031990322413952745
jensen,22,Unmapped,0.00041497449594742281,-0.014160446902704765
jensen,22,Unpriced,0,
jensen,23,NoDur,0.020476289673435507,-0.10378140917522312
jensen,23,Durbl,0.00041620491297869453,-0.050754727480936894
jensen,23,Manuf,0.019227212162935166,0.12753521464838155
jensen,23,Enrgy,0,
jensen,23,Chems,0.033195148461534325,-0.055533280912425251
jensen,23,BusEq,0.4024438571321507,0.17887663397587397
jensen,23,Telcm,0,
jensen,23,Utils,0,
jensen,23,Shops,0.079490458801910885,-0.056390624199008019
jensen,23,Hlth,0.13062981351731984,0.018332259778101379
jensen,23,Money,0.10685162683834754,-0.1990080495930209
jensen,23,Other,0.20681450340298368,0.0023411544966595766
jensen,23,Unmapped,0.00045488509640371198,0.047604059405275241
jensen,23,Unpriced,0,
jensen,24,NoDur,0.0042264170562446666,0.038613732986662784
jensen,24,Durbl,0.00041632997183290143,0.2937012895684894
jensen,24,Manuf,0.0041046096584137319,0.023748902503897915
jensen,24,Enrgy,0,
jensen,24,Chems,0.031811427796627711,-0.027092287165455652
jensen,24,BusEq,0.46185339745446108,0.111738189513601
jensen,24,Telcm,0,
jensen,24,Utils,0,
jensen,24,Shops,0.080016816272721364,-0.0057806094102858243
jensen,24,Hlth,0.16348584988624504,-0.028101529353101888
jensen,24,Money,0.063257015694433885,-0.071800684044001792
jensen,24,Other,0.19027688542358068,-0.048401532232229087
jensen,24,Unmapped,0.00055125078543896569,0.03233726024843378
jensen,24,Unpriced,0,
jensen,25,NoDur,0.0042144828431304546,0.0058952173898841583
jensen,25,Durbl,0.00046893129032444267,-0.17401644016248308
jensen,25,Manuf,0.004571804554919871,0.030121219520370307
jensen,25,Enrgy,0,
jensen,25,Chems,0.032892462777570193,-0.061113039323565065
jensen,25,BusEq,0.50673238660644659,0.0041111475520368215
jensen,25,Telcm,0,
jensen,25,Utils,0,
jensen,25,Shops,0.08023452741355451,-0.067076767284914837
jensen,25,Hlth,0.1599343073170639,0.066870255148385543
jensen,25,Money,0.061222672642048455,-0.074153431453650831
jensen,25,Other,0.1491523212574232,-0.039009160417704566
jensen,25,Unmapped,0.00057610329751840304,-0.0048939772015543946
jensen,25,Unpriced,0,
jensen,26,NoDur,0.003863345334730801,0.042121872783829513
jensen,26,Durbl,0.0004889099759719525,-0.056397344869214439
jensen,26,Manuf,0.0053167497472364281,-0.00068192734531761785
jensen,26,Enrgy,0,
jensen,26,Chems,0.03484529799162675,0.022251274511166961
jensen,26,BusEq,0.54608175133439052,-0.11207471538746054
jensen,26,Telcm,0,
jensen,26,Utils,0,
jensen,26,Shops,0.11118930701599379,-0.050163579380172879
jensen,26,Hlth,0.12325551244658214,-0.12302764796064143
jensen,26,Money,0.032957598455247525,-0.062186161491373147
jensen,26,Other,0.14123927772552886,-0.11990374341784518
jensen,26,Unmapped,0.00076224997269127605,-0.10009748547451755
jensen,26,Unpriced,0,
jensen,27,NoDur,0.0049407985353656448,0.00096333915491062666
jensen,27,Durbl,0.00057519486520950052,0.1630558385908194
jensen,27,Manuf,0.0056828049954623415,0.041990844808220157
jensen,27,Enrgy,0,
jensen,27,Chems,0.035624911841601235,0.026518819179264793
jensen,27,BusEq,0.52741352896887861,0.19918799217677244
jensen,27,Telcm,0,
jensen,27,Utils,0,
jensen,27,Shops,0.12168608851328594,0.051817004205838367
jensen,27,Hlth,0.12114647458362039,0.065836918210602821
jensen,27,Money,0.041636351461199719,-0.026285791565787035
jensen,27,Other,0.14072406514469182,-0.051120840124583088
jensen,27,Unmapped,0.0005697810906847569,0.11239332860630345
jensen,27,Unpriced,0,
jensen,28,NoDur,0.019573678746352494,0.096595989275750652
jensen,28,Durbl,0.00066448066565287999,-0.13537546581200632
jensen,28,Manuf,0.0066198338175002753,0.0082418406101686641
jensen,28,Enrgy,0,
jensen,28,Chems,0.039499103742467526,-0.011992423904755238
jensen,28,BusEq,0.50000081877167224,0.063694427338655366
jensen,28,Telcm,0,
jensen,28,Utils,0,
jensen,28,Shops,0.15110412230291348,-0.029535267943819516
jensen,28,Hlth,0.12709694052409773,-0.038181931023402109
jensen,28,Money,0.042834867291132256,0.018356315626048912
jensen,28,Other,0.11209872709115921,0.015080675125481287
jensen,28,Unmapped,0.00050742704705188731,0.026403425207520415
jensen,28,Unpriced,0,
polen,1,NoDur,2.3214266714513849e-05,0.068586212397191426
polen,1,Durbl,7.9039050956559054e-05,0.11776988783233566
polen,1,Manuf,0.045681024828809751,0.081498965471059448
polen,1,Enrgy,0,
polen,1,Chems,0.00088264879573458118,-0.04155111902398223
polen,1,BusEq,0.42080317033187237,0.11698985364491428
polen,1,Telcm,0,
polen,1,Utils,0,
polen,1,Shops,0.11722670394214636,0.02867633888906326
polen,1,Hlth,0.10644621035616995,0.22472587787561776
polen,1,Money,8.2171134560898228e-05,0.031183203194475817
polen,1,Other,0.30859894668949583,0.092990181372579875
polen,1,Unmapped,0.0001351401955166342,0.10892823447299119
polen,1,Unpriced,4.1730408022518945e-05,0.1089282344729912
polen,2,NoDur,2.4337815495178257e-05,-0.41956385086171799
polen,2,Durbl,8.7348341049037825e-05,-0.39629150231080623
polen,2,Manuf,0.043455327092954667,-0.18114512084658818
polen,2,Enrgy,0,
polen,2,Chems,0.00084855487131813251,-0.10872555603600165
polen,2,BusEq,0.40720359169447234,-0.090714996623649527
polen,2,Telcm,0,
polen,2,Utils,0,
polen,2,Shops,0.10614418391386177,-0.19174329924266492
polen,2,Hlth,0.14456363104139505,-0.092661482677302093
polen,2,Money,8.384338056510439e-05,-0.4296026206666661
polen,2,Other,0.29747619610025494,-0.18027314659362337
polen,2,Unmapped,0.00011298574863376443,-0.13237414124421731
polen,2,Unpriced,0,
polen,3,NoDur,4.1344109583668721e-05,1.1890368104597746
polen,3,Durbl,0.00014897762047252715,0.73840286415726097
polen,3,Manuf,0.031520306638805451,0.18809742579649358
polen,3,Enrgy,0,
polen,3,Chems,0.0008219365164451076,0.094636040674555444
polen,3,BusEq,0.49080828905580204,0.30954093223951895
polen,3,Telcm,0,
polen,3,Utils,0,
polen,3,Shops,0.056858996456553852,0.21142320284728394
polen,3,Hlth,0.16803608364646544,0.24416080377548685
polen,3,Money,8.8458173600315356e-05,0.33145436621933522
polen,3,Other,0.25149864805195493,0.30609841957858025
polen,3,Unmapped,0.00017695973031666811,0.28820388928491436
polen,3,Unpriced,0,
polen,4,NoDur,8.8705850252072713e-05,0.060613156572300264
polen,4,Durbl,0.00029365112131146112,-0.045284565893309855
polen,4,Manuf,0.020897617369929268,0.28320344663408514
polen,4,Enrgy,0,
polen,4,Chems,0.00081739343102804304,0.10454043272244194
polen,4,BusEq,0.50632489335199371,0.093890040810082911
polen,4,Telcm,0,
polen,4,Utils,0,
polen,4,Shops,0.060864242209344471,0.13615898451057515
polen,4,Hlth,0.15961111113461823,0.13311853668870807
polen,4,Money,0.00027708866613662783,0.023161153504857594
polen,4,Other,0.25055440400821088,0.089020309347942903
polen,4,Unmapped,0.00027089285717523943,0.10540848532452604
polen,4,Unpriced,0,
polen,5,NoDur,9.882561734383968e-05,0.51081204063915209
polen,5,Durbl,0.00029602217395442964,0.29409832995346147
polen,5,Manuf,0.024085742014963669,0.12955736788191627
polen,5,Enrgy,0,
polen,5,Chems,0.0020518284330581882,0.12973434405463005
polen,5,BusEq,0.46288424075353957,0.087972804348404848
polen,5,Telcm,0,
polen,5,Utils,0,
polen,5,Shops,0.062481567150161531,0.12615024909154654
polen,5,Hlth,0.17765639180690432,0.079719874677426777
polen,5,Money,0.030806392163960337,0.12504345845709772
polen,5,Other,0.23933577310023396,0.13478671183685587
polen,5,Unmapped,0.00030321678588013812,0.10243273321896859
polen,5,Unpriced,0,
polen,6,NoDur,0.00016779895723937954,0.054622430218953751
polen,6,Durbl,0.00041189973884515657,0.097004022201529511
polen,6,Manuf,0.024198017639569143,-0.05599144445631412
polen,6,Enrgy,0,
polen,6,Chems,0.0021758798873595482,0.030503759169725041
polen,6,BusEq,0.4637059126943559,0.030720003136471524
polen,6,Telcm,7.9694049201200758e-06,0.064968783180612277
polen,6,Utils,0,
polen,6,Shops,0.063360649262539606,-0.00025770900203221062
polen,6,Hlth,0.17191281982174555,0.0072682351838667895
polen,6,Money,0.030823009507523307,0.062886831384859329
polen,6,Other,0.24294370765527559,0.018634656529735016
polen,6,Unmapped,0.0002923354306266787,0.020710939615840945
polen,6,Unpriced,0,
polen,7,NoDur,0.00021283625836150471,0.27156904665531711
polen,7,Durbl,0.00053095554916205139,0.17441284906655274
polen,7,Manuf,0.022632795080198519,0.16348022231098336
polen,7,Enrgy,0,
polen,7,Chems,0.0017069832050636553,0.08095904133272884
polen,7,BusEq,0.46588413921455801,0.17004048319133896
polen,7,Telcm,2.542167158167302e-05,-0.24450956038099128
polen,7,Utils,0,
polen,7,Shops,0.08023908958498166,0.077795299082439914
polen,7,Hlth,0.1356527817737179,0.094586341214219744
polen,7,Money,0.033254895526145439,0.078168600008776221
polen,7,Other,0.25920572448392432,0.10988827885828406
polen,7,Unmapped,0.00065437765230525781,0.13344517098043956
polen,7,Unpriced,0,
polen,8,NoDur,0.00024531309323494666,-0.066761024545761494
polen,8,Durbl,0.00056649897924092047,-0.052910271911061263
polen,8,Manuf,0.024281189549041765,-0.054867134449865539
polen,8,Enrgy,0,
polen,8,Chems,0.0015845770413525106,-0.05890585657923271
polen,8,BusEq,0.48331357742669134,0.027766223269333267
polen,8,Telcm,1.6469106961908986e-05,-0.53165372810474909
polen,8,Utils,0,
polen,8,Shops,0.078466102613796648,-0.030542933410725857
polen,8,Hlth,0.13203053249869942,0.047130478564796768
polen,8,Money,0.033339657981076687,0.0040310690973840244
polen,8,Other,0.24555829142743535,0.020979029924646897
polen,8,Unmapped,0.00059779028246854764,0.021063743855011832
polen,8,Unpriced,0,
polen,9,NoDur,0.00024036824900227358,-0.033376129406778809
polen,9,Durbl,0.00055700542782997464,0.14645425594831421
polen,9,Manuf,0.022685547202961787,0.14426518764881763
polen,9,Enrgy,0,
polen,9,Chems,0.00054694879319466794,0.00770159838500692
polen,9,BusEq,0.44352252713685592,0.033011207431644152
polen,9,Telcm,9.3225737130214513e-06,-0.055172414269022196
polen,9,Utils,0,
polen,9,Shops,0.096768920741423556,0.028321055337447217
polen,9,Hlth,0.12480857985087186,0.1537575645703583
polen,9,Money,0.033585599486450977,0.247594035561995
polen,9,Other,0.27648006409819975,0.024054472003286635
polen,9,Unmapped,0.00079511643949622133,0.054931914730834419
polen,9,Unpriced,0,
polen,10,NoDur,0.00031829856792016739,-0.27586625357590444
polen,10,Durbl,0.00073073113629548378,-0.3512596784664116
polen,10,Manuf,0.024233239595757291,-0.18926057376472918
polen,10,Enrgy,0,
polen,10,Chems,0.00047098915752354071,-0.14474469029470893
polen,10,BusEq,0.4196668771747491,-0.1533363171065702
polen,10,Telcm,1.358929449825402e-05,-0.28905118882683833
polen,10,Utils,0,
polen,10,Shops,0.10950747357444941,-0.070428303627705621
polen,10,Hlth,0.13609586052955985,-0.20013153745116299
polen,10,Money,0.039144995857364882,0.017961632453560784
polen,10,Other,0.26900584618504325,-0.12701342616084052
polen,10,Unmapped,0.00081209892683879953,-0.13787887243109317
polen,10,Unpriced,0,
polen,11,NoDur,0.00035307791336576207,-0.27859285115042254
polen,11,Durbl,0.00049183729902659327,-0.17607371544742736
polen,11,Manuf,0.022970643008494041,-0.23966317646959637
polen,11,Enrgy,0,
polen,11,Chems,0.00048389089829999152,0.016189096860226515
polen,11,BusEq,0.41515912023152257,-0.22542265190009006
polen,11,Telcm,1.8118574629696262e-05,0.030800889914209817
polen,11,Utils,0,
polen,11,Shops,0.094242653049776859,-0.34572919283067299
polen,11,Hlth,0.11621743828072532,-0.18302725685578836
polen,11,Money,0.044846342284436354,-0.02141298487551772
polen,11,Other,0.30432740873514835,-0.26113774970542691
polen,11,Unmapped,0.00088946972457443164,-0.23376104730106306
polen,11,Unpriced,0,
polen,12,NoDur,0.00029591509644606446,-0.34088282514343027
polen,12,Durbl,0.00045995154311089296,-0.10894603059894363
polen,12,Manuf,0.02255737440723583,-0.18312688625296783
polen,12,Enrgy,0,
polen,12,Chems,0.00060864835103239861,-0.034837498400848599
polen,12,BusEq,0.43372329546449123,-0.12236475384955454
polen,12,Telcm,2.9147953825522408e-05,-0.19123497439202164
polen,12,Utils,0,
polen,12,Shops,0.10782583221038465,0.065187127149134161
polen,12,Hlth,0.10398234183162521,-0.10729503501867932
polen,12,Money,0.047019557036116724,-0.01423600977744768
polen,12,Other,0.28273702665894562,0.01638933140261678
polen,12,Unmapped,0.00076090944678582951,-0.057588318502152888
polen,12,Unpriced,0,
polen,13,NoDur,0.00022491587852044117,0.44845724790462516
polen,13,Durbl,0.00047459211029269677,0.15307178965326954
polen,13,Manuf,0.019904439041172686,0.40751294763917245
polen,13,Enrgy,0,
polen,13,Chems,0.00064460946802857204,0.15855742528135575
polen,13,BusEq,0.43104226214172514,0.0049999411614724812
polen,13,Telcm,2.4564287106155281e-05,1.039408742552042
polen,13,Utils,0,
polen,13,Shops,0.12148087527400594,-0.24411035738606962
polen,13,Hlth,0.081407139838324427,0.071501525940715668
polen,13,Money,0.049360380415378449,0.065269659381934228
polen,13,Other,0.29473889829368394,0.091339516513699773
polen,13,Unmapped,0.00069732325176150728,0.016888569664609041
polen,13,Unpriced,0,
polen,14,NoDur,0.00025451052142263592,-0.031711482201450591
polen,14,Durbl,0.00034773671651874177,0.22748242706150787
polen,14,Manuf,0.023574047287478576,0.058220380631726569
polen,14,Enrgy,0,
polen,14,Chems,0.0021336976840000974,0.021842189680827757
polen,14,BusEq,0.43017313679079011,0.18440830196631089
polen,14,Telcm,3.3822878257914754e-05,0
polen,14,Utils,0,
polen,14,Shops,0.087697385007334136,0.22914657207200578
polen,14,Hlth,0.083449964890529582,0.071468821551452621
polen,14,Money,0.052774712676735766,-0.071338744508320395
polen,14,Other,0.31884857988656923,0.12138143750156367
polen,14,Unmapped,0.00071240566036322661,0.14191577005818426
polen,14,Unpriced,0,
polen,15,NoDur,0.00022088377277880818,-0.02899999618530269
polen,15,Durbl,0.00036738266895624362,-0.067569261701154917
polen,15,Manuf,0.022225673633725743,-0.087799296245223701
polen,15,Enrgy,0,
polen,15,Chems,0.0018715297899422282,-0.076459994326490574
polen,15,BusEq,0.42796843767196235,0.094194364695257771
polen,15,Telcm,0.00074371380906112301,-0.10869564035185297
polen,15,Utils,0,
polen,15,Shops,0.12363065028371081,0.25889081049883178
polen,15,Hlth,0.078737258517627459,0.064700728822185721
polen,15,Money,0.042521166461921639,0.037180957254716568
polen,15,Other,0.30128023918409269,0.095802449397276307
polen,15,Unmapped,0.00043306420622091918,0.10569698497077885
polen,15,Unpriced,0,
polen,16,NoDur,0.00021756027175689072,0.24150363108302542
polen,16,Durbl,0.0003068942033958917,-0.054349106304459188
polen,16,Manuf,0.018543948357624344,-0.13415531213865592
polen,16,Enrgy,0,
polen,16,Chems,0.0016095195843649215,-0.12739872847496389
polen,16,BusEq,0.41266403471097157,-0.01861182298334468
polen,16,Telcm,0.00058522417816129092,-0.13550132341373566
polen,16,Utils,0,
polen,16,Shops,0.13818435551766564,-0.025998707192319424
polen,16,Hlth,0.076614186679336477,-0.076748215374488851
polen,16,Money,0.040746455826783365,0.029716105271748873
polen,16,Other,0.31020366487826673,-0.044004380294979877
polen,16,Unmapped,0.00032415579167287517,-0.032339280105062852
polen,16,Unpriced,0,
polen,17,NoDur,0.000299734365156699,0.073828234518278579
polen,17,Durbl,0.00030333204992147935,-0.23960226437369983
polen,17,Manuf,0.016628551217372636,0.14504029573888794
polen,17,Enrgy,0,
polen,17,Chems,0.0015335516161466421,-0.00043016499803837061
polen,17,BusEq,0.40441548613078504,0.17134284882164375
polen,17,Telcm,0.00059066966776155768,0.41222566784072123
polen,17,Utils,0,
polen,17,Shops,0.12647390034005615,0.19476498917181359
polen,17,Hlth,0.10022130593986785,0.1036154508435304
polen,17,Money,0.04285274059666299,0.028299430562336744
polen,17,Other,0.30644400029769908,0.14191741056883533
polen,17,Unmapped,0.00023672777856988713,0.15165330216073375
polen,17,Unpriced,0,
polen,18,NoDur,0.00025052643635437835,-0.18640374196839782
polen,18,Durbl,0.0021096696200564573,-0.059563399895873496
polen,18,Manuf,0.016548232935839211,-0.10785053730693411
polen,18,Enrgy,0,
polen,18,Chems,0.00054709443280731617,0.04461295999446846
polen,18,BusEq,0.42839820336922801,0.058102255283780387
polen,18,Telcm,0.00056414882032274018,0.24195337292497851
polen,18,Utils,0,
polen,18,Shops,0.13424601454389948,0.18697264202171801
polen,18,Hlth,0.092127065222171525,0.058816969486794886
polen,18,Money,0.044088840372766093,-0.032057538043389427
polen,18,Other,0.28092067114897062,0.11686707650594833
polen,18,Unmapped,0.00019953309758414747,0.085047647527710865
polen,18,Unpriced,0,
polen,19,NoDur,0.0001709457144292924,-0.022593240706104811
polen,19,Durbl,0.00016542483861947281,-0.11267257074690594
polen,19,Manuf,0.021984677732939065,-0.17984520105106652
polen,19,Enrgy,0,
polen,19,Chems,0.00058059773918478551,0.1048844360291239
polen,19,BusEq,0.4109195767920662,0.02015597960148922
polen,19,Telcm,0.00068823322105885786,0.26702787318980925
polen,19,Utils,0,
polen,19,Shops,0.14462142012961041,0.068938410143907128
polen,19,Hlth,0.11520261638567091,-0.0091243292845151567
polen,19,Money,0.035914517813964555,0.0083011265465652712
polen,19,Other,0.26943888107720215,-0.041496529206699481
polen,19,Unmapped,0.00031310855525430519,0.0025878068747685317
polen,19,Unpriced,0,
polen,20,NoDur,0.00017424739612150624,-0.045217092619514371
polen,20,Durbl,9.7383771525027391e-05,-0.13882545792398293
polen,20,Manuf,0.018580531150935307,0.15313097895526009
polen,20,Enrgy,0,
polen,20,Chems,0.00069085159560361062,0.19055159655207832
polen,20,BusEq,0.42429019066860885,0.026390455883211809
polen,20,Telcm,0.00053047897540407611,-0.14234869844026532
polen,20,Utils,0,
polen,20,Shops,0.14446869663113926,-0.034180907269493258
polen,20,Hlth,0.11250309174126603,0.033321962172312466
polen,20,Money,0.037393603794217994,0.15337779611702548
polen,20,Other,0.26092942863140955,0.060775170418902728
polen,20,Unmapped,0.00034149564376879227,0.034493108980714865
polen,20,Unpriced,0,
polen,21,NoDur,0.00014713251918616085,-0.10259716078401604
polen,21,Durbl,7.3619396434411436e-05,-0.27060239860810431
polen,21,Manuf,0.0021936397409726034,-0.094621616680636789
polen,21,Enrgy,0,
polen,21,Chems,0.00061277384772206783,-0.040121593326497874
polen,21,BusEq,0.45503598711022802,0.054083971362045
polen,21,Telcm,0.00047899959745392734,-0.058091346060479832
polen,21,Utils,0,
polen,21,Shops,0.12491361870760335,0.17683734265467543
polen,21,Hlth,0.10848618604618035,-0.11879409478588203
polen,21,Money,0.039800432912085418,-0.090823487885051207
polen,21,Other,0.26782596855059571,0.071034514059645976
polen,21,Unmapped,0.00043164157153800044,0.048948235009100539
polen,21,Unpriced,0,
polen,22,NoDur,0.00011975637323850961,-0.14360534584096368
polen,22,Durbl,3.3756389750050342e-05,-0.22893955072268155
polen,22,Manuf,0.0019929863174944929,-0.10734595841158032
polen,22,Enrgy,0,
polen,22,Chems,0.00058253017164180271,-0.14105374325481285
polen,22,BusEq,0.45386678828137744,-0.12663925040218202
polen,22,Telcm,0.0010606287348453455,0.24174975272201352
polen,22,Utils,0,
polen,22,Shops,0.11709203015162151,-0.13219931795923837
polen,22,Hlth,0.11587288097430769,0.058902092612752727
polen,22,Money,0.026385508437259397,0.058706712074083026
polen,22,Other,0.28282177402240716,0.002706274160381314
polen,22,Unmapped,0.0001713601460566207,-0.063892856373208656
polen,22,Unpriced,0,
polen,23,NoDur,0,
polen,23,Durbl,0,
polen,23,Manuf,0.0018204691972555677,0.17549241371692423
polen,23,Enrgy,0,
polen,23,Chems,0.00013668966489563554,0.98184425269905473
polen,23,BusEq,0.38414057913716465,0.18463786920050881
polen,23,Telcm,0.0015646766863507255,0.38048487357895938
polen,23,Utils,0,
polen,23,Shops,0.12296680826225853,0.12462361768000582
polen,23,Hlth,0.14285160008014913,-0.023448019206037379
polen,23,Money,0.06190730198817844,-0.17081192086171931
polen,23,Other,0.28445049015354862,0.064242589889397017
polen,23,Unmapped,0.00016138483019874082,0.091665026109331138
polen,23,Unpriced,0,
polen,24,NoDur,4.5653976987358444e-05,0.29682996048916355
polen,24,Durbl,0.00015095907757869359,0.35119828523437335
polen,24,Manuf,0.0030425516803100051,0.14220586066783078
polen,24,Enrgy,5.8937851178677795e-05,0.50013181714478006
polen,24,Chems,9.269945355965659e-05,0.12469118226491269
polen,24,BusEq,0.41370788885521226,0.12421471162058943
polen,24,Telcm,0.0012866419405817738,0.042381844993458498
polen,24,Utils,0.00015744585805161474,0.1629470749611214
polen,24,Shops,0.12155111491678625,-0.015301669166043924
polen,24,Hlth,0.14794011163836007,0.0017473790161806465
polen,24,Money,0.03691212803377944,0.012755305077556034
polen,24,Other,0.27422087073472884,-0.052298772825666494
polen,24,Unmapped,0.00083299598288532912,0.036567507445234231
polen,24,Unpriced,0,
polen,25,NoDur,0.00013800732633674755,-0.20186134063906713
polen,25,Durbl,0.00029504079939927409,-0.025009224836073735
polen,25,Manuf,0.0025747568225659772,0.012259899679770994
polen,25,Enrgy,0.00043208232439971269,0.017949590033268126
polen,25,Chems,0.00016422804209474367,-0.36109174062049088
polen,25,BusEq,0.47655170567226346,-0.053561227711922385
polen,25,Telcm,0.00068957767395435524,-0.20611725433104902
polen,25,Utils,0.00014947954892621839,-0.04517517027233367
polen,25,Shops,0.10502054992875415,0.039845659540813989
polen,25,Hlth,0.15076113937959887,0.071438616867984292
polen,25,Money,0.03389242587487673,-0.0083301874714291884
polen,25,Other,0.22858835310276071,-0.021047308574051841
polen,25,Unmapped,0.00074265350406905041,-0.015879309897901626
polen,25,Unpriced,0,
polen,26,NoDur,5.2373523683022986e-05,0.12942853918534752
polen,26,Durbl,0.00027912237690400104,0.053458389120861739
polen,26,Manuf,0.0026766920227856567,0.20154226553996041
polen,26,Enrgy,6.8036532591063574e-05,-0.14111110899183488
polen,26,Chems,3.1875306373412014e-05,-0.17383174671336643
polen,26,BusEq,0.44752463569023432,-0.19738587270200941
polen,26,Telcm,0.0021135298936359268,-0.21136663485851201
polen,26,Utils,8.464514461187197e-05,-0.1616819586626555
polen,26,Shops,0.11024608973722071,-0.061215508120915856
polen,26,Hlth,0.17501679458305303,-0.1597567163952141
polen,26,Money,0.030963748730859116,-0.095170392139400928
polen,26,Other,0.23024427508461795,-0.13721746868778423
polen,26,Unmapped,0.0006981813734299214,-0.15760871808571106
polen,26,Unpriced,0,
polen,27,NoDur,0.0003981714630064239,0.045082675957804436
polen,27,Durbl,0.00064308505011996628,0.20830722413772826
polen,27,Manuf,0.022561569947792452,0.83925151341023763
polen,27,Enrgy,0.00014465628564129917,-0.14544814450446239
polen,27,Chems,7.0047074355712575e-05,0.39738916526239909
polen,27,BusEq,0.44271802256191284,0.080380338824050421
polen,27,Telcm,0.0038669177177463772,-0.054725752393782807
polen,27,Utils,4.08126939385457e-05,0.0013119318553987418
polen,27,Shops,0.088324412285238338,0.14539504847249277
polen,27,Hlth,0.14524119813640934,-0.00091035517844818197
polen,27,Money,0.033990909717315047,0.031645450969967168
polen,27,Other,0.26070523729017575,-0.0095105371231596798
polen,27,Unmapped,0.0012949597763478678,0.065859002516619941
polen,27,Unpriced,0,
polen,28,NoDur,0.00039079652016076185,-0.26109925025474651
polen,28,Durbl,0.0012630294142807663,-0.20932439725278623
polen,28,Manuf,0.10956474420866845,-0.17838333245920626
polen,28,Enrgy,4.6613120936473579e-05,0.02429465917861906
polen,28,Chems,0.00047615301098754561,0.10852784686470854
polen,28,BusEq,0.45163286452516205,0.12635193795433464
polen,28,Telcm,0.003933928731070303,0.009050083598667779
polen,28,Utils,4.8749065799835724e-05,-0.18625411311437812
polen,28,Shops,0.090140185154196167,0.0017001139217824078
polen,28,Hlth,0.11509128570883465,-0.016568452336251413
polen,28,Money,0.008642506356232359,-0.11719179681776618
polen,28,Other,0.21584181555659271,0.021304600242199143
polen,28,Unmapped,0.0029273286270779164,0.039179723692145466
polen,28,Unpriced,0,
