entity,period_date,filing_date,lag_days,n_rows_raw,n_rows_kept,dropped_value_usd,total_value_usd,median_implied_price,amendments_used,isin_only_weight,unmapped_weight,unpriced_weight,other_nosic_weight
akre,2019-09-30,2019-11-13,44,25,25,0,10144069000,144.43001268652208,,0,5.4120294331594155e-05,0.0037066979729731726,0
akre,2019-12-31,2020-02-14,45,25,25,0,10905311000,153.47973177067601,,0,0,0.0071858565060638801,0
akre,2020-03-31,2020-05-11,41,28,28,0,10293636000,138.89494306665986,,0,0,0.012230177946840165,0
akre,2020-06-30,2020-08-11,42,28,28,0,13274303000,173.51513797797574,,0,0,0.014799647107648514,0
akre,2020-09-30,2020-11-13,44,28,28,0,14185865000,206.46402301781177,,0,0,0.016688865994424731,0
akre,2020-12-31,2021-02-10,41,28,28,0,14797811000,220.43492422591669,,0,0,0.018502128456702141,0
akre,2021-03-31,2021-07-09,100,24,24,0,14686334000,218.40498704056569,0001112520-21-000016,0,0,0.018733197815057182,0
akre,2021-06-30,2021-08-13,44,25,25,0,16237460000,233.82006880038622,,0,0.00028809924704972328,0.018144032379448512,0
akre,2021-09-30,2021-11-12,43,25,23,5202000,16241832000,222.74992573508916,,0,0,0.016686837108439375,0
akre,2021-12-31,2022-02-11,42,24,22,686600000,17920618000,241.4299838998021,,0,0,0.019269679305197428,0
akre,2022-03-31,2022-05-13,43,22,21,219000000,14665397000,214.62995737814643,,0,0,0.018643195254844515,0
akre,2022-06-30,2022-08-11,42,23,21,14092000,12492617000,165.04006514657979,,0,0,0.0064097319194375939,0
akre,2022-09-30,2022-11-14,45,22,20,12458000,11336077000,170.24498126651301,,0,0,0.0051080842617541268,0
akre,2022-12-31,2023-02-13,44,21,19,12347300,11064607827,176.42000421585161,,0,0,0.0049410178910090398,0
akre,2023-03-31,2023-05-12,42,20,18,14034100,11365336959,198.09999049147251,,0,0,0.0054234367424342896,0
akre,2023-06-30,2023-08-11,42,19,18,7463261,12003999013,209.98499260891637,,0,0,0.0061562338934127324,0
akre,2023-09-30,2023-11-13,44,18,17,623462836,11515409077,164.45000002954984,,0,0,0.0071786368817792993,0
akre,2023-12-31,2024-02-09,40,18,18,0,11884542493,223.60999999118243,,0,0,0.0064970903209340732,0
akre,2024-03-31,2024-05-13,43,41,41,0,24176910344,133.14984297891431,0001112520-24-000012,0,0,0.0065500946045945266,0
akre,2024-06-30,2024-08-13,44,19,19,0,11366082231,194.380000055426,,0,0,0.0043911692688509462,0
akre,2024-09-30,2024-11-13,44,18,18,0,12017990024,181.56999746663894,,0,0,0.0015461841757974154,0
akre,2024-12-31,2025-02-13,44,18,18,0,11561087092,165.65999679796658,,0,0,0.00074613675438610729,0
akre,2025-03-31,2025-05-13,43,18,18,0,10400552669,162.22999996915414,,0,0,0.00013970440285647863,0
akre,2025-06-30,2025-08-14,45,19,19,0,10210810464,133.02999334053985,,0,0,0,0
akre,2025-09-30,2025-11-13,44,19,19,0,10030655183,129.94999336643536,,0,0,0,0
akre,2025-12-31,2026-02-13,44,18,18,0,9120742965,131.59999651947294,,0,0,0,0
akre,2026-03-31,2026-05-14,44,20,19,18667000,6134537825,104.54999958945314,,0,0,0,0
akre,2026-06-30,2026-08-14,45,20,19,15666000,5122536308,99.280000224701254,,0,0,0,0
jensen,2019-09-30,2019-11-12,43,76,76,0,9359105000,99.6194122995947,,0,0.0003571922742612675,7.265652004117915e-05,0
jensen,2019-12-31,2020-02-07,38,75,75,0,10082174000,109.36749399519616,,0,0.00043323989449100956,7.7463451830924563e-05,0
jensen,2020-03-31,2020-05-07,37,75,75,0,8927902000,82.739963908473683,,0,0.0003953896447340036,0.00018716603296048726,7.8741903752975787e-05
jensen,2020-06-30,2020-08-10,41,74,74,0,10446228000,95.341743632751701,,0,0.00041852427498231896,0.00020208251246287177,0.0001415822055578339
jensen,2020-09-30,2020-11-03,34,78,78,0,11288835000,104.68804943143728,,0,0.00032988346450275874,0.00025077875617811758,0.0001699023858529246
jensen,2020-12-31,2021-02-09,40,76,76,0,12069598000,118.80744074828351,,0,0.0004568503441456791,0.00024922122509796928,0.00024922122509796928
jensen,2021-03-31,2021-05-06,36,75,75,0,12499593000,122.14996026351325,,0,0.00056385835922817648,0.00035825166467420177,0.00035825166467420177
jensen,2021-06-30,2021-08-05,36,76,76,0,13233116000,135.9449935664226,,0,0.00060786892520249959,0.00042008246583797801,0.00042008246583797801
jensen,2021-09-30,2021-11-12,43,77,77,0,12623142000,142.50972762645915,,0,0.00078316476199031908,0,0
jensen,2021-12-31,2022-02-14,45,78,78,0,14226059000,163.01575916471074,,0,0.00078630350120156259,0,0
jensen,2022-03-31,2022-05-10,40,80,80,0,13405004000,143.95717561404106,,0,0.00089466590237496392,0,0
jensen,2022-06-30,2022-08-12,43,81,81,0,12080212000,129.40997266084011,,0,0.0009991546505971915,0,0
jensen,2022-09-30,2022-11-07,38,81,81,0,11482946000,117.83854166666667,,0,0.00094183147774099093,0,0
jensen,2022-12-31,2023-04-05,95,84,84,0,12786876197,125.66499995018496,0001171200-23-000206,0,0.00096925635386285898,0,1.8842053077555108e-05
jensen,2023-03-31,2023-05-08,38,81,81,0,12682490501,120.0999999790203,,0,0.0010337233052897833,0,0
jensen,2023-06-30,2023-08-07,38,82,82,0,13628401703,140.49500626178627,,0,0.0010082691499308529,0,0
jensen,2023-09-30,2023-11-07,38,83,83,0,12654195071,132.3099853157122,,0,0.00092564157058425665,0,0
jensen,2023-12-31,2024-02-12,43,82,82,0,13201983108,144.56500265390508,,0,0.00093455376355720138,0,0
jensen,2024-03-31,2024-05-07,37,84,84,0,13091698543,155.65499887311245,,0,0.00097854888408271837,0,0
jensen,2024-06-30,2024-08-05,36,87,87,0,12220495522,164.92999991601889,,0,0.0004741037701433397,0,0
jensen,2024-09-30,2024-11-04,35,87,87,0,11959966628,170.40000268305116,,0,9.5333878050349351e-05,0,0
jensen,2024-12-31,2025-02-10,41,85,85,0,11048719969,160.62999230966417,,0,0.00041497449594742281,0,0
jensen,2025-03-31,2025-05-09,39,84,84,0,9043338708,154.45997973350291,,0,0.00045488509640371198,0,0
jensen,2025-06-30,2025-08-08,39,83,83,0,8532330700,159.31999999999999,,0,0.00055125078543896569,0,0
jensen,2025-09-30,2025-11-06,37,87,87,0,8059138040,185.41998619261304,,0,0.00057610329751840304,0,0
jensen,2025-12-31,2026-02-11,42,89,89,0,6355926761,203.19001081860802,,0,0.00076224997269127605,0,0.0022050792161417104
jensen,2026-03-31,2026-05-05,35,84,84,0,5072800848,191.32499199987836,,0,0.0005697810906847569,0,0.0027547886106172644
jensen,2026-06-30,2026-08-07,38,83,83,0,4125081649,189.73001250995111,,0,0.00050742704705188731,0,0.0035821358841665926
polen,2019-09-30,2019-11-12,43,58,58,0,21710787000,121.22907804476564,,0,0.0001351401955166342,4.1730408022518945e-05,0.00037663305342178525
polen,2019-12-31,2020-02-06,37,62,62,0,25392583000,121.09338882180867,,0,0.00011298574863376443,0,0.00035132306154123821
polen,2020-03-31,2020-05-11,41,63,63,0,23050442000,100.53975623911782,,0,0.00017695973031666811,0,0.0027150021678543084
polen,2020-06-30,2020-08-13,44,63,63,0,33086882000,137.03998689446988,,0,0.00027089285717523943,0,0.00040097462190604724
polen,2020-09-30,2020-11-12,43,65,65,0,37389091000,155.80998038463972,,0,0.00030321678588013812,0,0.00014343756043708043
polen,2020-12-31,2021-02-11,42,72,72,0,43039600000,152.55636883231145,,0,0.0002923354306266787,0,0.00046210931328358071
polen,2021-03-31,2021-05-12,42,71,71,0,44489600000,141.41400991967924,,0,0.00065437765230525781,0,0.00097584604042293024
polen,2021-06-30,2021-08-12,43,81,81,0,52218982000,154.49003920954863,,0,0.00059779028246854764,0,0.0010726942168271299
polen,2021-09-30,2021-11-10,41,91,91,0,54491390000,167.74997307073446,,0,0.00079511643949622133,0,0.00050652038789981318
polen,2021-12-31,2022-02-11,42,92,92,0,59532156000,167.29396643678382,,0,0.00081209892683879953,0,0.0021370299439516351
polen,2022-03-31,2022-05-12,42,91,90,56103000,51274260000,133.79474668848371,,0,0.00088946972457443164,0,0.0070145436900433573
polen,2022-06-30,2022-08-10,41,84,83,56103000,37931832000,90.719746709854391,,0,0.00076090944678582951,0,0.007565055711534951
polen,2022-09-30,2022-11-04,35,85,84,56103000,35758340000,96.302635821354656,,0,0.00069732325176150728,0,0.0046808271425681251
polen,2022-12-31,2023-02-13,44,93,92,53473128,34279625946,92.805001912784718,,0,0.00071240566036322661,0,0.018367938498462414
polen,2023-03-31,2023-05-11,41,94,94,0,37930613438,103.51000830284386,,0,0.00043306420622091918,0,0.0014217039512990121
polen,2023-06-30,2023-08-11,42,100,99,24935969,40333393617,110.37000577197715,,0,0.00032415579167287517,0,0.0011412893641759717
polen,2023-09-30,2023-11-13,44,99,98,24684720,38026346605,115.40638709269857,,0,0.00023672777856988713,0,0.002339892404418723
polen,2023-12-31,2024-05-10,131,107,106,24373736,41490887814,146.44567025501078,0001172661-24-002148,0,0.00019953309758414747,0,0.0069798332566748441
polen,2024-03-31,2024-05-10,40,104,103,23628131,43317845975,116.36984393560807,,0,0.00031310855525430519,0,0.0013272757393852227
polen,2024-06-30,2024-08-12,43,110,110,0,39855562577,125.21762720310156,,0,0.00034149564376879227,0,0.0037325061642925505
polen,2024-09-30,2025-02-10,133,118,118,0,38739600406,125.48998224517499,0001172661-25-000622,0,0.00043164157153800044,0,0.0025083014533353364
polen,2024-12-31,2025-02-10,41,124,124,0,37010355943,121.6140596325788,,0,0.0001713601460566207,0,0.0078889119696570337
polen,2025-03-31,2025-05-12,42,117,117,0,31845099652,125.93125074662525,,0,0.00016138483019874082,0,0.0064039353064857538
polen,2025-06-30,2025-08-13,44,240,240,0,32586427255,75.460002040413656,,0,0.00083299598288532912,0,0.0037056847028687865
polen,2025-09-30,2025-11-12,43,232,232,0,30802400951,84.470001496699439,,0,0.00074265350406905041,0,0.0058032131743352552
polen,2025-12-31,2026-02-12,43,234,231,5131648,23420875210,75.909986292328782,,0,0.0006981813734299214,0,0.021439271303546913
polen,2026-03-31,2026-05-14,44,221,221,0,14456164077,74.260003483258586,,0,0.0012949597763478678,0,0.016700689111858923
polen,2026-06-30,2026-08-04,35,219,219,0,11610786601,88.5,,0,0.0029273286270779164,0,0.0095127951098926584
ivv,2019-09-30,2019-11-25,56,508,505,1704982871.6099854,187935715202.09998,86.140000000000001,0001752724-19-177847,0.037223678127077039,0.014817019061188695,0.026867090056600838,0.0094778821539382389
ivv,2019-12-31,2020-02-27,58,508,505,2036487319.3499756,203062413031.03998,91.209999999999994,0001752724-20-038725,0.039873503386154925,0.014028584062209871,0.022274585007517816,0.0062148679682331549
ivv,2020-03-31,2020-06-01,62,508,505,3774576916.1700134,165446622458.47,68.530000000000001,0001752724-20-112027,0.035330368612893723,0.010862331736135072,0.020541457757711715,0.0053411986708862876
ivv,2020-06-30,2020-08-27,58,509,505,2406067300.7000122,196838310574.07001,79.640000000000001,0001752724-20-176909,0.032294549200009175,0.010609113823676799,0.016311344573394483,0.0052541932016062854
ivv,2020-09-30,2020-11-25,56,508,505,1536944007.3300171,215930793956.26001,86.519999999999996,0001752724-20-247818,0.03210019815764005,0.010963837728460603,0.015455567882097905,0.0045656294039365716
ivv,2020-12-31,2021-02-25,56,508,505,1651228767.6499634,239910030240.17999,97.759999999999991,0001752724-21-040719,0.032929055281697782,0.010839730998427638,0.016123190158466839,0.0047753340019683534
ivv,2021-03-31,2021-05-27,57,508,505,1777694393.8999329,262957957956.69998,107.69,0001752724-21-116363,0.035205271513439253,0.010803726437015122,0.016439768923533465,0.0051024412893647553
ivv,2021-06-30,2021-08-26,57,508,505,1288860988.1898804,287634387138.05994,115.93000000000001,0001752724-21-186201,0.034574392640443534,0.0093165059350839487,0.016482328927010348,0.0049688773257987422
ivv,2021-09-30,2021-11-24,55,508,505,1226164521.5,287508464954.33002,113.20999999999999,0001752724-21-255857,0.034792597733917609,0.0091663256765526172,0.014083943705894659,0.0029708131299914209
ivv,2021-12-31,2022-02-25,56,508,505,1550837601.0100098,335505600891.43005,119.91999999999999,0001752724-22-046281,0.034343019889840884,0.007557129036800888,0.0138460699149508,0.0035044008771998019
ivv,2022-03-31,2022-05-26,56,508,505,2055331835.6700439,334007862196.5,118.22999999999999,0001752724-22-122805,0.030413677557317709,0.0076448574150993999,0.012178397296672716,0.0037341867785511181
ivv,2022-06-30,2022-08-25,56,508,505,2778811693.2299805,280296800663.79999,97.465000000000003,0001752724-22-193652,0.030137328003183753,0.006882248723820727,0.011994524234221799,0.0039106165115483354
ivv,2022-09-30,2022-11-28,59,506,503,3312193382.5799561,271105501828.41998,90.829999999999998,0001752724-22-268673,0.030008133828800427,0.0064756493469317628,0.011962255330505676,0.0038758638652836869
ivv,2022-12-31,2023-02-24,55,506,503,4868219246.4000244,293485415064.28003,101.53,0001752724-23-039243,0.031720858945310397,0.0052556599778523271,0.010154565110283136,0.0038535562080362312
ivv,2023-03-31,2023-05-26,56,506,503,3296424021.4399414,307956485382.18994,104.52,0001752724-23-123220,0.031786874378269381,0.0055969913500768494,0.0089180375946055421,0.0025950530355005564
ivv,2023-06-30,2023-08-25,56,506,503,2644605585.4499512,335980755381.13,109.61999999999999,0001752724-23-191503,0.031626598967804558,0.0050956495554746861,0.0083527455915196509,0.002225712474043867
ivv,2023-09-30,2023-11-22,53,506,503,4744622505.8800049,343861466821.23999,103.07000000000001,0001752724-23-264277,0.031830089473945632,0.0047704097882133025,0.0085214929084521142,0.0023424745135670029
ivv,2023-12-31,2024-02-27,58,506,503,2803914144.3099365,401347968655.71997,116.89,0001752724-24-043113,0.031149528732574736,0.0040298484648050859,0.0064259566629582734,0.0021261475083320827
ivv,2024-03-31,2024-05-28,58,506,503,2270628836.3199463,455826382363.87,126.14,0001752724-24-123331,0.031114348998381294,0.0033658655763414772,0.0060951139149248599,0.0019460139816887745
ivv,2024-06-30,2024-08-27,58,506,503,3393776346.1599731,490169537793.16998,117.19,0001752724-24-194289,0.029005434809919142,0.0027606605040179006,0.0042184698066843589,0.0015111274835324245
ivv,2024-09-30,2024-11-26,57,507,504,3263116134.3500366,533190604502.15002,126.18000000000001,0001752724-24-269943,0.030332945378507226,0.0025833844464581372,0.003926108346215808,0.0012659857748959997
ivv,2024-12-31,2025-02-27,58,506,503,4642265115.2797852,589040826234.10986,119.44999999999999,0001752724-25-043800,0.028229978354764346,0.0021060007587522861,0.0040443442041080092,0.0012503774156477051
ivv,2025-03-31,2025-05-27,57,508,504,3947454570.5500488,582417536396.68005,120.295,0001752724-25-119791,0.029156243479138817,0.0019979242937016388,0.0043899476149628774,0.0015441893812037945
ivv,2025-06-30,2025-08-28,59,508,504,4101606926.9100342,625581446505.93005,126.82999999999998,0001752724-25-210389,0.028355370861180375,0.0019869145969343932,0.0030906113215210416,0.0012569536410853687
ivv,2025-09-30,2026-07-13,286,507,503,3495517839.3299561,703600482611.75,134.17000000000002,0002071691-26-015790,0.026839703631123622,0.001572131034919579,0.0015941176629318565,0.00031639053712753505
ivv,2025-12-31,2026-02-25,56,507,503,2713386165.6098633,761881724623.10986,136.06999999999999,0002071691-26-004238,0.026832224000553958,0.001039704994631026,0.0015672953477058238,0.00034367008630801322
ivv,2026-03-31,2026-05-28,58,507,503,2094312171.5200195,721016497487.06006,135.46000000000001,0002071691-26-012459,0.028133213126595672,0.00083350913656530785,0.0017123577958018956,0.00047689061106039163
ivv,2026-06-30,2026-08-25,56,508,503,2526541924.8400879,889159485657.55005,140.64000000000001,0002071691-26-019760,0.028395715558004228,0,0.0011232263602989098,0
iwf,2019-09-30,2019-11-25,56,534,531,1338669071.7600021,46150213082.900002,92.269999999999996,0001752724-19-177844,0.020904286239213858,0.014843873637441263,0.030367400507817967,0.010273729100152198
iwf,2019-12-31,2020-02-27,58,533,530,1385640991.5399933,50744482270.039993,98.969999999999999,0001752724-20-038663,0.020892276646477598,0.012891175361873015,0.024860427052701077,0.0049227757685600219
iwf,2020-03-31,2020-06-01,62,535,532,1843643733.8600006,44190901508,73.055000000000007,0001752724-20-112153,0.018712153071547794,0.010131021964354637,0.022357483829759682,0.0044975855028399868
iwf,2020-06-30,2020-08-27,58,439,435,923421188.81999969,54974347311.93,103.97,0001752724-20-176978,0.020598585602661239,0.01037953163174625,0.020877526392050483,0.0049690654058037482
iwf,2020-09-30,2020-11-25,56,449,446,1329061464.0200043,59527225170.119995,108.83,0001752724-20-247763,0.019887039161146064,0.010594423066055845,0.020504790047094233,0.0054400136428499708
iwf,2020-12-31,2021-02-25,56,457,454,1067765583.1199951,65454057363,129.80000000000001,0001752724-21-040696,0.021319012922544772,0.011139204326162496,0.019401219842270098,0.0043443313802924736
iwf,2021-03-31,2021-05-27,57,465,462,1059820709.0999985,64231931663.029999,128.11000000000001,0001752724-21-116383,0.021257402376965502,0.010990804301859508,0.018544591571973103,0.0046056027092743522
iwf,2021-06-30,2021-08-26,57,501,498,815003599.02999878,69875218347,134.78999999999999,0001752724-21-186226,0.01962049008832295,0.010782351989021119,0.013996339011506079,0.0044501018696735768
iwf,2021-09-30,2021-11-24,55,505,501,913625405.1499939,72217709977.029999,127.10000000000001,0001752724-21-255846,0.019642057790646327,0.0096334602544058592,0.010177256751798822,0.0011455454956112393
iwf,2021-12-31,2022-02-25,56,506,502,1028687251.1499939,80019086115.259995,130.86500000000001,0001752724-22-046298,0.019801410227220317,0.0079518167627001396,0.0089440597687752942,0.00059948824035519128
iwf,2022-03-31,2022-05-26,56,502,498,1084895102.0900116,72312194774.190002,115.91500000000001,0001752724-22-122801,0.018032052277184591,0.0064472066024409058,0.0075888522803529649,0.00066309470494359268
iwf,2022-06-30,2022-08-25,56,524,520,1044309303.2199936,58147929228.649994,91.200000000000003,0001752724-22-193669,0.021889660812962678,0.006972502687044,0.011360181037509158,0.0018473578172059401
iwf,2022-09-30,2022-11-28,59,523,519,1489120923.8099976,56469293839.619995,86.120000000000005,0001752724-22-269723,0,0.0069128647327463683,0.010881345090458345,0.0016394215714458172
iwf,2022-12-31,2023-02-24,55,516,512,1561426803.8899994,60844251682.049995,89.25,0001752724-23-039553,0,0.0053855436913840494,0.009269856583748147,0.0020264570205097937
iwf,2023-03-31,2023-05-24,54,513,509,1340169479.3499985,64746426241.479996,100.13,0001752724-23-114945,0,0.0050792766969071767,0.0080533721179229297,0.0016541494832832116
iwf,2023-06-30,2023-08-28,59,448,444,809095429.25,72187840158.900009,119.39500000000001,0001752724-23-192397,0,0.0034288059673363218,0.0067347809879642461,0.00097412611644201637
iwf,2023-09-30,2023-11-24,55,450,446,1325479791.719986,70392263206.369995,112.16,0001752724-23-265163,0,0.0026345352155404426,0.0076456781599299282,0.0011340780926448323
iwf,2023-12-31,2024-02-23,54,446,443,704174912.0900116,82471049404.230011,129.49000000000001,0001752724-24-034941,0,0.0022575127245171153,0.0032281777289331695,0.00094254659675671495
iwf,2024-03-31,2024-05-24,54,443,440,720238531.82000732,89730995529.790009,137.51999999999998,0001752724-24-118346,0,0.0017887289870327822,0.0020043228461035195,0.0008979274736627932
iwf,2024-06-30,2024-08-26,57,443,440,1183714039.8999939,98003957923.709991,129.50999999999999,0001752724-24-189692,0,0.0011289568843802285,0.0017053845674893015,0.00080515213671172555
iwf,2024-09-30,2024-11-26,57,397,394,961668295.48999023,100019001339.94998,148.01499999999999,0001752724-24-268863,0,0.0012962617417972297,0.0012893999399587438,0.0011122102771588967
iwf,2024-12-31,2025-02-24,55,399,396,1006910278.8400116,107259032932.8,143.91999999999999,0001752724-25-034056,0,0.0013480649535490637,0.001157627267650787,0.0010209256781935653
iwf,2025-03-31,2025-05-23,53,397,394,1110751123.1500092,97198214884.900009,136.505,0001752724-25-118601,0,0.0012146629976559009,0.0014640608372056994,0.0013431835330778787
iwf,2025-06-30,2025-08-26,57,388,385,621920663.14001465,111978843675.66,140.11999999999998,0001752724-25-204350,0,0.0010377545699337195,0.00018492101202980247,0.00016637923982433433
iwf,2025-09-30,2025-11-25,56,394,391,1047897046.260025,123008661862.11002,140.78,0001004726-25-002059,0,0.00091071523598354118,1.7263417814565681e-05,0
iwf,2025-12-31,2026-02-23,54,394,391,914313640.20999146,126711560071,136.19999999999999,0001004726-26-000787,0,0.0010223409687330177,3.4688585353104662e-05,0
iwf,2026-03-31,2026-05-22,52,390,387,755699548.98001099,112349595351.33002,128.31999999999999,0001004726-26-003755,0,0.00085152620218855129,0,0
iwf,2026-06-30,2026-08-24,55,371,368,963738384.05000305,129691017223.62999,167.24250000768404,0001004726-26-007047,0,2.1765787448141956e-05,0.00020904710301175041,0
