fund,holdings_date,bucket,cte
akre,2019-09-30,NoDur,0.00011087039541008599
akre,2019-09-30,Durbl,0.00028418869363577626
akre,2019-09-30,Manuf,0.0020813072063803058
akre,2019-09-30,Enrgy,0.0015211543551826327
akre,2019-09-30,Chems,0.00033175021463902369
akre,2019-09-30,BusEq,0.0081776474451867014
akre,2019-09-30,Telcm,0.00072476749497439228
akre,2019-09-30,Utils,-0.0006021515866062951
akre,2019-09-30,Shops,0.012219064395121266
akre,2019-09-30,Hlth,0.0023346802543286324
akre,2019-09-30,Money,0.025152114750406997
akre,2019-09-30,Other,0.010069995528319355
akre,2019-12-31,NoDur,0.00029745931128962209
akre,2019-12-31,Durbl,0.00033928254165272717
akre,2019-12-31,Manuf,0.0023629764930500883
akre,2019-12-31,Enrgy,0.0017227361334461147
akre,2019-12-31,Chems,0.00040845085187094844
akre,2019-12-31,BusEq,0.010641907489972886
akre,2019-12-31,Telcm,0.00083816946775472497
akre,2019-12-31,Utils,-0.00049491992470486392
akre,2019-12-31,Shops,0.010142871701330453
akre,2019-12-31,Hlth,0.0023987395636615614
akre,2019-12-31,Money,0.023678461005235855
akre,2019-12-31,Other,0.011437277206866946
akre,2020-03-31,NoDur,-0.00074273352489248969
akre,2020-03-31,Durbl,-6.5453142082569314e-05
akre,2020-03-31,Manuf,-0.00085320460358080804
akre,2020-03-31,Enrgy,-0.00026436761536665005
akre,2020-03-31,Chems,-0.00045696711485936314
akre,2020-03-31,BusEq,0.0071994046508754338
akre,2020-03-31,Telcm,5.2127563261159588e-05
akre,2020-03-31,Utils,-0.0012967199567508446
akre,2020-03-31,Shops,0.0088288570805736735
akre,2020-03-31,Hlth,-0.00040155209714971796
akre,2020-03-31,Money,0.02650218747617468
akre,2020-03-31,Other,0.030018250385567886
akre,2020-06-30,NoDur,-0.0010328524916984137
akre,2020-06-30,Durbl,-0.00014002563239239803
akre,2020-06-30,Manuf,-0.001391377401396628
akre,2020-06-30,Enrgy,-0.00051082369633054009
akre,2020-06-30,Chems,-0.00070427753291104158
akre,2020-06-30,BusEq,0.0075639409683144233
akre,2020-06-30,Telcm,-0.00015675320139304857
akre,2020-06-30,Utils,-0.0017581962750120744
akre,2020-06-30,Shops,0.01329851163824817
akre,2020-06-30,Hlth,-0.0010198331654409775
akre,2020-06-30,Money,0.025655356637314372
akre,2020-06-30,Other,0.033749358654249828
akre,2020-09-30,NoDur,-0.0010120059283905639
akre,2020-09-30,Durbl,-0.00015977719668876285
akre,2020-09-30,Manuf,-0.0014620184534566685
akre,2020-09-30,Enrgy,-0.00042924048364000012
akre,2020-09-30,Chems,-0.00071550878554810184
akre,2020-09-30,BusEq,0.0090648583949299814
akre,2020-09-30,Telcm,-0.0001717031964576471
akre,2020-09-30,Utils,-0.0016623517366046124
akre,2020-09-30,Shops,0.011656699462405141
akre,2020-09-30,Hlth,-0.0013033808505817008
akre,2020-09-30,Money,0.0238680568096831
akre,2020-09-30,Other,0.037352951930567153
akre,2020-12-31,NoDur,-0.00062585008068787203
akre,2020-12-31,Durbl,0.0011887325072662959
akre,2020-12-31,Manuf,-0.00063320915454041435
akre,2020-12-31,Enrgy,-3.9313608077144526e-05
akre,2020-12-31,Chems,-0.00038105787893251056
akre,2020-12-31,BusEq,0.011559695473131001
akre,2020-12-31,Telcm,9.1576762990437384e-06
akre,2020-12-31,Utils,-0.0012326255744359411
akre,2020-12-31,Shops,0.010460250636531856
akre,2020-12-31,Hlth,-0.00068172781223402507
akre,2020-12-31,Money,0.020375107885461857
akre,2020-12-31,Other,0.036579079735658653
akre,2021-03-31,NoDur,-0.00054686428237322462
akre,2021-03-31,Durbl,0.00095968517438124983
akre,2021-03-31,Manuf,-0.00017665752750651914
akre,2021-03-31,Enrgy,0.00044746006402692423
akre,2021-03-31,Chems,-0.00030415319837265303
akre,2021-03-31,BusEq,0.0093908300486824844
akre,2021-03-31,Telcm,1.6801423463992798e-05
akre,2021-03-31,Utils,-0.0010773372922507818
akre,2021-03-31,Shops,0.011362897117315597
akre,2021-03-31,Hlth,-0.00080307336305750644
akre,2021-03-31,Money,0.021860732721469957
akre,2021-03-31,Other,0.03887870791069805
akre,2021-06-30,NoDur,-0.00043698533286347987
akre,2021-06-30,Durbl,0.00087117454966107312
akre,2021-06-30,Manuf,0.00032461604334882253
akre,2021-06-30,Enrgy,0.00097993504358894748
akre,2021-06-30,Chems,-0.00019543948152373763
akre,2021-06-30,BusEq,0.013125070525532747
akre,2021-06-30,Telcm,7.3141751822156488e-07
akre,2021-06-30,Utils,-0.00094629605691725651
akre,2021-06-30,Shops,0.0083371280084143361
akre,2021-06-30,Hlth,-0.0010926615090445057
akre,2021-06-30,Money,0.023325535048760841
akre,2021-06-30,Other,0.036696316243576388
akre,2021-09-30,NoDur,-0.0004629922596975115
akre,2021-09-30,Durbl,0.0012911258811937032
akre,2021-09-30,Manuf,0.00036022164693643512
akre,2021-09-30,Enrgy,0.0011445549784018854
akre,2021-09-30,Chems,-0.00020464213989973912
akre,2021-09-30,BusEq,0.013828584825921895
akre,2021-09-30,Telcm,-1.2554478942448708e-05
akre,2021-09-30,Utils,-0.0010237718891282139
akre,2021-09-30,Shops,0.0090699377776216113
akre,2021-09-30,Hlth,-0.0010201934450652273
akre,2021-09-30,Money,0.023702780289786687
akre,2021-09-30,Other,0.034981131668993339
akre,2021-12-31,NoDur,-0.00061447780123911487
akre,2021-12-31,Durbl,0.0020461476144982196
akre,2021-12-31,Manuf,-0.00013163923875734494
akre,2021-12-31,Enrgy,0.00077417020821215587
akre,2021-12-31,Chems,-0.00032670048472189665
akre,2021-12-31,BusEq,0.015014542841173264
akre,2021-12-31,Telcm,-0.00012969041315496913
akre,2021-12-31,Utils,-0.0011716348163851543
akre,2021-12-31,Shops,0.0097813218143419488
akre,2021-12-31,Hlth,-0.001170631149303132
akre,2021-12-31,Money,0.024082410621580907
akre,2021-12-31,Other,0.034989735299168143
akre,2022-03-31,NoDur,-0.00079057947808243575
akre,2022-03-31,Durbl,0.001701539087311309
akre,2022-03-31,Manuf,-0.00075681243701738652
akre,2022-03-31,Enrgy,0.0012780555859585529
akre,2022-03-31,Chems,-0.00055447971025606119
akre,2022-03-31,BusEq,0.01226211488904283
akre,2022-03-31,Telcm,-0.00028487681911227344
akre,2022-03-31,Utils,-0.0012375157604320995
akre,2022-03-31,Shops,0.0095675616346474219
akre,2022-03-31,Hlth,-0.0021090504200757206
akre,2022-03-31,Money,0.022306770057358077
akre,2022-03-31,Other,0.048686861420867582
akre,2022-06-30,NoDur,-0.0011412755160147804
akre,2022-06-30,Durbl,-3.7354063354304267e-05
akre,2022-06-30,Manuf,-0.0013299523409532406
akre,2022-06-30,Enrgy,0.0013307247943455363
akre,2022-06-30,Chems,-0.00089998971724939759
akre,2022-06-30,BusEq,0.0091469741442837017
akre,2022-06-30,Telcm,-0.00043482239909609544
akre,2022-06-30,Utils,-0.0014767398254229163
akre,2022-06-30,Shops,0.010762227881849313
akre,2022-06-30,Hlth,-0.002901513743751472
akre,2022-06-30,Money,0.027533534053431584
akre,2022-06-30,Other,0.051145516881743618
akre,2022-09-30,NoDur,-0.0011171610717607887
akre,2022-09-30,Durbl,0.00051574986090765194
akre,2022-09-30,Manuf,-0.0013335487725339894
akre,2022-09-30,Enrgy,0.0017602881647819603
akre,2022-09-30,Chems,-0.00090425272034926865
akre,2022-09-30,BusEq,0.0099671821140584291
akre,2022-09-30,Telcm,-0.0003383477288988869
akre,2022-09-30,Utils,-0.0014242230889796343
akre,2022-09-30,Shops,0.01079676629344983
akre,2022-09-30,Hlth,-0.0028206347608616161
akre,2022-09-30,Money,0.024942379984278697
akre,2022-09-30,Other,0.050640790263307131
akre,2022-12-31,NoDur,-0.0013143630618862277
akre,2022-12-31,Durbl,-0.00043487347679368196
akre,2022-12-31,Manuf,-0.002089346324556493
akre,2022-12-31,Enrgy,0.0014826832939095979
akre,2022-12-31,Chems,-0.0012324902160132164
akre,2022-12-31,BusEq,0.0006422250122732593
akre,2022-12-31,Telcm,-0.00047847222443408045
akre,2022-12-31,Utils,-0.0016268986377781169
akre,2022-12-31,Shops,0.0080096461851159768
akre,2022-12-31,Hlth,-0.0035076057222445229
akre,2022-12-31,Money,0.027647923125654304
akre,2022-12-31,Other,0.069350897137985229
akre,2023-03-31,NoDur,-0.00056953314863706012
akre,2023-03-31,Durbl,0.0012684403740008668
akre,2023-03-31,Manuf,-0.00033548878669072965
akre,2023-03-31,Enrgy,0.0020736989014939408
akre,2023-03-31,Chems,-0.0006665531497679982
akre,2023-03-31,BusEq,0.0077291374261935965
akre,2023-03-31,Telcm,-0.00023980542852149306
akre,2023-03-31,Utils,-0.00080804123012034987
akre,2023-03-31,Shops,0.0048448196265265852
akre,2023-03-31,Hlth,-0.0019681003096668395
akre,2023-03-31,Money,0.022439768763020933
akre,2023-03-31,Other,0.056911639217402998
akre,2023-06-30,NoDur,-0.00028217137936755251
akre,2023-06-30,Durbl,0.0022993287995483483
akre,2023-06-30,Manuf,0.0001489072279980802
akre,2023-06-30,Enrgy,0.0019250495577503178
akre,2023-06-30,Chems,-0.00036912160557171325
akre,2023-06-30,BusEq,0.015574780490359354
akre,2023-06-30,Telcm,-0.00013963525023734841
akre,2023-06-30,Utils,-0.00034925954682226492
akre,2023-06-30,Shops,0.0052067594255432994
akre,2023-06-30,Hlth,-0.00094907537310341889
akre,2023-06-30,Money,0.015917522806578533
akre,2023-06-30,Other,0.048744498362846639
akre,2023-09-30,NoDur,-0.00040824220254101625
akre,2023-09-30,Durbl,0.0021939977671143122
akre,2023-09-30,Manuf,-0.00013911791935575658
akre,2023-09-30,Enrgy,0.001663325230190344
akre,2023-09-30,Chems,-0.00045518748240859681
akre,2023-09-30,BusEq,0.016548084316761944
akre,2023-09-30,Telcm,-0.00020504075774848443
akre,2023-09-30,Utils,-0.00043309212908945245
akre,2023-09-30,Shops,0.0054335441761074249
akre,2023-09-30,Hlth,-0.00080975789889357311
akre,2023-09-30,Money,0.01661931730980087
akre,2023-09-30,Other,0.050129281188588004
akre,2023-12-31,NoDur,-0.00049312738719507873
akre,2023-12-31,Durbl,0.0018231145425261024
akre,2023-12-31,Manuf,-0.00029861104826182108
akre,2023-12-31,Enrgy,0.0011398014853866954
akre,2023-12-31,Chems,-0.00049715216984652633
akre,2023-12-31,BusEq,0.018619747752323858
akre,2023-12-31,Telcm,-0.00025552126949555552
akre,2023-12-31,Utils,-0.00074271540004811542
akre,2023-12-31,Shops,0.0056773874448789686
akre,2023-12-31,Hlth,-0.00094978685327388069
akre,2023-12-31,Money,0.026310262527859479
akre,2023-12-31,Other,0.039201481839531128
akre,2024-03-31,NoDur,-0.00036093390241512225
akre,2024-03-31,Durbl,0.00076376129650336934
akre,2024-03-31,Manuf,-0.00028335327641693114
akre,2024-03-31,Enrgy,0.00094734107041236071
akre,2024-03-31,Chems,-0.00042917136493138069
akre,2024-03-31,BusEq,0.023133924042893678
akre,2024-03-31,Telcm,-0.00021884026140482247
akre,2024-03-31,Utils,-0.0006548211041206176
akre,2024-03-31,Shops,0.0069372037542182324
akre,2024-03-31,Hlth,-0.00075827757504675838
akre,2024-03-31,Money,0.023112923364804441
akre,2024-03-31,Other,0.035800418160143961
akre,2024-06-30,NoDur,-0.00042827482785815933
akre,2024-06-30,Durbl,0.001081046864090808
akre,2024-06-30,Manuf,-8.7800594500185469e-05
akre,2024-06-30,Enrgy,0.00066570445811063366
akre,2024-06-30,Chems,-0.00042018386181276788
akre,2024-06-30,BusEq,0.03464746604782791
akre,2024-06-30,Telcm,-0.00023224182671416146
akre,2024-06-30,Utils,-0.00083146391578644945
akre,2024-06-30,Shops,0.0070409665367250872
akre,2024-06-30,Hlth,-0.00076694846378514727
akre,2024-06-30,Money,0.023385146317173863
akre,2024-06-30,Other,0.029571296256773877
akre,2024-09-30,NoDur,-0.00056325172577323249
akre,2024-09-30,Durbl,0.0014527306495954084
akre,2024-09-30,Manuf,-0.00034223924685332417
akre,2024-09-30,Enrgy,0.00014869549238275098
akre,2024-09-30,Chems,-0.00049522372004290045
akre,2024-09-30,BusEq,0.033354165068255226
akre,2024-09-30,Telcm,-0.00029572086587855703
akre,2024-09-30,Utils,-0.00090403092822674374
akre,2024-09-30,Shops,0.0064893919234305991
akre,2024-09-30,Hlth,-0.00081994047942425031
akre,2024-09-30,Money,0.026134108132887027
akre,2024-09-30,Other,0.029697335054694001
akre,2024-12-31,NoDur,-0.00045779055274966442
akre,2024-12-31,Durbl,0.0030948580580470401
akre,2024-12-31,Manuf,-8.0501447680944758e-05
akre,2024-12-31,Enrgy,0.00014725948629925212
akre,2024-12-31,Chems,-0.00040294800670851019
akre,2024-12-31,BusEq,0.039229435927070157
akre,2024-12-31,Telcm,-0.00023753480075106414
akre,2024-12-31,Utils,-0.00076934697090335225
akre,2024-12-31,Shops,0.0078547294624293981
akre,2024-12-31,Hlth,-0.00055048479330618773
akre,2024-12-31,Money,0.022328267212522391
akre,2024-12-31,Other,0.024796664566769551
akre,2025-03-31,NoDur,-0.00071725961983489699
akre,2025-03-31,Durbl,0.0016489799097544004
akre,2025-03-31,Manuf,-0.0001195465283212611
akre,2025-03-31,Enrgy,0.00015938947668461839
akre,2025-03-31,Chems,-0.00045566516952901497
akre,2025-03-31,BusEq,0.036705207030767788
akre,2025-03-31,Telcm,-0.00027205957824569162
akre,2025-03-31,Utils,-0.00080302284528011882
akre,2025-03-31,Shops,0.010161308309073379
akre,2025-03-31,Hlth,-0.00095514200758359464
akre,2025-03-31,Money,0.014514665744085928
akre,2025-03-31,Other,0.027869421942308119
akre,2025-06-30,NoDur,-0.00070073862369101963
akre,2025-06-30,Durbl,0.0019910784917599044
akre,2025-06-30,Manuf,0.00016207198885787269
akre,2025-06-30,Enrgy,-0.00011285950021828224
akre,2025-06-30,Chems,-0.00038286523709583919
akre,2025-06-30,BusEq,0.045746687778238496
akre,2025-06-30,Telcm,-0.00030525788023811359
akre,2025-06-30,Utils,-0.00060126185903994721
akre,2025-06-30,Shops,0.0067085209845083862
akre,2025-06-30,Hlth,-0.00080035139013639079
akre,2025-06-30,Money,0.013965944083468913
akre,2025-06-30,Other,0.028454960496207948
akre,2025-09-30,NoDur,-0.00069183229465342652
akre,2025-09-30,Durbl,0.002903403862338404
akre,2025-09-30,Manuf,0.00022951675513336076
akre,2025-09-30,Enrgy,-0.00021091764004327885
akre,2025-09-30,Chems,-0.00037813968186037019
akre,2025-09-30,BusEq,0.046932239220143758
akre,2025-09-30,Telcm,-0.00034191204905751504
akre,2025-09-30,Utils,-0.00054226748892836072
akre,2025-09-30,Shops,0.0075197468564152346
akre,2025-09-30,Hlth,-0.0011522376858370559
akre,2025-09-30,Money,0.01483568551001116
akre,2025-09-30,Other,0.03032741994176431
akre,2025-12-31,NoDur,-0.00075649656384058864
akre,2025-12-31,Durbl,0.0028771800397699009
akre,2025-12-31,Manuf,0.00042551966256220634
akre,2025-12-31,Enrgy,-0.0002542210654337809
akre,2025-12-31,Chems,-0.00043621523207045606
akre,2025-12-31,BusEq,0.044996521918578399
akre,2025-12-31,Telcm,-0.00037722663876903163
akre,2025-12-31,Utils,-0.00042992113468957963
akre,2025-12-31,Shops,0.0063995659439997337
akre,2025-12-31,Hlth,-0.0011908574320820431
akre,2025-12-31,Money,0.01506504281248624
akre,2025-12-31,Other,0.034898250807549817
akre,2026-03-31,NoDur,-0.00052643536462404982
akre,2026-03-31,Durbl,0.0019223495166064085
akre,2026-03-31,Manuf,0.001438693849823219
akre,2026-03-31,Enrgy,0.00021236010537652801
akre,2026-03-31,Chems,-0.00033812730388792521
akre,2026-03-31,BusEq,0.042661908559892034
akre,2026-03-31,Telcm,-0.00032933759785971434
akre,2026-03-31,Utils,-0.00020121888616872832
akre,2026-03-31,Shops,0.005999021166902983
akre,2026-03-31,Hlth,-0.00099139589427619515
akre,2026-03-31,Money,0.014449141119298695
akre,2026-03-31,Other,0.044521940528114201
akre,2026-06-30,NoDur,-0.00048088192526415794
akre,2026-06-30,Durbl,0.0026224625037565507
akre,2026-06-30,Manuf,0.005083189999561053
akre,2026-06-30,Enrgy,3.5914538812617172e-05
akre,2026-06-30,Chems,-0.00027481703109687432
akre,2026-06-30,BusEq,0.06485730158144945
akre,2026-06-30,Telcm,-0.00023561499845216208
akre,2026-06-30,Utils,-1.9718334314091242e-05
akre,2026-06-30,Shops,0.0061258109051207724
akre,2026-06-30,Hlth,-0.0004982715722543523
akre,2026-06-30,Money,0.0069617341727462494
akre,2026-06-30,Other,0.05038531455353322
jensen,2019-09-30,NoDur,0.0031780006685217235
jensen,2019-09-30,Durbl,0.0002227989296239765
jensen,2019-09-30,Manuf,0.0022830872441198689
jensen,2019-09-30,Enrgy,0.0015361201468726384
jensen,2019-09-30,Chems,0.00060818885986104962
jensen,2019-09-30,BusEq,0.0056188088007407015
jensen,2019-09-30,Telcm,0.00073797840788202116
jensen,2019-09-30,Utils,-0.00044451252538735199
jensen,2019-09-30,Shops,0.0029756031485427144
jensen,2019-09-30,Hlth,0.0078808739729280732
jensen,2019-09-30,Money,0.0064807113578846049
jensen,2019-09-30,Other,0.003406958553984739
jensen,2019-12-31,NoDur,0.0036826098510093076
jensen,2019-12-31,Durbl,0.00019825526996059258
jensen,2019-12-31,Manuf,0.0027087273208910262
jensen,2019-12-31,Enrgy,0.0013967574232687653
jensen,2019-12-31,Chems,0.00029541033605605393
jensen,2019-12-31,BusEq,0.0052970488819478649
jensen,2019-12-31,Telcm,0.00067743037053343285
jensen,2019-12-31,Utils,-0.00035514918995155608
jensen,2019-12-31,Shops,0.0024791170869460644
jensen,2019-12-31,Hlth,0.008030233289500685
jensen,2019-12-31,Money,0.0058745576833815795
jensen,2019-12-31,Other,0.0033640129883765724
jensen,2020-03-31,NoDur,0.0013958024376634307
jensen,2020-03-31,Durbl,0.00041497503465731547
jensen,2020-03-31,Manuf,0.00042481514551210008
jensen,2020-03-31,Enrgy,0.0019604426526450692
jensen,2020-03-31,Chems,0.0010264643350900977
jensen,2020-03-31,BusEq,0.0064932367273909681
jensen,2020-03-31,Telcm,0.0016621224354207904
jensen,2020-03-31,Utils,0.0013281037503385231
jensen,2020-03-31,Shops,0.0077226911708534046
jensen,2020-03-31,Hlth,0.0049507343036717657
jensen,2020-03-31,Money,0.0092766776792689437
jensen,2020-03-31,Other,0.0031187450294710701
jensen,2020-06-30,NoDur,0.0012741369257899652
jensen,2020-06-30,Durbl,0.00067180884132800691
jensen,2020-06-30,Manuf,0.0027434250293901816
jensen,2020-06-30,Enrgy,0.0031980642089197296
jensen,2020-06-30,Chems,0.0013108043220724343
jensen,2020-06-30,BusEq,0.0064393734336941908
jensen,2020-06-30,Telcm,0.0016885953908465931
jensen,2020-06-30,Utils,0.0012551087988101671
jensen,2020-06-30,Shops,0.0081219563789162764
jensen,2020-06-30,Hlth,0.0032755612350001519
jensen,2020-06-30,Money,0.011251829131061302
jensen,2020-06-30,Other,0.0035300399896435837
jensen,2020-09-30,NoDur,0.0012201953362559739
jensen,2020-09-30,Durbl,0.00067296586862325869
jensen,2020-09-30,Manuf,0.0034567098004441728
jensen,2020-09-30,Enrgy,0.002154103449717653
jensen,2020-09-30,Chems,0.0013300218121302671
jensen,2020-09-30,BusEq,0.011007477874497108
jensen,2020-09-30,Telcm,0.0016290412567608722
jensen,2020-09-30,Utils,0.00089900488380322159
jensen,2020-09-30,Shops,0.0080928769108285208
jensen,2020-09-30,Hlth,0.0026466316397898409
jensen,2020-09-30,Money,0.0096588946126834243
jensen,2020-09-30,Other,0.0037688353173794603
jensen,2020-12-31,NoDur,0.00088292492396053633
jensen,2020-12-31,Durbl,0.0069193615464251158
jensen,2020-12-31,Manuf,0.0040684029023020348
jensen,2020-12-31,Enrgy,0.0030127024977414812
jensen,2020-12-31,Chems,0.0016263822043446961
jensen,2020-12-31,BusEq,0.0091342000156405898
jensen,2020-12-31,Telcm,0.0016556122426053411
jensen,2020-12-31,Utils,0.0010155871093593246
jensen,2020-12-31,Shops,0.0059701935316131089
jensen,2020-12-31,Hlth,0.0011898298213327469
jensen,2020-12-31,Money,0.012613628757679768
jensen,2020-12-31,Other,0.0045695425308030111
jensen,2021-03-31,NoDur,0.0022800821578912714
jensen,2021-03-31,Durbl,0.006705064028296538
jensen,2021-03-31,Manuf,0.0055306202152599774
jensen,2021-03-31,Enrgy,0.0047802508355225789
jensen,2021-03-31,Chems,0.0019643082267290328
jensen,2021-03-31,BusEq,0.0079776532857048672
jensen,2021-03-31,Telcm,0.0017903457820784049
jensen,2021-03-31,Utils,0.0013123876100914241
jensen,2021-03-31,Shops,0.004075629203453902
jensen,2021-03-31,Hlth,-0.00094593581416957786
jensen,2021-03-31,Money,0.016974011192561339
jensen,2021-03-31,Other,0.0051866157719191938
jensen,2021-06-30,NoDur,0.0016557955325524495
jensen,2021-06-30,Durbl,0.006272554104199266
jensen,2021-06-30,Manuf,0.0048768872679160954
jensen,2021-06-30,Enrgy,0.004772056269426405
jensen,2021-06-30,Chems,0.0018243456155453916
jensen,2021-06-30,BusEq,0.0093212684660155393
jensen,2021-06-30,Telcm,0.0016185005008501384
jensen,2021-06-30,Utils,0.0011272056243495699
jensen,2021-06-30,Shops,0.0042596763413878715
jensen,2021-06-30,Hlth,7.1388028408085686e-05
jensen,2021-06-30,Money,0.01523498732526018
jensen,2021-06-30,Other,0.0052052421861336273
jensen,2021-09-30,NoDur,0.0017687581316606082
jensen,2021-09-30,Durbl,0.0073257684157927491
jensen,2021-09-30,Manuf,0.0044092494854656447
jensen,2021-09-30,Enrgy,0.0046547332147961265
jensen,2021-09-30,Chems,0.0017844602592652725
jensen,2021-09-30,BusEq,0.0086407518390668667
jensen,2021-09-30,Telcm,0.001444143341496383
jensen,2021-09-30,Utils,0.00092992331916356356
jensen,2021-09-30,Shops,0.0042420821580211885
jensen,2021-09-30,Hlth,0.00067906708101204689
jensen,2021-09-30,Money,0.014977602152312757
jensen,2021-09-30,Other,0.0054208497002763189
jensen,2021-12-31,NoDur,0.0015509707181553039
jensen,2021-12-31,Durbl,0.0094562659725331167
jensen,2021-12-31,Manuf,0.0036407371102931238
jensen,2021-12-31,Enrgy,0.0042745088473116546
jensen,2021-12-31,Chems,0.0017010886521772412
jensen,2021-12-31,BusEq,0.01142127697723427
jensen,2021-12-31,Telcm,0.0010052749134164326
jensen,2021-12-31,Utils,0.00083584772548965991
jensen,2021-12-31,Shops,0.0034566365736326101
jensen,2021-12-31,Hlth,0.0015797547948052967
jensen,2021-12-31,Money,0.012609988020682483
jensen,2021-12-31,Other,0.004385022625445073
jensen,2022-03-31,NoDur,0.0017310798670953959
jensen,2022-03-31,Durbl,0.010076596665375409
jensen,2022-03-31,Manuf,0.0038651783063210782
jensen,2022-03-31,Enrgy,0.006595991468873315
jensen,2022-03-31,Chems,0.0018281675274020629
jensen,2022-03-31,BusEq,0.0090731613253766507
jensen,2022-03-31,Telcm,0.00089352052475906441
jensen,2022-03-31,Utils,0.00082760255459873812
jensen,2022-03-31,Shops,0.0033978333269623598
jensen,2022-03-31,Hlth,0.0020399992254550438
jensen,2022-03-31,Money,0.013037487006370772
jensen,2022-03-31,Other,0.00361522160845703
jensen,2022-06-30,NoDur,0.002182844366027926
jensen,2022-06-30,Durbl,0.0072621838493409606
jensen,2022-06-30,Manuf,0.0043244942851451184
jensen,2022-06-30,Enrgy,0.0087106966815726529
jensen,2022-06-30,Chems,0.0020998741169070633
jensen,2022-06-30,BusEq,0.0074110575587441104
jensen,2022-06-30,Telcm,0.0012506089090415786
jensen,2022-06-30,Utils,0.0011565885856102995
jensen,2022-06-30,Shops,0.0020975617962083895
jensen,2022-06-30,Hlth,0.0022653614836981922
jensen,2022-06-30,Money,0.014043322107678788
jensen,2022-06-30,Other,0.0026444338944952932
jensen,2022-09-30,NoDur,0.0022704930505829312
jensen,2022-09-30,Durbl,0.009609828569770917
jensen,2022-09-30,Manuf,0.0039042392139613594
jensen,2022-09-30,Enrgy,0.0091845357451937164
jensen,2022-09-30,Chems,0.002080867306945349
jensen,2022-09-30,BusEq,0.0062881512176814758
jensen,2022-09-30,Telcm,0.0009839576379368322
jensen,2022-09-30,Utils,0.0010027047153173107
jensen,2022-09-30,Shops,0.0025344552364295462
jensen,2022-09-30,Hlth,0.002723126297835928
jensen,2022-09-30,Money,0.013657283455650515
jensen,2022-09-30,Other,0.0030940430175348532
jensen,2022-12-31,NoDur,0.0025561554761540728
jensen,2022-12-31,Durbl,0.00357116585579734
jensen,2022-12-31,Manuf,0.0059707930571890559
jensen,2022-12-31,Enrgy,0.011616283596706726
jensen,2022-12-31,Chems,0.0022339259747020607
jensen,2022-12-31,BusEq,0.0055730820002426644
jensen,2022-12-31,Telcm,0.0010512046757556897
jensen,2022-12-31,Utils,0.0016027464922883327
jensen,2022-12-31,Shops,0.00049369565425288044
jensen,2022-12-31,Hlth,0.0026786788126735473
jensen,2022-12-31,Money,0.0157287460736199
jensen,2022-12-31,Other,0.0035075525941981509
jensen,2023-03-31,NoDur,0.0024054007144972103
jensen,2023-03-31,Durbl,0.0051583024750428271
jensen,2023-03-31,Manuf,0.0047170381886719468
jensen,2023-03-31,Enrgy,0.007873627126507611
jensen,2023-03-31,Chems,0.0018482380800460333
jensen,2023-03-31,BusEq,0.0088049355654199156
jensen,2023-03-31,Telcm,0.00077542358654384227
jensen,2023-03-31,Utils,0.00048523259745290246
jensen,2023-03-31,Shops,0.0020535976929204071
jensen,2023-03-31,Hlth,0.0033408862698854421
jensen,2023-03-31,Money,0.010834373761234728
jensen,2023-03-31,Other,0.004889516935473676
jensen,2023-06-30,NoDur,0.0021012932853560883
jensen,2023-06-30,Durbl,0.0063344211668418015
jensen,2023-06-30,Manuf,0.0034731740667770065
jensen,2023-06-30,Enrgy,0.0055970511030050199
jensen,2023-06-30,Chems,0.0015977854154692465
jensen,2023-06-30,BusEq,0.011245832167535476
jensen,2023-06-30,Telcm,0.00053799004672984083
jensen,2023-06-30,Utils,0.00019324869726732174
jensen,2023-06-30,Shops,0.0034960182693539116
jensen,2023-06-30,Hlth,0.0030399956596339783
jensen,2023-06-30,Money,0.0086868294013199548
jensen,2023-06-30,Other,0.0048687888158597051
jensen,2023-09-30,NoDur,0.0024409910168057508
jensen,2023-09-30,Durbl,0.0049933349686995575
jensen,2023-09-30,Manuf,0.0033442088336315665
jensen,2023-09-30,Enrgy,0.0063024401216168913
jensen,2023-09-30,Chems,0.0015690863827009037
jensen,2023-09-30,BusEq,0.010974625279384633
jensen,2023-09-30,Telcm,0.00045524310282090861
jensen,2023-09-30,Utils,0.00016065201434927183
jensen,2023-09-30,Shops,0.0032056656124314241
jensen,2023-09-30,Hlth,0.0021465003377298276
jensen,2023-09-30,Money,0.0093301341435646987
jensen,2023-09-30,Other,0.0069299417526793826
jensen,2023-12-31,NoDur,0.0023983527601519694
jensen,2023-12-31,Durbl,0.0044201473272188659
jensen,2023-12-31,Manuf,0.0033868558250093324
jensen,2023-12-31,Enrgy,0.0041760947159083482
jensen,2023-12-31,Chems,0.0014004086651607304
jensen,2023-12-31,BusEq,0.012237525596959446
jensen,2023-12-31,Telcm,0.00040006910757059796
jensen,2023-12-31,Utils,3.348151195463335e-05
jensen,2023-12-31,Shops,0.0041310486011658471
jensen,2023-12-31,Hlth,0.002230604442556205
jensen,2023-12-31,Money,0.0090962619308189822
jensen,2023-12-31,Other,0.0075388898651986835
jensen,2024-03-31,NoDur,0.0012855078400428911
jensen,2024-03-31,Durbl,0.0024976625253944435
jensen,2024-03-31,Manuf,0.0027870282580564954
jensen,2024-03-31,Enrgy,0.0036788920889126737
jensen,2024-03-31,Chems,0.0013433356881054942
jensen,2024-03-31,BusEq,0.019256278965727732
jensen,2024-03-31,Telcm,0.00031871793133420295
jensen,2024-03-31,Utils,6.584089106369369e-05
jensen,2024-03-31,Shops,0.005004004083489764
jensen,2024-03-31,Hlth,0.0026330241252313117
jensen,2024-03-31,Money,0.0088341342019467011
jensen,2024-03-31,Other,0.0069640657833587756
jensen,2024-06-30,NoDur,0.0011952261866090513
jensen,2024-06-30,Durbl,0.0027170869004127518
jensen,2024-06-30,Manuf,0.0022466790094672444
jensen,2024-06-30,Enrgy,0.0030709925123843891
jensen,2024-06-30,Chems,0.0011202826364043134
jensen,2024-06-30,BusEq,0.025601131807023329
jensen,2024-06-30,Telcm,0.00027016840816522242
jensen,2024-06-30,Utils,0.00010624958921094649
jensen,2024-06-30,Shops,0.0056845598384694402
jensen,2024-06-30,Hlth,0.0021931144462360819
jensen,2024-06-30,Money,0.0079612829372560888
jensen,2024-06-30,Other,0.0058309824215398032
jensen,2024-09-30,NoDur,0.0011245762466288269
jensen,2024-09-30,Durbl,0.0037230651876732461
jensen,2024-09-30,Manuf,0.0024649331667693898
jensen,2024-09-30,Enrgy,0.002450526363801516
jensen,2024-09-30,Chems,0.0011505419436604152
jensen,2024-09-30,BusEq,0.02586520409203347
jensen,2024-09-30,Telcm,0.00025737008953186509
jensen,2024-09-30,Utils,0.00017826328526208146
jensen,2024-09-30,Shops,0.0053328525371978104
jensen,2024-09-30,Hlth,0.0027824874275111221
jensen,2024-09-30,Money,0.0078734240614076051
jensen,2024-09-30,Other,0.0063310431256187894
jensen,2024-12-31,NoDur,0.0011359222120088911
jensen,2024-12-31,Durbl,0.0068723922029875466
jensen,2024-12-31,Manuf,0.0026770094771892752
jensen,2024-12-31,Enrgy,0.0021293721363206735
jensen,2024-12-31,Chems,0.0010643906607008069
jensen,2024-12-31,BusEq,0.026871978309307609
jensen,2024-12-31,Telcm,0.00028992815899398324
jensen,2024-12-31,Utils,0.00034752994392130729
jensen,2024-12-31,Shops,0.0066059244960778489
jensen,2024-12-31,Hlth,0.0019028297523681261
jensen,2024-12-31,Money,0.0092054281947709215
jensen,2024-12-31,Other,0.0052215253778437271
jensen,2025-03-31,NoDur,0.00041953430745194427
jensen,2025-03-31,Durbl,0.0039713037239808681
jensen,2025-03-31,Manuf,0.0027696320008423524
jensen,2025-03-31,Enrgy,0.0022595412780493963
jensen,2025-03-31,Chems,0.0011190892377617315
jensen,2025-03-31,BusEq,0.022606436019107612
jensen,2025-03-31,Telcm,0.00026184639278648383
jensen,2025-03-31,Utils,0.00039377135622043391
jensen,2025-03-31,Shops,0.0053051344552702056
jensen,2025-03-31,Hlth,0.0038146343805140655
jensen,2025-03-31,Money,0.0095353936898449777
jensen,2025-03-31,Other,0.0075966330162627483
jensen,2025-06-30,NoDur,5.237998000567679e-06
jensen,2025-06-30,Durbl,0.0049798951965488196
jensen,2025-06-30,Manuf,0.0039572896077113692
jensen,2025-06-30,Enrgy,0.002173676871297949
jensen,2025-06-30,Chems,0.0010211720964447702
jensen,2025-06-30,BusEq,0.016397614197204969
jensen,2025-06-30,Telcm,0.00034266445142650621
jensen,2025-06-30,Utils,0.0008138397312663088
jensen,2025-06-30,Shops,0.0057696424704802868
jensen,2025-06-30,Hlth,0.0043252620723624128
jensen,2025-06-30,Money,0.010633638164381769
jensen,2025-06-30,Other,0.0065588106614711279
jensen,2025-09-30,NoDur,-3.6495726386617219e-05
jensen,2025-09-30,Durbl,0.0070312066456212673
jensen,2025-09-30,Manuf,0.0042240193016645977
jensen,2025-09-30,Enrgy,0.0020826875636177251
jensen,2025-09-30,Chems,0.001085076484782628
jensen,2025-09-30,BusEq,0.014716209379829391
jensen,2025-09-30,Telcm,0.00030548113234772417
jensen,2025-09-30,Utils,0.00082105147364895637
jensen,2025-09-30,Shops,0.0050146213778118421
jensen,2025-09-30,Hlth,0.004721515674302847
jensen,2025-09-30,Money,0.011356451928792127
jensen,2025-09-30,Other,0.0051899788296264323
jensen,2025-12-31,NoDur,9.0922714115353813e-05
jensen,2025-12-31,Durbl,0.0063526618420302796
jensen,2025-12-31,Manuf,0.0045384275029633865
jensen,2025-12-31,Enrgy,0.0022293280997484478
jensen,2025-12-31,Chems,0.0010607180451064836
jensen,2025-12-31,BusEq,0.010852768199569651
jensen,2025-12-31,Telcm,0.00043682816836239873
jensen,2025-12-31,Utils,0.0010723370551850983
jensen,2025-12-31,Shops,0.001302167602941108
jensen,2025-12-31,Hlth,0.0039573068455264161
jensen,2025-12-31,Money,0.01090634642684017
jensen,2025-12-31,Other,0.0047913967199154943
jensen,2026-03-31,NoDur,0.00021399038914454859
jensen,2026-03-31,Durbl,0.0038514291398291257
jensen,2026-03-31,Manuf,0.004523293319568019
jensen,2026-03-31,Enrgy,0.003281511728018631
jensen,2026-03-31,Chems,0.00091678676548208034
jensen,2026-03-31,BusEq,0.013215971481699418
jensen,2026-03-31,Telcm,0.00050350663774954537
jensen,2026-03-31,Utils,0.0013160916960205905
jensen,2026-03-31,Shops,0.0017487285765588093
jensen,2026-03-31,Hlth,0.0046887104885393127
jensen,2026-03-31,Money,0.0090419323552254956
jensen,2026-03-31,Other,0.0054901134853074492
jensen,2026-06-30,NoDur,0.00020435641217286793
jensen,2026-06-30,Durbl,0.0048039108703589921
jensen,2026-06-30,Manuf,0.0075675540046558666
jensen,2026-06-30,Enrgy,0.0019014395471928856
jensen,2026-06-30,Chems,0.001317424078368687
jensen,2026-06-30,BusEq,0.021756344767083713
jensen,2026-06-30,Telcm,0.00024292122986231318
jensen,2026-06-30,Utils,0.00085960154768563338
jensen,2026-06-30,Shops,0.00039470943469542726
jensen,2026-06-30,Hlth,0.0036492063151349978
jensen,2026-06-30,Money,0.0092716338908440023
jensen,2026-06-30,Other,0.0055679555404838594
polen,2019-09-30,NoDur,-0.00037762440803722029
polen,2019-09-30,Durbl,-2.2381847345527333e-05
polen,2019-09-30,Manuf,0.001839948415010907
polen,2019-09-30,Enrgy,1.3997307102289671e-06
polen,2019-09-30,Chems,-9.631680106816222e-05
polen,2019-09-30,BusEq,0.016999159873643945
polen,2019-09-30,Telcm,1.1040538896589536e-05
polen,2019-09-30,Utils,5.0582816266033106e-06
polen,2019-09-30,Shops,0.0047042521287276188
polen,2019-09-30,Hlth,0.0045674707013166251
polen,2019-09-30,Money,-0.00038691493318371094
polen,2019-09-30,Other,0.013194634050641148
polen,2019-12-31,NoDur,-0.00034893335670806787
polen,2019-12-31,Durbl,-8.9892016037540273e-05
polen,2019-12-31,Manuf,0.0012528899942503343
polen,2019-12-31,Enrgy,2.2859805509755742e-06
polen,2019-12-31,Chems,-0.00011036593839238209
polen,2019-12-31,BusEq,0.018011569757814542
polen,2019-12-31,Telcm,-5.3058536238731166e-05
polen,2019-12-31,Utils,4.2510350087408578e-06
polen,2019-12-31,Shops,0.0031642171182293803
polen,2019-12-31,Hlth,0.0076935187363728671
polen,2019-12-31,Money,-0.00063902625988287976
polen,2019-12-31,Other,0.013295666252179462
polen,2020-03-31,NoDur,-0.0001665756278612491
polen,2020-03-31,Durbl,-3.7235734185479371e-05
polen,2020-03-31,Manuf,0.0003278788189089917
polen,2020-03-31,Enrgy,-2.8420647815721377e-07
polen,2020-03-31,Chems,-0.00010273890976561028
polen,2020-03-31,BusEq,0.027309149973612591
polen,2020-03-31,Telcm,-0.00020845517754650313
polen,2020-03-31,Utils,-3.5233828201312159e-06
polen,2020-03-31,Shops,0.00015008276393139785
polen,2020-03-31,Hlth,0.0085055565488603366
polen,2020-03-31,Money,-0.00068433880009510827
polen,2020-03-31,Other,0.011892692452197109
polen,2020-06-30,NoDur,-0.00061040819934648127
polen,2020-06-30,Durbl,0.00029589159015514486
polen,2020-06-30,Manuf,-0.00022577019635087821
polen,2020-06-30,Enrgy,0
polen,2020-06-30,Chems,-0.00024004932194059584
polen,2020-06-30,BusEq,0.02977947081415671
polen,2020-06-30,Telcm,-0.00027941736495074628
polen,2020-06-30,Utils,-3.6806449410227843e-05
polen,2020-06-30,Shops,0.0014326736706696621
polen,2020-06-30,Hlth,0.0086426497166960294
polen,2020-06-30,Money,-0.0015151852118487456
polen,2020-06-30,Other,0.015593758968606449
polen,2020-09-30,NoDur,-0.00032680763588597921
polen,2020-09-30,Durbl,0.0024128572998768655
polen,2020-09-30,Manuf,4.2174272657105748e-05
polen,2020-09-30,Enrgy,0
polen,2020-09-30,Chems,-3.6499989892932751e-05
polen,2020-09-30,BusEq,0.030326727963909023
polen,2020-09-30,Telcm,-5.8300042898205544e-05
polen,2020-09-30,Utils,-1.5717101577588082e-05
polen,2020-09-30,Shops,0.0045234163390314216
polen,2020-09-30,Hlth,0.0086320284225360495
polen,2020-09-30,Money,-0.00040821414733645592
polen,2020-09-30,Other,0.011447189705097701
polen,2020-12-31,NoDur,-0.00025843490594830903
polen,2020-12-31,Durbl,0.0055045336057425193
polen,2020-12-31,Manuf,7.4070495824338144e-05
polen,2020-12-31,Enrgy,0
polen,2020-12-31,Chems,-3.528225554912924e-05
polen,2020-12-31,BusEq,0.029945580809094239
polen,2020-12-31,Telcm,3.4449154471559227e-06
polen,2020-12-31,Utils,-2.008547496228713e-05
polen,2020-12-31,Shops,0.0046649822988875664
polen,2020-12-31,Hlth,0.0091755052047915731
polen,2020-12-31,Money,-0.00022034885301569292
polen,2020-12-31,Other,0.010912685746504445
polen,2021-03-31,NoDur,-7.5641828763893073e-05
polen,2021-03-31,Durbl,0.0051282788443998556
polen,2021-03-31,Manuf,0.00035007646393023906
polen,2021-03-31,Enrgy,0
polen,2021-03-31,Chems,3.3038282597460479e-05
polen,2021-03-31,BusEq,0.031663491590254736
polen,2021-03-31,Telcm,-0.00013946431201620769
polen,2021-03-31,Utils,-1.9636858610784742e-05
polen,2021-03-31,Shops,0.0012998787804689455
polen,2021-03-31,Hlth,0.0060772047651957541
polen,2021-03-31,Money,1.3257505415544379e-05
polen,2021-03-31,Other,0.011383051983130266
polen,2021-06-30,NoDur,0.00031224566776693881
polen,2021-06-30,Durbl,0.0052203082857475236
polen,2021-06-30,Manuf,0.0013437573777991701
polen,2021-06-30,Enrgy,6.0822942568694422e-05
polen,2021-06-30,Chems,0.00012758947727393077
polen,2021-06-30,BusEq,0.033786628113158267
polen,2021-06-30,Telcm,7.8601089558199861e-05
polen,2021-06-30,Utils,2.4076709956667983e-05
polen,2021-06-30,Shops,0.0022394516476063092
polen,2021-06-30,Hlth,0.0049398391154334368
polen,2021-06-30,Money,0.0010337195219414534
polen,2021-06-30,Other,0.0086391205458341367
polen,2021-09-30,NoDur,0.00044319568612172976
polen,2021-09-30,Durbl,0.0069206066636031127
polen,2021-09-30,Manuf,0.00122985879405683
polen,2021-09-30,Enrgy,5.7669920556919206e-05
polen,2021-09-30,Chems,0.000159594949613041
polen,2021-09-30,BusEq,0.032482550837499916
polen,2021-09-30,Telcm,0.0001002416451025048
polen,2021-09-30,Utils,3.0512382587260858e-05
polen,2021-09-30,Shops,0.0026763133562355767
polen,2021-09-30,Hlth,0.003965281085995258
polen,2021-09-30,Money,0.00094989764801300264
polen,2021-09-30,Other,0.0074956852122484282
polen,2021-12-31,NoDur,0.00059251431263520195
polen,2021-12-31,Durbl,0.010778430741198376
polen,2021-12-31,Manuf,0.001535752478128133
polen,2021-12-31,Enrgy,7.5087182181332175e-05
polen,2021-12-31,Chems,0.00028218952937572085
polen,2021-12-31,BusEq,0.034623691739255835
polen,2021-12-31,Telcm,0.00015713992235062829
polen,2021-12-31,Utils,4.6666036529537252e-05
polen,2021-12-31,Shops,0.0031778575989575837
polen,2021-12-31,Hlth,0.0025881262914132595
polen,2021-12-31,Money,0.00090283235040628949
polen,2021-12-31,Other,0.0039319639805002584
polen,2022-03-31,NoDur,0.00056976760274539222
polen,2022-03-31,Durbl,0.011056807086631025
polen,2022-03-31,Manuf,0.0014722506875988733
polen,2022-03-31,Enrgy,0.00012811353972614253
polen,2022-03-31,Chems,0.00016868559000208645
polen,2022-03-31,BusEq,0.034290162392655851
polen,2022-03-31,Telcm,-2.0786689169262941e-05
polen,2022-03-31,Utils,7.1203938794431126e-05
polen,2022-03-31,Shops,0.0029693505055558554
polen,2022-03-31,Hlth,0.0026723330210413365
polen,2022-03-31,Money,0.00072373005503373507
polen,2022-03-31,Other,0.010265041274970063
polen,2022-06-30,NoDur,0.0003156184302360667
polen,2022-06-30,Durbl,0.0025290786332626959
polen,2022-06-30,Manuf,0.0014735453161110767
polen,2022-06-30,Enrgy,0.00080434195440522887
polen,2022-06-30,Chems,9.9272643442009168e-05
polen,2022-06-30,BusEq,0.034970040057125271
polen,2022-06-30,Telcm,-0.00018847630305266345
polen,2022-06-30,Utils,0.00011209729786750462
polen,2022-06-30,Shops,0.0063005010803671071
polen,2022-06-30,Hlth,0.0038420796881192556
polen,2022-06-30,Money,-0.00037039525390977535
polen,2022-06-30,Other,0.020184884248352429
polen,2022-09-30,NoDur,0.00047757880474840478
polen,2022-09-30,Durbl,0.0029891427797938993
polen,2022-09-30,Manuf,0.0013875233477921758
polen,2022-09-30,Enrgy,0.00087004306863155826
polen,2022-09-30,Chems,0.00015094276464434081
polen,2022-09-30,BusEq,0.036023147661934679
polen,2022-09-30,Telcm,-0.00021652594365515601
polen,2022-09-30,Utils,0.00013332979642741077
polen,2022-09-30,Shops,0.0082227364906873376
polen,2022-09-30,Hlth,0.002127247992224942
polen,2022-09-30,Money,-0.00023330289534347802
polen,2022-09-30,Other,0.026159564303544016
polen,2022-12-31,NoDur,0.00061034948530111445
polen,2022-12-31,Durbl,-0.0006494068240282051
polen,2022-12-31,Manuf,0.0020968676581581583
polen,2022-12-31,Enrgy,0.0010751194202014082
polen,2022-12-31,Chems,0.00015384547159172493
polen,2022-12-31,BusEq,0.033906268184567039
polen,2022-12-31,Telcm,-0.00024883590203259509
polen,2022-12-31,Utils,0.00016624442805459276
polen,2022-12-31,Shops,0.0065813219103497246
polen,2022-12-31,Hlth,0.0028677624079255382
polen,2022-12-31,Money,-0.00020941976915493245
polen,2022-12-31,Other,0.030594948224111341
polen,2023-03-31,NoDur,-2.0771005269782066e-06
polen,2023-03-31,Durbl,-0.0010069785064413448
polen,2023-03-31,Manuf,0.001152105278259498
polen,2023-03-31,Enrgy,0.00049106771024356338
polen,2023-03-31,Chems,-0.00016938506468831805
polen,2023-03-31,BusEq,0.031387099220834498
polen,2023-03-31,Telcm,-0.00031463829407095807
polen,2023-03-31,Utils,5.4027015159330561e-05
polen,2023-03-31,Shops,0.011831270289902088
polen,2023-03-31,Hlth,0.0036517857780983226
polen,2023-03-31,Money,-0.0010102682537343564
polen,2023-03-31,Other,0.034489646967481642
polen,2023-06-30,NoDur,-0.00010201219316681274
polen,2023-06-30,Durbl,0.0013406051256798527
polen,2023-06-30,Manuf,0.0010471437334786955
polen,2023-06-30,Enrgy,2.4668604603721301e-05
polen,2023-06-30,Chems,-2.9747209559965004e-05
polen,2023-06-30,BusEq,0.029603038175817675
polen,2023-06-30,Telcm,-0.00018565463242848431
polen,2023-06-30,Utils,4.7929490539775346e-05
polen,2023-06-30,Shops,0.010510829735228362
polen,2023-06-30,Hlth,0.0028217560219287985
polen,2023-06-30,Money,-0.0006360199070096276
polen,2023-06-30,Other,0.031008389699900822
polen,2023-09-30,NoDur,-7.255305205325615e-05
polen,2023-09-30,Durbl,0.0019633391671225646
polen,2023-09-30,Manuf,0.00097702251086874631
polen,2023-09-30,Enrgy,2.6939353057299221e-05
polen,2023-09-30,Chems,-3.2310735578308639e-05
polen,2023-09-30,BusEq,0.028188654170090442
polen,2023-09-30,Telcm,-0.0001509327919252634
polen,2023-09-30,Utils,4.7720022195290416e-05
polen,2023-09-30,Shops,0.0075858917436387382
polen,2023-09-30,Hlth,0.0030081385760860886
polen,2023-09-30,Money,-0.00050559481774032126
polen,2023-09-30,Other,0.026069838749007354
polen,2023-12-31,NoDur,-0.00011442136881801429
polen,2023-12-31,Durbl,0.002525918718211942
polen,2023-12-31,Manuf,0.0010176650178408736
polen,2023-12-31,Enrgy,1.9795604972718784e-05
polen,2023-12-31,Chems,-5.076024974299001e-05
polen,2023-12-31,BusEq,0.030776464508515438
polen,2023-12-31,Telcm,-0.00010720114225672918
polen,2023-12-31,Utils,4.0612320764097972e-05
polen,2023-12-31,Shops,0.0082602082497441505
polen,2023-12-31,Hlth,0.0026405953521505027
polen,2023-12-31,Money,-0.00023895165156360767
polen,2023-12-31,Other,0.018070726095907454
polen,2024-03-31,NoDur,0.00012497675762060851
polen,2024-03-31,Durbl,0.0020529621530563104
polen,2024-03-31,Manuf,0.0013961816607841503
polen,2024-03-31,Enrgy,3.070599060258039e-05
polen,2024-03-31,Chems,2.9045438330958204e-05
polen,2024-03-31,BusEq,0.041386861795805065
polen,2024-03-31,Telcm,-6.0898108297640372e-06
polen,2024-03-31,Utils,7.2028000574523023e-05
polen,2024-03-31,Shops,0.0060064645676555775
polen,2024-03-31,Hlth,0.0023996658519907449
polen,2024-03-31,Money,0.00025881737318895679
polen,2024-03-31,Other,0.0089564562676586485
polen,2024-06-30,NoDur,1.3090050606584667e-06
polen,2024-06-30,Durbl,0.002398493229141162
polen,2024-06-30,Manuf,0.0011125690366125033
polen,2024-06-30,Enrgy,2.3732257774536026e-05
polen,2024-06-30,Chems,8.055490732797734e-06
polen,2024-06-30,BusEq,0.055520312136756761
polen,2024-06-30,Telcm,1.7336537441153591e-06
polen,2024-06-30,Utils,6.5424320330031749e-05
polen,2024-06-30,Shops,0.0049422711060497929
polen,2024-06-30,Hlth,0.0026880632498645822
polen,2024-06-30,Money,0.00030575616579836746
polen,2024-06-30,Other,0.0041601497164533482
polen,2024-09-30,NoDur,-3.8313685484132982e-05
polen,2024-09-30,Durbl,0.0051574232322935858
polen,2024-09-30,Manuf,0.00099627497851311505
polen,2024-09-30,Enrgy,1.4948435319701015e-05
polen,2024-09-30,Chems,-2.3273649606872145e-05
polen,2024-09-30,BusEq,0.068870135046283087
polen,2024-09-30,Telcm,0.00011213263758270295
polen,2024-09-30,Utils,0.00024641044104774452
polen,2024-09-30,Shops,-0.00014629002643132743
polen,2024-09-30,Hlth,0.0027026530731276209
polen,2024-09-30,Money,0.0014918812672800178
polen,2024-09-30,Other,-0.00023167231770189771
polen,2024-12-31,NoDur,3.6195590617006352e-06
polen,2024-12-31,Durbl,0.0092698600835690453
polen,2024-12-31,Manuf,0.0009302999870168915
polen,2024-12-31,Enrgy,1.5308143716207117e-05
polen,2024-12-31,Chems,-1.6395906679442708e-05
polen,2024-12-31,BusEq,0.071081713094316545
polen,2024-12-31,Telcm,9.9632288998252057e-05
polen,2024-12-31,Utils,0.00030126836684447905
polen,2024-12-31,Shops,-0.00037384465233430866
polen,2024-12-31,Hlth,0.0018170952624725176
polen,2024-12-31,Money,0.0013560430487147537
polen,2024-12-31,Other,-0.0020877579591323629
polen,2025-03-31,NoDur,-0.00012574109317920249
polen,2025-03-31,Durbl,0.0071584530351373379
polen,2025-03-31,Manuf,0.0010841272542778803
polen,2025-03-31,Enrgy,1.957131469609139e-05
polen,2025-03-31,Chems,-8.0340380469329185e-05
polen,2025-03-31,BusEq,0.072127258413015774
polen,2025-03-31,Telcm,0.00025261752909681412
polen,2025-03-31,Utils,0.00042171837875637464
polen,2025-03-31,Shops,-0.0015484943760582849
polen,2025-03-31,Hlth,0.0033380384729571329
polen,2025-03-31,Money,0.0022516563241109519
polen,2025-03-31,Other,-0.0031473824249404563
polen,2025-06-30,NoDur,1.0524285460753078e-05
polen,2025-06-30,Durbl,0.0079321489935561297
polen,2025-06-30,Manuf,0.0025756082289853655
polen,2025-06-30,Enrgy,3.7278088420582994e-06
polen,2025-06-30,Chems,-3.7144649183861279e-05
polen,2025-06-30,BusEq,0.087493125665422805
polen,2025-06-30,Telcm,0.00034509087232644246
polen,2025-06-30,Utils,0.00059800471014118594
polen,2025-06-30,Shops,-0.0020823791740034723
polen,2025-06-30,Hlth,0.0024623611155518109
polen,2025-06-30,Money,0.001702312890846513
polen,2025-06-30,Other,-0.0037199711248341988
polen,2025-09-30,NoDur,-2.6338322406092279e-05
polen,2025-09-30,Durbl,0.011695649878312318
polen,2025-09-30,Manuf,0.0024094835574206518
polen,2025-09-30,Enrgy,-1.7577262616268482e-05
polen,2025-09-30,Chems,-3.9612691073365213e-05
polen,2025-09-30,BusEq,0.061959458253818975
polen,2025-09-30,Telcm,0.00028742889033369479
polen,2025-09-30,Utils,0.00045577768295809691
polen,2025-09-30,Shops,-0.0013411107273291992
polen,2025-09-30,Hlth,0.0025226392836906345
polen,2025-09-30,Money,0.0015554077369627653
polen,2025-09-30,Other,-0.0011337265005662847
polen,2025-12-31,NoDur,-9.5386301023043417e-05
polen,2025-12-31,Durbl,0.011092881777815602
polen,2025-12-31,Manuf,0.0028305204274953035
polen,2025-12-31,Enrgy,2.1350363299916332e-06
polen,2025-12-31,Chems,-3.894343873759577e-05
polen,2025-12-31,BusEq,0.050710270070115804
polen,2025-12-31,Telcm,0.00013370790560845338
polen,2025-12-31,Utils,0.00042560061547604523
polen,2025-12-31,Shops,-0.00086058777604755164
polen,2025-12-31,Hlth,0.0028225681965078765
polen,2025-12-31,Money,0.0015720571448910848
polen,2025-12-31,Other,0.00060928910086848376
polen,2026-03-31,NoDur,-0.00010886915954399366
polen,2026-03-31,Durbl,0.007837864764146385
polen,2026-03-31,Manuf,0.00083893660759650109
polen,2026-03-31,Enrgy,-3.4669380816810418e-06
polen,2026-03-31,Chems,-4.0715194268173358e-05
polen,2026-03-31,BusEq,0.045497030253077456
polen,2026-03-31,Telcm,2.8634846335886021e-05
polen,2026-03-31,Utils,0.00039406707493984156
polen,2026-03-31,Shops,0.00099467077046712805
polen,2026-03-31,Hlth,0.0041506500466742674
polen,2026-03-31,Money,0.0012721868332787631
polen,2026-03-31,Other,0.0073400307620068422
polen,2026-06-30,NoDur,3.1777815478993988e-05
polen,2026-06-30,Durbl,0.0087362179944655283
polen,2026-06-30,Manuf,-0.0052645054844070692
polen,2026-06-30,Enrgy,4.4937372855280254e-05
polen,2026-06-30,Chems,-3.889132368353974e-05
polen,2026-06-30,BusEq,0.075550343013878821
polen,2026-06-30,Telcm,0.00014573730009217751
polen,2026-06-30,Utils,0.00054025468506879607
polen,2026-06-30,Shops,-0.0017635213570519194
polen,2026-06-30,Hlth,0.0014067722635125353
polen,2026-06-30,Money,0.00062362727215136804
polen,2026-06-30,Other,0.0042506307664485175
