series_id,series_kind,coef,value,se_hac,t_hac,r2,resid_vol_ann,n_months
akre_book,book,alpha,-0.0045607627941778089,0.0032757969485550306,-1.3922605295146828,0.76433802222993374,0.1002866068551294,83
akre_book,book,mkt,0.95504797185104484,0.074189402184339379,12.873105103044566,0.76433802222993374,0.1002866068551294,83
akre_book,book,smb,-0.053411071990562019,0.15757270098044446,-0.3389614549869942,0.76433802222993374,0.1002866068551294,83
akre_book,book,hml,0.0077294630213264187,0.1077845186760578,0.071712182011565317,0.76433802222993374,0.1002866068551294,83
akre_book,book,rmw,0.32518437227585101,0.12683940867107918,2.5637487251231308,0.76433802222993374,0.1002866068551294,83
akre_book,book,cma,-0.10101534469523729,0.14381337512530404,-0.70240577141884764,0.76433802222993374,0.1002866068551294,83
akre_book,book,umd,-0.12601407787920277,0.089964527533417507,-1.4007084940494416,0.76433802222993374,0.1002866068551294,83
akre_nav,nav,alpha,-0.0029738342936191358,0.0031751446962272243,-0.9365980382414415,0.7698616145170285,0.095807033144955631,80
akre_nav,nav,mkt,0.90378178175573454,0.078477265799799273,11.516478976998791,0.7698616145170285,0.095807033144955631,80
akre_nav,nav,smb,-0.18635211388127404,0.16906371094517167,-1.1022596915650875,0.7698616145170285,0.095807033144955631,80
akre_nav,nav,hml,-0.0081601715445084044,0.1050161586835946,-0.077703961436014407,0.7698616145170285,0.095807033144955631,80
akre_nav,nav,rmw,0.18923921001717209,0.1339990572071951,1.4122428467878121,0.7698616145170285,0.095807033144955631,80
akre_nav,nav,cma,-0.17356348126234439,0.13028051504130125,-1.3322290075942795,0.7698616145170285,0.095807033144955631,80
akre_nav,nav,umd,-0.17485702505122824,0.11248299302516342,-1.5545196686943707,0.7698616145170285,0.095807033144955631,80
jensen_book,book,alpha,-0.0031886872870087813,0.0014293264412364932,-2.2309020493948788,0.92257068096466155,0.045159783222697515,83
jensen_book,book,mkt,0.88394994824954876,0.035308588048418181,25.034984322720589,0.92257068096466155,0.045159783222697515,83
jensen_book,book,smb,-0.1037399203753316,0.067258763897497006,-1.5424000437092811,0.92257068096466155,0.045159783222697515,83
jensen_book,book,hml,-0.074726808981384146,0.050659056997802487,-1.4750927753081879,0.92257068096466155,0.045159783222697515,83
jensen_book,book,rmw,0.28168001920388752,0.059774873616835492,4.7123482185757863,0.92257068096466155,0.045159783222697515,83
jensen_book,book,cma,0.12513525458516994,0.075398200810059574,1.659658363737434,0.92257068096466155,0.045159783222697515,83
jensen_book,book,umd,-0.00287885867416518,0.034149625407909959,-0.084301325117855028,0.92257068096466155,0.045159783222697515,83
jensen_nav,nav,alpha,-0.0035632199443362202,0.0014719418641738562,-2.4207613296847952,0.9148557179515564,0.046469726390309433,83
jensen_nav,nav,mkt,0.86119005272471105,0.036837854683188183,23.377855744616294,0.9148557179515564,0.046469726390309433,83
jensen_nav,nav,smb,-0.097047177425006112,0.065918995174245584,-1.4722187006716123,0.9148557179515564,0.046469726390309433,83
jensen_nav,nav,hml,-0.082685776059241878,0.053395589190441822,-1.5485506820485315,0.9148557179515564,0.046469726390309433,83
jensen_nav,nav,rmw,0.29148295010608971,0.056508615603100047,5.1582037003592607,0.9148557179515564,0.046469726390309433,83
jensen_nav,nav,cma,0.12635275020706338,0.079567168653959255,1.5880010856811615,0.9148557179515564,0.046469726390309433,83
jensen_nav,nav,umd,-0.0038467228708184767,0.034527027787713528,-0.11141193196442285,0.9148557179515564,0.046469726390309433,83
polen_book,book,alpha,-0.0040271037263314349,0.0019528821953449782,-2.0621334640311182,0.92862585725554636,0.056016537561788295,83
polen_book,book,mkt,1.0396562769386635,0.035670048203261251,29.146478048314201,0.92862585725554636,0.056016537561788295,83
polen_book,book,smb,-0.28108625294298206,0.068275439029459539,-4.1169453750667024,0.92862585725554636,0.056016537561788295,83
polen_book,book,hml,-0.18951220887604267,0.058721111272549531,-3.2273266763708932,0.92862585725554636,0.056016537561788295,83
polen_book,book,rmw,-0.013752846928746561,0.076898938044616547,-0.17884313201785959,0.92862585725554636,0.056016537561788295,83
polen_book,book,cma,-0.22585622164763336,0.086441101430547868,-2.6128336857102665,0.92862585725554636,0.056016537561788295,83
polen_book,book,umd,-0.19606680761237394,0.049591373386506279,-3.9536474637285073,0.92862585725554636,0.056016537561788295,83
polen_nav,nav,alpha,-0.0051854667438057762,0.0020056571450162738,-2.585420323055116,0.92332721698308418,0.057719942413410712,83
polen_nav,nav,mkt,1.0264512126334342,0.036954695426427389,27.775934851823695,0.92332721698308418,0.057719942413410712,83
polen_nav,nav,smb,-0.30827737089310575,0.072846813184274675,-4.231858023950636,0.92332721698308418,0.057719942413410712,83
polen_nav,nav,hml,-0.17910427658085301,0.05641605061853925,-3.1747042662003775,0.92332721698308418,0.057719942413410712,83
polen_nav,nav,rmw,-0.058737017382858317,0.079617501298931345,-0.73774002480088763,0.92332721698308418,0.057719942413410712,83
polen_nav,nav,cma,-0.23639280796332457,0.084075629048918007,-2.811668620710329,0.92332721698308418,0.057719942413410712,83
polen_nav,nav,umd,-0.20690028485009315,0.052634777599282589,-3.9308665161513514,0.92332721698308418,0.057719942413410712,83
ivv_book,book,alpha,1.7534688330509356e-05,0.00030364214032650927,0.057747874888690154,0.99650061215679298,0.010241542009995008,83
ivv_book,book,mkt,0.9884936819449005,0.0091047752823352531,108.56870722144447,0.99650061215679298,0.010241542009995008,83
ivv_book,book,smb,-0.12258226540984464,0.013747061256600291,-8.9169796454489489,0.99650061215679298,0.010241542009995008,83
ivv_book,book,hml,0.023543481022310658,0.012438541207937293,1.8927847428995186,0.99650061215679298,0.010241542009995008,83
ivv_book,book,rmw,0.050293805180617157,0.019401277595773318,2.5922934679092453,0.99650061215679298,0.010241542009995008,83
ivv_book,book,cma,0.017538879814257499,0.016054053580795979,1.0924891788848694,0.99650061215679298,0.010241542009995008,83
ivv_book,book,umd,0.0012681752057231918,0.012100460974149718,0.10480387552444502,0.99650061215679298,0.010241542009995008,83
iwf_book,book,alpha,0.0011264237178460717,0.0011057802955047749,1.0186686473119628,0.97348281792819635,0.03340532708889439,83
iwf_book,book,mkt,1.1044036276889735,0.019451577516958977,56.777072539545571,0.97348281792819635,0.03340532708889439,83
iwf_book,book,smb,-0.18866934947458924,0.040416814579283367,-4.6680905320850385,0.97348281792819635,0.03340532708889439,83
iwf_book,book,hml,-0.25155230005867035,0.037787536595560278,-6.6570177027159181,0.97348281792819635,0.03340532708889439,83
iwf_book,book,rmw,-0.03632268536117849,0.042891245535739621,-0.84685545750617564,0.97348281792819635,0.03340532708889439,83
iwf_book,book,cma,-0.088520779725044921,0.047908402215671872,-1.8477088700755682,0.97348281792819635,0.03340532708889439,83
iwf_book,book,umd,0.033160309922034205,0.033109837573385877,1.0015243913092735,0.97348281792819635,0.03340532708889439,83
