series_id,year,n_months,excess_return,mkt,smb,hml,rmw,cma,umd,alpha,residual,r2_full
akre_book,2019,3,0.043062534966335157,0.083089173551040896,-0.00087060047344616098,-0.00016927524016704858,-0.0037721387183998708,0.00098995037801332536,0.0059478644758983708,-0.013682288382533426,-0.028470150624070933,0.76433802222993374
akre_book,2020,12,0.20591943009652861,0.23704290661342931,-0.0035251307513770921,-0.0026975825944429203,-0.0067963533805652865,0.0090711779536323082,-0.0012475393710041052,-0.054729153530133703,0.028801105156990112,0.76433802222993374
akre_book,2021,12,0.22563728745535871,0.2107790873875256,0.00052876961270656463,0.0016517862476574559,0.074011963129983691,-0.01011163600399325,0.0027093026744028593,-0.054729153530133703,0.00079716793720949544,0.76433802222993374
akre_book,2022,12,-0.21139477569656248,-0.19922300692812794,0.00059820400629429405,0.0022809645375934258,0.02796585601572318,-0.027132721585140736,-0.023980479020412289,-0.054729153530133703,0.06282556080764129,0.76433802222993374
akre_book,2023,12,0.22209730143788065,0.19234666153080043,0.001677107660503648,-0.00082473370437552884,0.01326752238885472,0.017273623942885577,0.026425152131268826,-0.054729153530133703,0.026661121018076703,0.76433802222993374
akre_book,2024,12,0.14290615468459977,0.17190863493318806,0.005474634879032607,-0.00052173875393953331,0.01365774363558574,0.0086873196437904053,-0.021951652366557124,-0.054729153530133703,0.02038036624363334,0.76433802222993374
akre_book,2025,12,0.013273569870260484,0.1216731116138231,0.0041660636152638375,0.00053333294847152286,-0.033721619405005746,0.0046972135283285341,0.0022304491784618892,-0.054729153530133703,-0.031575828078948959,0.76433802222993374
akre_book,2026,8,-0.060127635848307895,0.09942049386969376,-0.0032687576058223955,0.00064618310858288849,-0.028811335383640398,-0.0052527979241523406,-0.0069559770989319923,-0.036486102353422471,-0.079419342460614939,0.76433802222993374
akre_nav,2019,3,0.029999999999999999,0.078629015012748896,-0.003037539456264767,0.00017870775682473405,-0.0021951748361991956,0.0017009221163709746,0.0082532515824179746,-0.0089215028808574074,-0.044607679295041225,0.7698616145170285
akre_nav,2020,12,0.21009999999999995,0.22431863823177328,-0.012299239516164085,0.002847899869033433,-0.0039550994893588973,0.015586000617358526,-0.0017310845480071561,-0.03568601152342963,0.021018896358794441,0.7698616145170285
akre_nav,2021,12,0.2321,0.19946463923349061,0.0018448859274246166,-0.001743828659061446,0.043070844199908372,-0.017373704474360673,0.0037594260386014057,-0.03568601152342963,0.038763749257426733,0.7698616145170285
akre_nav,2022,12,-0.23909999999999998,-0.1885288796742462,0.0020871436754702666,-0.0024080666227844299,0.016274572061476797,-0.046619151067065705,-0.033275291867248737,-0.03568601152342963,0.049055685017827665,0.7698616145170285
akre_nav,2023,12,0.224,0.18202165084560495,0.0058514563758720051,0.00087069030379904682,0.0077209597687006217,0.029679355295860889,0.036667518153242568,-0.03568601152342963,-0.0031256192196504468,0.7698616145170285
akre_nav,2024,12,0.12979999999999997,0.16268072071603221,0.01910109167283059,0.00055081157925431737,0.0079480468207212274,0.014926459388561616,-0.030460093763923959,-0.03568601152342963,-0.0092610248900463765,0.7698616145170285
akre_nav,2025,9,0.082990044994468382,0.050159888887443257,0.016958042363195938,-0.00055162759640876814,-0.0045795888824155641,0.00048597774753456405,0.0051407965365061099,-0.026764508642572224,0.042141064581185071,0.7698616145170285
akre_nav,2026,8,-0.071223005205385562,0.094083683480771951,-0.011404749369533972,-0.00068219034112090252,-0.016766594007521445,-0.0090253010256419099,-0.0096521077828278009,-0.023790674348953086,-0.093985071810558415,0.7698616145170285
jensen_book,2019,3,0.078947542880905219,0.076903645497710726,-0.0016909607021179049,0.0016365171166923128,-0.0032674882227650944,-0.0012263254949346654,0.00013588212942059651,-0.0095660618610263447,0.016022334417925575,0.92257068096466155
jensen_book,2020,12,0.19585121148082421,0.219396377155538,-0.0068468347447718843,0.026079656334503067,-0.0058871124013612488,-0.011237145861748262,-2.8500700874235237e-05,-0.038264247444105379,0.012639019143644164,0.92257068096466155
jensen_book,2021,12,0.27992523064107622,0.19508775357867542,0.0010270252117157842,-0.015969119079321793,0.064110372370804802,0.01252603898397551,6.1895461494551412e-05,-0.038264247444105379,0.06134551155783733,0.92257068096466155
jensen_book,2022,12,-0.16646179470645406,-0.18439195920485585,0.0011618871082037124,-0.022051881330406458,0.024224481651534326,0.033611329381576648,-0.00054784680569363382,-0.038264247444105379,0.019796441937292575,0.92257068096466155
jensen_book,2023,12,0.12704135161763597,0.1780275195774591,0.0032574334997854124,0.0079733505183136894,0.011492544783518611,-0.021398128534064059,0.00060369666397243837,-0.038264247444105379,-0.014650817447243853,0.92257068096466155
jensen_book,2024,12,0.060407800485626786,0.15911099068491877,0.010633341838471488,0.0050440596062434305,0.011830560806563275,-0.010761631894324613,-0.00050149718103957444,-0.038264247444105379,-0.076683775931100623,0.92257068096466155
jensen_book,2025,12,0.020208179715079447,0.1126152234069925,0.0080917137892758638,-0.0051561498197155052,-0.029210217991443136,-0.0058187893382104028,5.0955798532723678e-05,-0.038264247444105379,-0.022100308686247235,0.92257068096466155
jensen_book,2026,8,0.038936512504869777,0.092019189612778024,-0.0063488831269702933,-0.0062471612308437133,-0.024956849701464435,0.006507033238428838,-0.00015891299881391795,-0.02550949829607025,0.0036315950078255402,0.92257068096466155
jensen_nav,2019,3,0.07658570462294767,0.074923534587049867,-0.0015818689920275996,0.0018108184956973968,-0.0033812022212306404,-0.0012382569520292212,0.0001815653195026321,-0.010689659833008661,0.016560774218993893,0.9148557179515564
jensen_nav,2020,12,0.19203599713332667,0.21374737108627329,-0.0064051137100504026,0.028857335844675414,-0.0060919936572172767,-0.011346476968594291,-3.8082556421102857e-05,-0.042758639332034644,0.016071596426695738,0.9148557179515564
jensen_nav,2021,12,0.27688557307847361,0.19006464463634373,0.00096076705650756215,-0.017669950343859989,0.066341519444146027,0.012647910295727042,8.2704541722597281e-05,-0.042758639332034644,0.067216616779921287,0.9148557179515564
jensen_nav,2022,12,-0.17274923489001692,-0.17964424499837472,0.0010869283871600671,-0.024400572515082274,0.025067533709123711,0.033938348705617224,-0.0007320313623167562,-0.042758639332034644,0.014693442515890536,0.9148557179515564
jensen_nav,2023,12,0.11729616499769457,0.17344367661875681,0.0030472813711451925,0.0088225723055211092,0.011892504364328461,-0.021606320285407838,0.00080665778601063452,-0.042758639332034644,-0.016351567830625142,0.9148557179515564
jensen_nav,2024,12,0.051638829069614936,0.15501420949044797,0.0099473356860631246,0.0055812898839988287,0.012242283904455767,-0.010866336517807449,-0.00067009912409657867,-0.042758639332034644,-0.0768512149214121,0.9148557179515564
jensen_nav,2025,12,0.0065678324390385373,0.10971561271712818,0.0075696798391504767,-0.0057053185480876907,-0.030226781926001499,-0.0058754028846284469,6.8086994813487065e-05,-0.042758639332034644,-0.026219404421301318,0.9148557179515564
jensen_nav,2026,8,0.033704678557660732,0.089649884488642417,-0.0059392872584103744,-0.0069125308785526196,-0.025825389379399551,0.0065703430107672961,-0.00021233910246917995,-0.028505759554689761,0.0048797572317725111,0.9148557179515564
polen_book,2019,3,0.1011798898939249,0.090450096093663723,-0.0045817059229706081,0.0041503173743853341,0.0001595330243734601,0.0022133909721468066,0.0092543533193040501,-0.012081311178994305,0.01161521621201644,0.92862585725554636
polen_book,2020,12,0.33733393794312883,0.25804268793617624,-0.018551692694236815,0.066139760897738889,0.00028743450081080308,0.020281888703957477,-0.0019410613953624927,-0.048325244715977218,0.061400164710021979,0.92862585725554636
polen_book,2021,12,0.23240960848156544,0.22945214032036304,0.0027827539041355227,-0.040498759036810321,-0.0031301479609827172,-0.022608207786928101,0.0042154363636660386,-0.048325244715977218,0.1105216373940992,0.92862585725554636
polen_book,2022,12,-0.4308818049713371,-0.21687229936940516,0.0031481660329613966,-0.055925052839320186,-0.001182744835872204,-0.060664981134554319,-0.037311513488634762,-0.048325244715977218,-0.01374813462053457,0.92862585725554636
polen_book,2023,12,0.31690825543356738,0.20938677417544682,0.0088261083424096415,0.020220952687073752,-0.00056111615469285983,0.038621413901745304,0.04111520955631482,-0.048325244715977218,0.047624157641247118,0.92862585725554636
polen_book,2024,12,0.12288590074357597,0.18713812984895939,0.02881134092665566,0.012792074099132879,-0.00057761957100735558,0.019423635061696469,-0.03415483788607554,-0.048325244715977218,-0.042221577019808339,0.92862585725554636
polen_book,2025,12,0.0081058645171449596,0.13245220968198573,0.0219247277295526,-0.013076342412446944,0.0014261702265110183,0.010502314306614954,0.0034703824947390199,-0.048325244715977218,-0.1002683527938342,0.92862585725554636
polen_book,2026,8,-0.053306331314771638,0.10822821842931488,-0.017202478680110503,-0.015843220662037166,0.0012185022378869452,-0.011744523525676936,-0.010822887780203044,-0.032216829810651479,-0.074923111523294353,0.92862585725554636
polen_nav,2019,3,0.095713190439435047,0.089301255499108778,-0.0050249211455576231,0.0039223836571206806,0.00068134940164115635,0.0023166495180405805,0.0097656934449243966,-0.015556400231417328,0.010307180295574401,0.92332721698308418
polen_nav,2020,12,0.31377438002929359,0.25476519097561839,-0.020346306478944975,0.062507392526717706,0.0012276036633017389,0.021228074155106545,-0.0020483128200159146,-0.062225600925669311,0.058666338933179463,0.92332721698308418
polen_nav,2021,12,0.22257659611942393,0.22653778262819893,0.0030519459718417502,-0.038274583905328285,-0.013368545156338554,-0.02366292007712879,0.0044483561242770059,-0.062225600925669311,0.1260701614595712,0.92332721698308418
polen_nav,2022,12,-0.45739010864004526,-0.21411772295533438,0.0034527065540027784,-0.052853672019009722,-0.0050513834949258143,-0.063495108218948992,-0.039373124206972733,-0.062225600925669311,-0.023726203373187087,0.92332721698308418
polen_nav,2023,12,0.30933810733143463,0.20672727422437365,0.009679909446043522,0.019110426311177021,-0.0023964703092206191,0.0404231701617285,0.04338698973306454,-0.062225600925669311,0.054632408689937309,0.92332721698308418
polen_nav,2024,12,0.10461333098034675,0.18476121827401815,0.03159843051654334,0.012089538669207579,-0.0024669547300800489,0.020329781484845912,-0.036042029620886228,-0.062225600925669311,-0.043431052687632601,0.92332721698308418
polen_nav,2025,12,0.0042739512859582621,0.1307698844894995,0.02404563492966225,-0.012358195084078857,0.0060910287026024069,0.010992265570294594,0.0036621350418466481,-0.062225600925669311,-0.096703201438198966,0.92332721698308418
polen_nav,2026,8,-0.0727947092131494,0.10685357123514051,-0.018866575098658071,-0.01497311752215931,0.0052040997401212475,-0.012292426014092882,-0.011420895723725141,-0.04148373395044621,-0.085815631879329557,0.92332721698308418
ivv_book,2019,3,0.084249276926521954,0.085998950329206333,-0.0019980909261804675,-0.00051560223438860335,-0.00058340814009515899,-0.00017188102217972347,-5.9857869710134659e-05,5.2604064991528069e-05,0.0015265627248781735,0.99650061215679298
ivv_book,2020,12,0.19854571137012736,0.24534413185872431,-0.0080904295170497464,-0.0082166748767864197,-0.0010511405282748988,-0.0015749914073203233,1.2554934536659567e-05,0.00021041625996611228,-0.028088155353668296,0.99650061215679298
ivv_book,2021,12,0.2614992296730777,0.21816055560523953,0.0012135644275574635,0.0050312418944677877,0.011446870059108466,0.0017556418694071757,-2.7265766923048638e-05,0.00021041625996611228,0.023708205324254203,0.99650061215679298
ivv_book,2022,12,-0.18861440798049897,-0.2061997820537062,0.0013729213725902586,0.006947681249683875,0.0043252672455330746,0.0047109431181095642,0.0002413337416491234,0.00021041625996611228,-0.00022318891432474616,0.99650061215679298
ivv_book,2023,12,0.19961775346919564,0.19908262754370298,0.0038490831338691221,-0.0025120894250805475,0.0020519872513691797,-0.0029991484482380323,-0.00026593634064015338,0.00021041625996611228,0.00020081349424699163,0.99650061215679298
ivv_book,2024,12,0.18069333257872655,0.1779288627500821,0.012564682204509077,-0.0015891849690059694,0.0021123398175859204,-0.0015083436640261449,0.00022091612083698003,0.00021041625996611228,-0.009246355941221477,0.99650061215679298
ivv_book,2025,12,0.12923428679002597,0.12593409507978032,0.0095614167019678828,0.0016245001905394354,-0.0052154675972299986,-0.00081555791136297365,-2.2446701141300501e-05,0.00021041625996611228,-0.0020426692324934815,0.99650061215679298
ivv_book,2026,8,0.10819945194843776,0.10290219229046413,-0.0075020346430824929,0.0019682350134651709,-0.0044560311390026801,0.00091202175034138999,7.0003271355920183e-05,0.00014027750664407485,0.014164787898252262,0.99650061215679298
iwf_book,2019,3,0.10034147037313335,0.096083115608940686,-0.0030753103964358047,0.0055089953712848805,0.00042134315018967045,0.0008675036413054399,-0.0015651666283200145,0.0033792711535382152,-0.0012782815273697373,0.97348281792819635
iwf_book,2020,12,0.36207493976897065,0.27411298039240328,-0.012452177065322886,0.087791752720475943,0.00075914412404863064,0.0079491660193090341,0.00032828706822813822,0.013517084614152861,-0.0099312981043243251,0.97348281792819635
iwf_book,2021,12,0.26166774140940297,0.24374188063095645,0.0018678265597984365,-0.053756726522537858,-0.0082670431882042247,-0.0088609300504769971,-0.000712946663323736,0.013517084614152861,0.074138596029038009,0.97348281792819635
iwf_book,2022,12,-0.32970005303434879,-0.23037859673591987,0.0021130967141153984,-0.074233083747313619,-0.0031237509410613497,-0.023776681434147066,0.0063104069781631097,0.013517084614152861,-0.020128528482338232,0.97348281792819635
iwf_book,2023,12,0.32994062841632599,0.22242689061655924,0.0059242175735021007,0.026840630416260135,-0.0014819655627360824,0.015137053332982681,-0.0069537169906505733,0.013517084614152861,0.054530434416255602,0.97348281792819635
iwf_book,2024,12,0.2553459168485987,0.19879265298401522,0.019338608321145395,0.016979780253960252,-0.0015255527851694966,0.0076127870563538619,0.0057765259884183587,0.013517084614152861,-0.0051459695842777826,0.97348281792819635
iwf_book,2025,12,0.14031492908843629,0.14070102216757521,0.014716209259017959,-0.017357108704048253,0.0037666624719542093,0.0041162162572145897,-0.00058693748562000552,0.013517084614152861,-0.018558219491810232,0.97348281792819635
iwf_book,2026,8,0.018222296142181446,0.11496841764242213,-0.011546564187844863,-0.021029772284904841,0.0032181899230004146,-0.0046030805457023365,0.0018304491076962881,0.0090113897427685739,-0.073626733255253929,0.97348281792819635
