fund,holdings_date,side,mkt,smb,hml,rmw,cma,umd,excluded_weight
akre,2019-09-30,fund,0.80027565929820021,-0.27447723410933256,-0.32588047174057549,-0.079412862073742443,-0.037350938001591824,0.054569607210525145,0.0037608182673046775
akre,2019-09-30,benchmark,0.96234113723866099,-0.1512404750111464,-0.029865154321730026,0.054254486694404642,-0.035858829878792547,0.0046383016399738006,0.041684109117789525
akre,2019-09-30,active,-0.16206547794046078,-0.12323675909818615,-0.29601531741884546,-0.13366734876814709,-0.0014921081227992766,0.049931305570551344,
akre,2019-12-31,fund,0.82800718319589006,-0.17105251026769802,-0.22239565409663337,0.097654198542089343,-0.016943362421720166,0.16486332101199214,0.007185856506063848
akre,2019-12-31,benchmark,0.97167996867680673,-0.13794851541734196,0.0097243812286972736,0.068580591106085775,-0.068122717556919149,0.024624026527802025,0.036303169069727748
akre,2019-12-31,active,-0.14367278548091666,-0.033103994850356061,-0.23212003532533065,0.029073607436003568,0.051179355135198987,0.14023929448419012,
akre,2020-03-31,fund,0.86273754106780887,-0.057949335709212603,0.094722055939354469,0.19696214677824991,-0.40522726686571253,0.25578915009909964,0.012230177946840337
akre,2020-03-31,benchmark,0.97274947885653851,-0.13942297115957553,-0.023392892310991016,0.12986324513422395,-0.053599577681914562,0.066576922866330962,0.03140378949384659
akre,2020-03-31,active,-0.11001193778872964,0.08147363545036293,0.11811494825034549,0.06709890164402596,-0.35162768918379794,0.18921222723276868,
akre,2020-06-30,fund,0.89588241843581695,-0.0017560736574467079,0.070077923537631231,0.16225114358195453,-0.47514400555854702,0.25189015114748525,0.014799647107648584
akre,2020-06-30,benchmark,0.98559221965170363,-0.1502734073505641,0.0031615785697940001,0.030432520664104866,-0.1027071318115293,0.075161922551863547,0.026920458397071245
akre,2020-06-30,active,-0.089709801215886675,0.1485173336931174,0.06691634496783723,0.13181862291784965,-0.37243687374701773,0.17672822859562171,
akre,2020-09-30,fund,0.89342058198753893,-0.020558979132752245,0.087775137731641695,-0.11081332502036265,-0.45265334302795368,0.19108865548732243,0.016688865994424873
akre,2020-09-30,benchmark,0.98114095311478133,-0.13696949786785362,-0.012411944102636699,-0.002278985937941326,-0.11396761560886996,0.057122176216300037,0.026419405610558444
akre,2020-09-30,active,-0.087720371127242402,0.11641051873510137,0.10018708183427839,-0.10853433908242133,-0.3386857274190837,0.1339664792710224,
akre,2020-12-31,fund,0.98528588908456161,-0.16576354264578941,-0.01686835762010086,-0.15029048311397186,-0.34437436473308336,0.13812069006608227,0.018502128456702072
akre,2020-12-31,benchmark,1.0176006189280387,-0.11772891498307564,-0.038577098120639801,0.037893592395449635,0.00055685080980479463,0.029300860271881807,0.026962921156894581
akre,2020-12-31,active,-0.032314729843477052,-0.048034627662713769,0.021708740500538941,-0.18818407550942151,-0.34493121554288814,0.10881982979420046,
akre,2021-03-31,fund,0.97059924821699428,-0.19659919084893038,-0.0049503371270434443,0.22427621938355372,-0.42488468153065451,0.084987505405924271,0.018733197815057223
akre,2021-03-31,benchmark,0.99482877741588138,-0.077942793091233531,-0.0098227868777096567,0.10717479430363656,-0.02017350690221632,-0.0059952845912082768,0.027243495360548819
akre,2021-03-31,active,-0.024229529198887101,-0.11865639775769685,0.0048724497506662124,0.11710142507991715,-0.4047111746284382,0.090982789997132552,
akre,2021-06-30,fund,0.99645566160007293,-0.25413500111015047,-0.058900077455465924,0.2126891330062847,-0.41481581620253327,0.086781363293670505,0.018432131626498149
akre,2021-06-30,benchmark,0.99398704734639576,-0.083528772765439172,-0.019151182592565971,0.12253031310440629,-0.017134563007981767,-0.012018234986273038,0.025798834862094555
akre,2021-06-30,active,0.0024686142536771705,-0.17060622834471129,-0.039748894862899953,0.090158819901878406,-0.3976812531945515,0.098799598279943543,
akre,2021-09-30,fund,0.97049876875764685,-0.22554428028716825,-0.097297733611689655,0.28051996257504053,-0.31163030778036088,0.063338529982478811,0.016686837108439323
akre,2021-09-30,benchmark,1.0048378780205538,-0.099093289232611959,-0.04138812096047427,0.096146005306321849,0.030419440166475496,-0.027308598231318558,0.023250269382447453
akre,2021-09-30,active,-0.034339109262906953,-0.12645099105455629,-0.055909612651215385,0.18437395726871869,-0.3420497479468364,0.090647128213797362,
akre,2021-12-31,fund,0.99767761846236469,-0.29954183967189429,-0.068407719935079256,0.1291433915435993,-0.27270577552640823,0.03181921480695736,0.019269679305197407
akre,2021-12-31,benchmark,1.0201140080758175,-0.11954684542355676,-0.057194720898464009,0.1002881301579549,0.069842437196118004,-0.017709341677960486,0.021403198951751801
akre,2021-12-31,active,-0.022436389613452845,-0.17999499424833754,-0.011212999036615247,0.028855261385644398,-0.34254821272252622,0.049528556484917843,
akre,2022-03-31,fund,1.0317938491938501,-0.39616903856826102,-0.026502807243215735,0.069465329662987949,-0.26655740786474108,0.0022335103622702912,0.018643195254844591
akre,2022-03-31,benchmark,1.028977553988873,-0.15293458451011332,-0.046054108285266196,0.053016138395190933,0.10237730042130316,-0.049654364369271911,0.019823254711771932
akre,2022-03-31,active,0.0028162952049770595,-0.2432344540581477,0.01955130104205046,0.016449191267797016,-0.36893470828604424,0.051887874731542202,
akre,2022-06-30,fund,1.0175590023733141,-0.34482746507313872,0.0033401202107298817,0.17938115006722571,-0.24000993609095403,0.027466605052146723,0.0064097319194376112
akre,2022-06-30,benchmark,0.98479622249344501,-0.14677693079100645,-0.023478387883473867,0.076796458677020812,0.10794753728340238,-0.052225825563916924,0.018876772958042576
akre,2022-06-30,active,0.032762779879869086,-0.19805053428213226,0.026818508094203747,0.1025846913902049,-0.3479574733743564,0.079692430616063653,
akre,2022-09-30,fund,1.0181563267452431,-0.37750517108371434,-0.030696777206207209,0.19133124939850832,-0.17595243602217381,-0.099193802386530125,0.0051080842617541311
akre,2022-09-30,benchmark,1.0023804233863589,-0.15677692413734587,-0.032119675202260292,0.06688909676542279,0.12273731233171813,-0.070190440029102102,0.018437904677437555
akre,2022-09-30,active,0.015775903358884236,-0.22072824694636847,0.0014228979960530831,0.12444215263308553,-0.29868974835389195,-0.029003362357428022,
akre,2022-12-31,fund,1.042226229652556,-0.38621289713755758,0.00019040548837543649,0.20934005952858278,-0.054141202297717635,-0.095394015101298357,0.0049410178910090918
akre,2022-12-31,benchmark,0.96721755314371149,-0.13852542105325955,0.012533695092923076,0.066588618700809829,0.12215332926879086,-0.086404136099646409,0.01541022508813561
akre,2022-12-31,active,0.075008676508844463,-0.24768747608429803,-0.01234328960454764,0.14275144082777297,-0.17629453156650848,-0.0089898790016519486,
akre,2023-03-31,fund,1.0557003736355328,-0.27644468452657989,0.01386746823086075,0.25634247327014537,0.027087393502411093,-0.11270386784212873,0.0054234367424343954
akre,2023-03-31,benchmark,1.0033146619789881,-0.13296863257204308,-0.02148843009335823,0.087027835917766097,0.1047891653504255,-0.074758333479727893,0.014515028944682373
akre,2023-03-31,active,0.052385711656544709,-0.1434760519545368,0.035355898324218982,0.16931463735237928,-0.077701771848014412,-0.037945534362400835,
akre,2023-06-30,fund,1.0668200150527947,-0.31268194148319228,0.038644371727038412,0.24621869415276154,0.078125826923688399,-0.13218678723062316,0.0061562338934126881
akre,2023-06-30,benchmark,1.0208610288826747,-0.15349945750118077,-0.043654675575948355,0.073309317711608424,0.066956125467568128,-0.072737270741827564,0.013448395146994474
akre,2023-06-30,active,0.045958986170119953,-0.15918248398201151,0.082299047302986761,0.17290937644115312,0.011169701456120271,-0.059449516488795595,
akre,2023-09-30,fund,1.0839920023525438,-0.27992487905789104,0.060150089770759113,0.33616178870328878,0.048175170625030045,-0.10995885768823241,0.0071786368817792212
akre,2023-09-30,benchmark,1.0219034301531889,-0.16374555342741029,-0.037808814455970556,0.042489514685516955,0.073885620405962457,-0.078857874417555526,0.013291902696665359
akre,2023-09-30,active,0.06208857219935493,-0.11617932563048075,0.097958904226729676,0.29367227401777185,-0.025710449780932412,-0.031100983270676882,
akre,2023-12-31,fund,1.2100921903871247,-0.30488628432608605,0.17460303152017567,0.15708933580135254,-0.092451320986548097,-0.036938916444064371,0.0064970903209341513
akre,2023-12-31,benchmark,1.0297789690111956,-0.14724262196220092,-0.058439990706070727,0.045482660201835459,0.071333070439452514,-0.08792290848412479,0.010455805127763451
akre,2023-12-31,active,0.18031322137592909,-0.15764366236388513,0.2330430222262464,0.11160667559951708,-0.1637843914260006,0.050983992040060419,
akre,2024-03-31,fund,1.1860257837938339,-0.14322576574113074,0.090806064828358596,0.15608693877546903,0.0062252507418274483,-0.0066338500153905189,0.0065500946045945474
akre,2024-03-31,benchmark,1.0457882184805369,-0.17392606748244183,-0.0744784940048068,0.052503046205428797,0.059895274260551995,-0.095283173736027876,0.0094609794912664524
akre,2024-03-31,active,0.14023756531329701,0.030700301741311081,0.1652845588331654,0.10358389257004023,-0.053670023518724547,0.088649323720637357,
akre,2024-06-30,fund,1.1821806439217866,-0.087911429271915989,0.15328063496122393,0.18770667540850786,-0.014023839403979624,-0.021140310349167628,0.0043911692688508586
akre,2024-06-30,benchmark,1.069315482331143,-0.18349801593260812,-0.095114789738686048,0.055622973463560321,0.023434409924795667,-0.094220968682042078,0.0069791303107022973
akre,2024-06-30,active,0.11286516159064353,0.095586586660692127,0.24839542469990999,0.13208370194494753,-0.037458249328775291,0.073080658332874443,
akre,2024-09-30,fund,1.1899257070118605,0.12205844269170676,0.20492442984339346,0.18077309959542862,-0.10307006950888423,0.046616464805957207,0.0015461841757973271
akre,2024-09-30,benchmark,1.0573767347539014,-0.14755136488055004,-0.080136730057373914,0.099623343235244188,0.009817990900948495,-0.1014074761763647,0.0065094927926739876
akre,2024-09-30,active,0.13254897225795914,0.26960980757225683,0.28506115990076736,0.081149756360184427,-0.11288806040983272,0.14802394098232191,
akre,2024-12-31,fund,1.1940409141898523,0.15009186190157156,0.21026077304160551,0.24830507949766548,-0.11371122582817453,0.06559664601524659,0.000746136754386173
akre,2024-12-31,benchmark,1.0696898770794945,-0.18878579363402195,-0.066498352763831231,0.0074249282953774412,-0.043209698089457259,-0.13433112496915353,0.0061503449628603768
akre,2024-12-31,active,0.12435103711035778,0.33887765553559351,0.27675912580543671,0.24088015120228803,-0.070501527738717262,0.19992777098440012,
akre,2025-03-31,fund,1.1215818034974299,0.027740191126929895,0.33872637579355658,0.14841899564367286,-0.19816762903383564,0.044253987711076088,0.00013970440285648866
akre,2025-03-31,benchmark,1.0414911512531846,-0.1475869335434655,-0.053619778426812481,0.062793797875876217,-0.011456829279885911,-0.09857669072177612,0.0063878719086645219
akre,2025-03-31,active,0.080090652244245275,0.17532712467039541,0.39234615422036906,0.085625197767796646,-0.18671079975394972,0.14283067843285221,
akre,2025-06-30,fund,1.1999564045968951,-0.070292454591526943,0.51883282076016557,0.076983907463478773,-0.40761323032125812,0.013299180641926974,0
akre,2025-06-30,benchmark,1.0631137488709619,-0.10730276954737361,-0.15139305229256289,0.092443472942449215,-0.065622698360615392,-0.091155784357262917,0.00507752591845545
akre,2025-06-30,active,0.13684265572593324,0.037010314955846668,0.6702258730527284,-0.015459565478970441,-0.34199053196064272,0.10445496499918989,
akre,2025-09-30,fund,1.1659190849698389,-0.023875160257499306,0.4229653762841627,0.1429512330236094,-0.2807194429279341,-0.02237360616182206,0
akre,2025-09-30,benchmark,1.0709272814646684,-0.040394383570672834,-0.20932507221648547,0.094951324288686356,-0.10795007705937314,-0.089016439455516599,0.0031662486978514259
akre,2025-09-30,active,0.094991803505170447,0.016519223313173528,0.63229044850064819,0.047999908734923047,-0.17276936586856095,0.066642833293694539,
akre,2025-12-31,fund,1.172465027181971,0.032336347030358925,0.40215219039465183,0.21548217947141066,-0.32345857747647194,-0.030136521539920098,0
akre,2025-12-31,benchmark,1.0169586788257963,-0.0078126178719406143,-0.22923020532882341,0.041802801227236855,-0.11700368796488887,-0.087996650736791873,0.0026070003423368515
akre,2025-12-31,active,0.15550634835617472,0.040148964902299536,0.63138239572347521,0.17367937824417379,-0.20645488951158308,0.057860129196871779,
akre,2026-03-31,fund,1.1738740616041679,-0.22256580841177254,0.54484062714098236,0.027647220351349623,-0.63719398591827103,-0.049788486466284303,1.1102230246251565e-16
akre,2026-03-31,benchmark,0.99284335228154186,0.027521708244548661,-0.17997713784997876,0.055606726384957957,-0.04585700572556748,-0.0066408595164534189,0.0025458669323672467
akre,2026-03-31,active,0.18103070932262599,-0.25008751665632117,0.72481776499096107,-0.027959506033608333,-0.59133698019270353,-0.043147626949830882,
akre,2026-06-30,fund,0.99008251604199882,-0.091278705939862093,0.43115457221982934,0.09728882638720969,-0.54388992167654371,-0.18105012516039351,0
akre,2026-06-30,benchmark,1.1068103317964733,-0.059983136360954745,-0.05132284495513903,-0.052242409820681152,0.058968254655028349,0.09222615278352593,0.0011232263602989345
akre,2026-06-30,active,-0.11672781575447444,-0.031295569578907348,0.48247741717496839,0.14953123620789083,-0.60285817633157202,-0.27327627794391945,
jensen,2019-09-30,fund,0.96698629682720083,-0.20154902066565233,-0.14671813075964868,0.16594738230370687,0.021365814152775397,-0.0041238221706039607,0.0004298487943025231
jensen,2019-09-30,benchmark,0.96234113723866099,-0.1512404750111464,-0.029865154321730026,0.054254486694404642,-0.035858829878792547,0.0046383016399738006,0.041684109117789525
jensen,2019-09-30,active,0.0046451595885398378,-0.050308545654505932,-0.11685297643791866,0.11169289560930223,0.057224644031567948,-0.0087621238105777613,
jensen,2019-12-31,fund,0.99309798949240713,-0.17606937255177885,-0.074518486972197512,0.1951909921788311,0.01862963979880786,0.046188050070977038,0.00051070334632197234
jensen,2019-12-31,benchmark,0.97167996867680673,-0.13794851541734196,0.0097243812286972736,0.068580591106085775,-0.068122717556919149,0.024624026527802025,0.036303169069727748
jensen,2019-12-31,active,0.021418020815600403,-0.038120857134436886,-0.084242868200894785,0.12661040107274532,0.086752357355727006,0.021564023543175014,
jensen,2020-03-31,fund,0.99340031861766787,-0.13285271198340112,-0.15073508719223938,0.24130924553053901,0.15583406811888478,0.061398429088872539,0.00058255567769460725
jensen,2020-03-31,benchmark,0.97274947885653851,-0.13942297115957553,-0.023392892310991016,0.12986324513422395,-0.053599577681914562,0.066576922866330962,0.03140378949384659
jensen,2020-03-31,active,0.020650839761129358,0.0065702591761744034,-0.12734219488124837,0.11144600039631505,0.20943364580079935,-0.0051784937774584233,
jensen,2020-06-30,fund,0.97595588232228137,-0.19930253855954688,-0.12346053375508878,0.14587341168811244,0.16172312422701932,0.087330785282364973,0.00062060678744513265
jensen,2020-06-30,benchmark,0.98559221965170363,-0.1502734073505641,0.0031615785697940001,0.030432520664104866,-0.1027071318115293,0.075161922551863547,0.026920458397071245
jensen,2020-06-30,active,-0.0096363373294222621,-0.049029131208982779,-0.12662211232488277,0.11544089102400756,0.26443025603854864,0.012168862730501426,
jensen,2020-09-30,fund,0.93595068549248583,-0.12730252258479663,-0.079112076257621122,-0.010121136170750441,0.1338651204847458,0.074186016637973251,0.00058066222068087203
jensen,2020-09-30,benchmark,0.98114095311478133,-0.13696949786785362,-0.012411944102636699,-0.002278985937941326,-0.11396761560886996,0.057122176216300037,0.026419405610558444
jensen,2020-09-30,active,-0.045190267622295499,0.0096669752830569888,-0.066700132154984423,-0.0078421502328091149,0.24783273609361578,0.017063840421673214,
jensen,2020-12-31,fund,0.9256449176446675,-0.069880323921398993,-0.13963826004379448,-0.038615891253707284,0.23341542986096464,0.059282153267105023,0.00070607156924373804
jensen,2020-12-31,benchmark,1.0176006189280387,-0.11772891498307564,-0.038577098120639801,0.037893592395449635,0.00055685080980479463,0.029300860271881807,0.026962921156894581
jensen,2020-12-31,active,-0.091955701283371161,0.047848591061676646,-0.10106116192315467,-0.076509483649156912,0.23285857905115984,0.029981292995223216,
jensen,2021-03-31,fund,0.891382370844229,-0.13196619828606995,-0.14210626686350547,0.21168128085881477,0.14259404409505086,0.0077627140974846284,0.00092211002390230057
jensen,2021-03-31,benchmark,0.99482877741588138,-0.077942793091233531,-0.0098227868777096567,0.10717479430363656,-0.02017350690221632,-0.0059952845912082768,0.027243495360548819
jensen,2021-03-31,active,-0.10344640657165238,-0.054023405194836421,-0.13228347998579582,0.1045064865551782,0.16276755099726717,0.013757998688692905,
jensen,2021-06-30,fund,0.90473229448272363,-0.1732234088111744,-0.087053727502833578,0.18623547285974176,0.085219595981978979,0.020049698098278196,0.0010279513910405047
jensen,2021-06-30,benchmark,0.99398704734639576,-0.083528772765439172,-0.019151182592565971,0.12253031310440629,-0.017134563007981767,-0.012018234986273038,0.025798834862094555
jensen,2021-06-30,active,-0.089254752863672127,-0.089694636045735229,-0.067902544910267607,0.063705159755335472,0.10235415898996075,0.032067933084551234,
jensen,2021-09-30,fund,0.88844910009432243,-0.18198755361683161,-0.12592582921800041,0.28636339203966288,0.12524609001204023,-0.027946761703556339,0.00078316476199047358
jensen,2021-09-30,benchmark,1.0048378780205538,-0.099093289232611959,-0.04138812096047427,0.096146005306321849,0.030419440166475496,-0.027308598231318558,0.023250269382447453
jensen,2021-09-30,active,-0.11638877792623137,-0.082894264384219651,-0.084537708257526142,0.19021738673334104,0.094826649845564742,-0.00063816347223778075,
jensen,2021-12-31,fund,0.88439669580002711,-0.22907892338733221,-0.12525804678807428,0.28952250131568791,0.19403365681297902,-0.049800371735172308,0.00078630350120145742
jensen,2021-12-31,benchmark,1.0201140080758175,-0.11954684542355676,-0.057194720898464009,0.1002881301579549,0.069842437196118004,-0.017709341677960486,0.021403198951751801
jensen,2021-12-31,active,-0.13571731227579042,-0.10953207796377545,-0.068063325889610282,0.18923437115773301,0.12419121961686101,-0.032091030057211825,
jensen,2022-03-31,fund,0.90063827505070493,-0.15113996748832093,-0.15936873768943763,0.34262361129572472,0.11836535477032031,-0.026944173865271995,0.00089466590237485821
jensen,2022-03-31,benchmark,1.028977553988873,-0.15293458451011332,-0.046054108285266196,0.053016138395190933,0.10237730042130316,-0.049654364369271911,0.019823254711771932
jensen,2022-03-31,active,-0.1283392789381681,0.0017946170217923996,-0.11331462940417143,0.28960747290053379,0.01598805434901715,0.022710190503999916,
jensen,2022-06-30,fund,0.87089974702620943,-0.14997268358862545,-0.14423910272371285,0.38555932631688827,0.073423786045090048,-0.021618309608761939,0.00099915465059730035
jensen,2022-06-30,benchmark,0.98479622249344501,-0.14677693079100645,-0.023478387883473867,0.076796458677020812,0.10794753728340238,-0.052225825563916924,0.018876772958042576
jensen,2022-06-30,active,-0.11389647546723558,-0.0031957527976189948,-0.12076071484023898,0.30876286763986749,-0.034523751238312334,0.030607515955154985,
jensen,2022-09-30,fund,0.85797112932654229,-0.15985213286889016,-0.14618807639746562,0.36822990846103032,0.098069375983305659,-0.080695067023986544,0.00094183147774096199
jensen,2022-09-30,benchmark,1.0023804233863589,-0.15677692413734587,-0.032119675202260292,0.06688909676542279,0.12273731233171813,-0.070190440029102102,0.018437904677437555
jensen,2022-09-30,active,-0.14440929405981662,-0.0030752087315442933,-0.11406840119520532,0.30134081169560756,-0.024667936348412467,-0.010504626994884442,
jensen,2022-12-31,fund,0.85465567362093642,-0.14788921665117427,-0.14872242253287915,0.37271231490705592,0.086459536548074409,-0.068182219946457234,0.00096925635386280184
jensen,2022-12-31,benchmark,0.96721755314371149,-0.13852542105325955,0.012533695092923076,0.066588618700809829,0.12215332926879086,-0.086404136099646409,0.01541022508813561
jensen,2022-12-31,active,-0.11256187952277508,-0.0093637955979147258,-0.16125611762580222,0.30612369620624608,-0.035693792720716447,0.018221916153189174,
jensen,2023-03-31,fund,0.88379870179994013,-0.16552674066616718,-0.15540789098295793,0.37519489457622068,0.078337512668974832,-0.017406100632053043,0.0010337233052897243
jensen,2023-03-31,benchmark,1.0033146619789881,-0.13296863257204308,-0.02148843009335823,0.087027835917766097,0.1047891653504255,-0.074758333479727893,0.014515028944682373
jensen,2023-03-31,active,-0.11951596017904798,-0.0325581080941241,-0.13391946088959969,0.2881670586584546,-0.026451652681450666,0.05735223284767485,
jensen,2023-06-30,fund,0.89913701109075772,-0.14867996948344045,-0.17168757750707236,0.38312937453402546,0.11836768289076603,-0.030910198337704767,0.0010082691499309071
jensen,2023-06-30,benchmark,1.0208610288826747,-0.15349945750118077,-0.043654675575948355,0.073309317711608424,0.066956125467568128,-0.072737270741827564,0.013448395146994474
jensen,2023-06-30,active,-0.12172401779191699,0.0048194880177403199,-0.12803290193112402,0.30982005682241703,0.051411557423197904,0.041827072404122798,
jensen,2023-09-30,fund,0.94434241774733951,-0.12569868796117342,-0.18467317122872204,0.41958295542503632,0.11232041771366737,-0.011711531304526642,0.00092564157058427909
jensen,2023-09-30,benchmark,1.0219034301531889,-0.16374555342741029,-0.037808814455970556,0.042489514685516955,0.073885620405962457,-0.078857874417555526,0.013291902696665359
jensen,2023-09-30,active,-0.077561012405849339,0.038046865466236868,-0.14686435677275148,0.37709344073951934,0.03843479730770491,0.067146343113028889,
jensen,2023-12-31,fund,0.98793579671186293,-0.20755860784061259,-0.14126918196176635,0.35748699531651673,0.052411907229319779,0.031199848869098896,0.00093455376355722208
jensen,2023-12-31,benchmark,1.0297789690111956,-0.14724262196220092,-0.058439990706070727,0.045482660201835459,0.071333070439452514,-0.08792290848412479,0.010455805127763451
jensen,2023-12-31,active,-0.041843172299332654,-0.060315985878411665,-0.082829191255695628,0.31200433511468129,-0.018921163210132735,0.11912275735322368,
jensen,2024-03-31,fund,0.97338780916566481,-0.099948377200596836,-0.23020239307845827,0.34997756321501083,0.14292301452593692,0.02490859143960707,0.00097854888408255292
jensen,2024-03-31,benchmark,1.0457882184805369,-0.17392606748244183,-0.0744784940048068,0.052503046205428797,0.059895274260551995,-0.095283173736027876,0.0094609794912664524
jensen,2024-03-31,active,-0.072400409314872127,0.073977690281844991,-0.15572389907365147,0.29747451700958205,0.083027740265384925,0.12019176517563494,
jensen,2024-06-30,fund,0.97253514738616398,-0.098716920675640668,-0.2738769727686568,0.29984773667270731,0.20361489753417114,0.00070711439865388346,0.00047410377014334149
jensen,2024-06-30,benchmark,1.069315482331143,-0.18349801593260812,-0.095114789738686048,0.055622973463560321,0.023434409924795667,-0.094220968682042078,0.0069791303107022973
jensen,2024-06-30,active,-0.096780334944979063,0.084781095256967448,-0.17876218302997077,0.24422476320914699,0.18018048760937547,0.09492808308069596,
jensen,2024-09-30,fund,0.98355317713927892,0.057935867897196749,-0.25004353159529602,0.33680259682914443,0.17650575371721819,0.062343190922099952,9.5333878050385401e-05
jensen,2024-09-30,benchmark,1.0573767347539014,-0.14755136488055004,-0.080136730057373914,0.099623343235244188,0.009817990900948495,-0.1014074761763647,0.0065094927926739876
jensen,2024-09-30,active,-0.073823557614622448,0.20548723277774678,-0.16990680153792209,0.23717925359390024,0.16668776281626968,0.16375066709846464,
jensen,2024-12-31,fund,0.96054901779735136,0.057094472756667403,-0.24497177388415833,0.30357535184142304,0.13935932366901727,0.062410797568722212,0.00041497449594751767
jensen,2024-12-31,benchmark,1.0696898770794945,-0.18878579363402195,-0.066498352763831231,0.0074249282953774412,-0.043209698089457259,-0.13433112496915353,0.0061503449628603768
jensen,2024-12-31,active,-0.10914085928214312,0.24588026639068936,-0.1784734211203271,0.29615042354604559,0.18256902175847453,0.19674192253787576,
jensen,2025-03-31,fund,0.9213195890892677,-0.081657792499131868,-0.03660246206388891,0.22060359953145509,-0.024856040195336392,0.0086317261806703009,0.0004548850964036788
jensen,2025-03-31,benchmark,1.0414911512531846,-0.1475869335434655,-0.053619778426812481,0.062793797875876217,-0.011456829279885911,-0.09857669072177612,0.0063878719086645219
jensen,2025-03-31,active,-0.12017156216391689,0.065929141044333631,0.017017316362923571,0.15780980165557887,-0.013399210915450481,0.10720841690244642,
jensen,2025-06-30,fund,1.0039092664807101,-0.23729639112726844,-0.038692380853057373,0.18570418626224147,-0.19118146486720997,0.011378741624300581,0.00055125078543905026
jensen,2025-06-30,benchmark,1.0631137488709619,-0.10730276954737361,-0.15139305229256289,0.092443472942449215,-0.065622698360615392,-0.091155784357262917,0.00507752591845545
jensen,2025-06-30,active,-0.059204482390251778,-0.12999362157989483,0.11270067143950552,0.093260713319792257,-0.12555876650659459,0.1025345259815635,
jensen,2025-09-30,fund,0.98859105582618001,-0.25765464625228096,-0.12280509075116712,0.23082400336695072,-0.11887556375035793,-0.036347390012544369,0.0005761032975184488
jensen,2025-09-30,benchmark,1.0709272814646684,-0.040394383570672834,-0.20932507221648547,0.094951324288686356,-0.10795007705937314,-0.089016439455516599,0.0031662486978514259
jensen,2025-09-30,active,-0.082336225638488414,-0.21726026268160814,0.086519981465318349,0.13587267907826436,-0.010925486690984795,0.052669049442972231,
jensen,2025-12-31,fund,1.0436118029078578,-0.22362793615082818,-0.19674054424946841,0.30334446679168986,-0.16551263387878828,-0.049356702321679019,0.00076224997269114247
jensen,2025-12-31,benchmark,1.0169586788257963,-0.0078126178719406143,-0.22923020532882341,0.041802801227236855,-0.11700368796488887,-0.087996650736791873,0.0026070003423368515
jensen,2025-12-31,active,0.026653124082061552,-0.21581531827888756,0.032489661079354998,0.26154166556445302,-0.048508945913899412,0.038639948415112854,
jensen,2026-03-31,fund,1.0437029478458921,-0.18912484895329987,-0.15147845276420205,0.26999660794671621,-0.21968627750540898,0.0016914571874656846,0.00056978109068483995
jensen,2026-03-31,benchmark,0.99284335228154186,0.027521708244548661,-0.17997713784997876,0.055606726384957957,-0.04585700572556748,-0.0066408595164534189,0.0025458669323672467
jensen,2026-03-31,active,0.050859595564350268,-0.21664655719784853,0.028498685085776715,0.21438988156175826,-0.1738292717798415,0.0083323167039191029,
jensen,2026-06-30,fund,0.96218768993046522,-0.10346031677215359,-0.07034653481313935,0.18121496713123503,0.032251216984953784,0.1423018385259808,0.00050742704705186714
jensen,2026-06-30,benchmark,1.1068103317964733,-0.059983136360954745,-0.05132284495513903,-0.052242409820681152,0.058968254655028349,0.09222615278352593,0.0011232263602989345
jensen,2026-06-30,active,-0.14462264186600804,-0.043477180411198843,-0.01902368985800032,0.23345737695191618,-0.026717037670074564,0.05007568574245487,
polen,2019-09-30,fund,0.96130443863952275,-0.15732406991107575,-0.19848111245861499,-0.19641692147085454,-0.35162969926022591,0.10508722791740417,0.00017687060353921424
polen,2019-09-30,benchmark,1.0075302589558026,-0.14802862602691874,-0.18154156997202706,-0.010188674662936627,-0.32626210280437429,0.092584647706155015,0.045211274145259273
polen,2019-09-30,active,-0.046225820316279864,-0.0092954438841570119,-0.016939542486587938,-0.18622824680791791,-0.025367596455851626,0.012502580211249156,
polen,2019-12-31,fund,0.95615949765374464,-0.083396188366697252,-0.19885807640689337,-0.13799193336016385,-0.4093381743316733,0.13042713566160979,0.00011298574863372046
polen,2019-12-31,benchmark,1.014192920018159,-0.12701211953299119,-0.14295309015642021,0.047441056810882454,-0.36190005193342667,0.12153381614745884,0.037751602414574092
polen,2019-12-31,active,-0.058033422364414333,0.043615931166293934,-0.05590498625047316,-0.18543299017104631,-0.047438122398246629,0.0088933195141509547,
polen,2020-03-31,fund,0.96139860334749316,-0.13338023428535389,-0.1201144963507436,-0.25321519536484688,-0.6886310698384176,0.070476166866069168,0.00021830383990029123
polen,2020-03-31,benchmark,1.0224658725662454,-0.13148092209064263,-0.15289602666268476,0.060650653649943806,-0.33802413805628317,0.14697372357239835,0.03248850579411422
polen,2020-03-31,active,-0.061067269218752274,-0.0018993121947112612,0.032781530311941157,-0.3138658490147907,-0.35060693178213442,-0.076497556706329184,
polen,2020-06-30,fund,1.0046133424504236,-0.10385828584630294,-0.10684137354337267,-0.42354405591625521,-0.68375150090803016,0.062981373855946571,0.00035959870742741096
polen,2020-06-30,benchmark,1.0519134918771385,-0.083178404264677208,-0.23627789494650389,-0.055366541555620291,-0.35100431141931959,0.13757068502566272,0.031257058023796747
polen,2020-06-30,active,-0.047300149426714899,-0.020679881581625731,0.12943652140313122,-0.36817751436063495,-0.33274718948871057,-0.074589311169716149,
polen,2020-09-30,fund,0.99659211865950303,-0.048165980260770194,-0.16130974948847038,-0.1872274244012217,-0.59258318114304476,0.041664027817165064,0.00040204240322383455
polen,2020-09-30,benchmark,1.100597567302974,-0.04852364206084131,-0.2693348952986076,0.035198098136942788,-0.23395077639584777,0.15224378457766491,0.031099213113150004
polen,2020-09-30,active,-0.10400544864347094,0.0003576618000711157,0.10802514581013722,-0.2224255225381645,-0.35863240474719699,-0.11057975676049984,
polen,2020-12-31,fund,0.97714172168267843,-0.0293073202974986,-0.15828334186324081,-0.0074684670165434111,-0.56784201929630429,0.065924984104366355,0.00029233543062667788
polen,2020-12-31,benchmark,1.1055353470418077,-0.012832099435733921,-0.29716512558639041,0.19733180749045257,-0.14339677783224958,0.15548879403490426,0.030540424168432612
polen,2020-12-31,active,-0.12839362535912924,-0.016475220861764679,0.1388817837231496,-0.20480027450699598,-0.42444524146405471,-0.089563809930537905,
polen,2021-03-31,fund,0.98088299709741855,0.031173381669241274,-0.20095451302549738,0.14033392000215233,-0.45178073589924317,0.068134324498259485,0.00065437765230513811
polen,2021-03-31,benchmark,1.0767019390043724,0.055152090579946703,-0.34132999289647176,0.25334703389906565,-0.049362642481007836,0.12650753571523449,0.029535395873832693
polen,2021-03-31,active,-0.095818941906953836,-0.023978708910705429,0.14037547987097437,-0.11301311389691332,-0.40241809341823531,-0.058373211216975002,
polen,2021-06-30,fund,0.97839727288935741,-0.00060228244710532064,-0.22115436461656218,0.22891824605255168,-0.44478003909259523,0.04232885790628399,0.00059779028246853549
polen,2021-06-30,benchmark,1.1023138034898574,0.096574384143190209,-0.31453572320793971,0.20938576467444883,-0.10480794703901579,0.11228823918448297,0.024778691000527209
polen,2021-06-30,active,-0.12391653060050001,-0.09717666659029553,0.093381358591377528,0.019532481378102845,-0.33997209205357942,-0.069959381278198979,
polen,2021-09-30,fund,0.99825211669289737,-0.044077115959597471,-0.22067254007230461,0.22771214796407921,-0.42718532887033445,0.012524358887919416,0.00079511643949603528
polen,2021-09-30,benchmark,1.1126505801023008,0.037988968629873651,-0.33236024950528087,0.18021464921715791,-0.02817056019424841,0.069977868291960454,0.019810717006204737
polen,2021-09-30,active,-0.11439846340940341,-0.082066084589471122,0.11168770943297626,0.047497498746921302,-0.39901476867608604,-0.057453509404041037,
polen,2021-12-31,fund,1.0101130531303297,-0.19374466892424919,-0.19393001673434263,0.0054760179971466427,-0.31649836816671728,-0.045933705826644265,0.00081209892683853369
polen,2021-12-31,benchmark,1.1339021603576025,-0.0051212614095770548,-0.31980060256601145,0.17313317463526132,-0.033717555647751994,0.080071297270786684,0.016895876531475396
polen,2021-12-31,active,-0.12378910722727277,-0.18862340751467213,0.12587058583166882,-0.16765715663811467,-0.28278081251896531,-0.12600500309743096,
polen,2022-03-31,fund,1.0049609966090751,-0.23251519308207017,-0.20693360159395063,-0.0058994499928062168,-0.34500992840623057,-0.076617906600276009,0.00088946972457448759
polen,2022-03-31,benchmark,1.1453384229586872,-0.085812161962174671,-0.29921035562667253,0.1138663905922334,0.010488660524299611,0.033712334847061237,0.014036058882793689
polen,2022-03-31,active,-0.14037742634961203,-0.14670303111989549,0.092276754032721897,-0.11976584058503961,-0.35549858893053016,-0.11033024144733725,
polen,2022-06-30,fund,1.0812903611096536,-0.35795608048420979,-0.16499900384805544,-0.078881661522816601,-0.27705247425412916,-0.086995528884342754,0.00076090944678564032
polen,2022-06-30,benchmark,1.093265133934137,-0.15248680993092298,-0.25155366668274876,0.098785498540589961,0.063645402216552655,0.00061587682549581993,0.0183326837245531
polen,2022-06-30,active,-0.011974772824483448,-0.20546927055328681,0.086554662834693319,-0.17766716006340655,-0.34069787647068184,-0.08761140570983858,
polen,2022-09-30,fund,1.101444587703106,-0.35357072438400067,-0.18950661924772014,-0.11797469329728318,-0.25422494970174547,-0.077200742477444267,0.00069732325176152798
polen,2022-09-30,benchmark,1.1172618608203295,-0.13918674350399596,-0.27973844752292859,0.10866845051314664,0.088001687144169075,-0.0021856938679776002,0.017794209823204565
polen,2022-09-30,active,-0.015817273117223474,-0.21438398088000471,0.090231828275208453,-0.22664314381042983,-0.34222663684591453,-0.075015048609466672,
polen,2022-12-31,fund,1.0947887020067539,-0.21377127630026629,-0.20791129354421287,-0.13860183677498772,-0.17889983338177601,0.0015302843009175407,0.00071240566036301356
polen,2022-12-31,benchmark,1.0473554380619354,-0.14299356126058707,-0.22694550569888358,0.094292655877745449,0.034429627793413319,-0.048746162600442365,0.014655400275132013
polen,2022-12-31,active,0.047433263944818504,-0.070777715039679223,0.019034212154670715,-0.23289449265273315,-0.21332946117518933,0.050276446901359906,
polen,2023-03-31,fund,1.1488360238755577,-0.20754793426282425,-0.19583823767820119,-0.21657903730746775,-0.20582570590773486,-0.074462660815268977,0.00043306420622091224
polen,2023-03-31,benchmark,1.0894795577819776,-0.14174408291712948,-0.2647174494812613,0.094760157719628049,0.02830551380386756,-0.049426759034388965,0.013132648814830006
polen,2023-03-31,active,0.05935646609358014,-0.065803851345694775,0.068879211803060114,-0.31133919502709578,-0.23413121971160242,-0.025035901780880013,
polen,2023-06-30,fund,1.1347459734250513,-0.28350817289858848,-0.15769051852230537,-0.29008471742781228,-0.28232683351249155,-0.074450018244939478,0.00032415579167299757
polen,2023-06-30,benchmark,1.1066964766588125,-0.22466141788823982,-0.30091907259701517,0.046630249553262358,-0.083599355437719444,-0.059885260471020642,0.01016358695530073
polen,2023-06-30,active,0.028049496766238802,-0.058846755010348667,0.1432285540747098,-0.33671496698107461,-0.19872747807477209,-0.014564757773918836,
polen,2023-09-30,fund,1.1207697761335602,-0.29242597160133987,-0.14777898894681996,-0.28857129572846962,-0.27338942765309809,-0.051792617977450314,0.00023672777856975635
polen,2023-09-30,benchmark,1.0874160342869139,-0.23887672804472182,-0.29333044146214482,-0.01962350312432163,-0.078138973437745174,-0.073730920194574306,0.010280213375470471
polen,2023-09-30,active,0.033353741846646301,-0.053549243556618054,0.14555145251532486,-0.26894779260414797,-0.19525045421535292,0.021938302217123992,
polen,2023-12-31,fund,1.1306454850507326,-0.33923220025241285,-0.17709553657870741,-0.3115421264555297,-0.21432753235452484,-0.10939756543611656,0.00019953309758413695
polen,2023-12-31,benchmark,1.1121118275265829,-0.21746964442553193,-0.31482659789355161,-0.046687550597999922,-0.046700484631908103,-0.092562825622222678,0.0054856904534502648
polen,2023-12-31,active,0.018533657524149705,-0.12176255582688092,0.13773106131484419,-0.26485457585752981,-0.16762704772261675,-0.016834739813893884,
polen,2024-03-31,fund,1.07608620657293,-0.36178855701176438,-0.17301214123582126,-0.19584595955929263,-0.23318684247098179,-0.15736250565733501,0.00031310855525434889
polen,2024-03-31,benchmark,1.1202636513219972,-0.27069873097628783,-0.30545745614583408,-0.0017365794343472685,-0.1002284256309874,-0.14439425789989113,0.0037930518331361629
polen,2024-03-31,active,-0.044177444749067263,-0.091089826035476551,0.13244531491001282,-0.19410938012494536,-0.13295841683999438,-0.012968247757443874,
polen,2024-06-30,fund,1.0753767791875568,-0.44472461631113952,-0.20113804888924583,-0.25060929646582764,-0.1398771747747273,-0.21084611034453604,0.00034149564376872998
polen,2024-06-30,benchmark,1.1537873478212013,-0.30513458845822594,-0.30978178598775996,0.0019376350556629463,-0.14278022448667074,-0.14827321458117926,0.0028343414518694487
polen,2024-06-30,active,-0.078410568633644484,-0.13959002785291358,0.10864373709851413,-0.2525469315214906,0.0029030497119434395,-0.062572895763356784,
polen,2024-09-30,fund,1.1121122730620074,-0.28815608934504588,-0.19998665965952667,-0.1399307131939975,-0.11506364116008598,-0.16389124959300763,0.00043164157153818827
polen,2024-09-30,benchmark,1.1686350214532797,-0.35521033155196835,-0.2867937984709506,0.018398185514368948,-0.22972018756238738,-0.19192448637645237,0.0025856616817556688
polen,2024-09-30,active,-0.056522748391272248,0.067054242206922465,0.086807138811423934,-0.15832889870836644,0.1146565464023014,0.028033236783444743,
polen,2024-12-31,fund,1.1457043519534869,-0.28484687717755741,-0.21722690888887783,-0.18124140980204018,-0.10025768660980904,-0.14623360410094985,0.00017136014605667604
polen,2024-12-31,benchmark,1.17433325968894,-0.43150645964823403,-0.24759513165342034,-0.18620486931729516,-0.29685826325267428,-0.25137432342804372,0.0025056922211996735
polen,2024-12-31,active,-0.028628907735453124,0.14665958247067662,0.030368222764542513,0.004963459515254981,0.19660057664286523,0.10514071932709387,
polen,2025-03-31,fund,1.1246801851671329,-0.27480816635815158,-0.19242350554385809,-0.20114258733964849,0.00093106125047109868,-0.10371076178241091,0.00016138483019878525
polen,2025-03-31,benchmark,1.1790578352006809,-0.25868922252086973,-0.40783362273395551,-0.063054277454064334,-0.12430769636216574,-0.15773691919489183,0.0026787238348615627
polen,2025-03-31,active,-0.054377650033547997,-0.016118943837281852,0.21541011719009742,-0.13808830988558415,0.12523875761263684,0.054026157412480916,
polen,2025-06-30,fund,1.2080083900246075,-0.37254013651676388,-0.1256683133553593,-0.21666857391742669,-0.01669383981071372,-0.11385583737734634,0.00083299598288533172
polen,2025-06-30,benchmark,1.1901047966602507,-0.096010414816017381,-0.61569209010897996,0.053838275926521899,-0.15410928014140671,-0.099310367502000327,0.0012226755819634283
polen,2025-06-30,active,0.017903593364356762,-0.27652972170074652,0.49002377675362063,-0.27050684984394857,0.13741544033069297,-0.014545469875346009,
polen,2025-09-30,fund,1.2218341667979835,-0.30112871113950357,-0.36856434815783984,-0.17304062054367828,0.15730622644181244,-0.13876994562605463,0.0007426535040691018
polen,2025-09-30,benchmark,1.1794563514964522,0.012367664815415852,-0.66292491148436772,0.064396930679646511,-0.22092955338000161,-0.089673353926592689,0.0009279786537980117
polen,2025-09-30,active,0.042377815301531285,-0.31349637595491942,0.29436056332652788,-0.23743755122332477,0.37823577982181406,-0.049096591699461942,
polen,2025-12-31,fund,1.1641244141440759,-0.31039273718486232,-0.3761028620965568,-0.16442034297829555,0.0095701457751472385,-0.16120960045793931,0.00069818137342991804
polen,2025-12-31,benchmark,1.0772843117918434,0.0806591618294666,-0.71094138686448338,0.020411304802371983,-0.18626284655423528,-0.069597798765053301,0.001057029554086264
polen,2025-12-31,active,0.086840102352232496,-0.39105189901432891,0.33483852476792658,-0.18483164778066755,0.1958329923293825,-0.091611801692886005,
polen,2026-03-31,fund,1.1812084252268527,-0.3680288516207843,-0.34972909265760405,-0.24142514371112647,-0.12190710321511185,-0.18226840409330747,0.0012949597763479703
polen,2026-03-31,benchmark,1.0905239751553024,0.010646945611031728,-0.70737906432814346,-0.008804188151069172,-0.18449522786122746,-0.10692801413925936,0.00085152620218864605
polen,2026-03-31,active,0.090684450071550238,-0.37867579723181605,0.35764997167053941,-0.2326209555600573,0.062588124646115614,-0.075340389954048112,
polen,2026-06-30,fund,1.2605131404903402,-0.33054013249408715,-0.38219945897883317,-0.058992825991533354,0.072590168948021366,-0.11307750410849815,0.0029273286270777854
polen,2026-06-30,benchmark,1.2947785279160917,-0.012644858322888088,-0.55697625117663385,-0.2352882903776394,0.093376723085669827,0.11440086804514964,0.00023081289045978615
polen,2026-06-30,active,-0.03426538742575147,-0.31789527417119906,0.17477679219780068,0.17629546438610605,-0.020786554137648461,-0.2274783721536478,
