entity,t,sec_id,yf_ticker,date,daily_return,weight
akre,2,512816109,LAMR,2020-03-24,0.26291399985665254,0.00039723763953178408
akre,5,88339J105,TTD,2020-11-06,0.2657808413219207,1.6283814910123563e-05
akre,20,38267D109,GSHD,2024-07-25,0.29208528987345028,0.0018502611165914238
akre,26,12510Q100,CCC,2026-02-25,0.25296447120219234,0.021648896779320654
akre,28,303250104,FICO,2026-09-29,-0.26521901276766979,0.084651154606920562
ivv,1,09062X103,BIIB,2019-10-22,0.26110689474589321,0.001736388060087425
ivv,1,30212P303,EXPE,2019-11-07,-0.27386224375552959,0.00076436428299806749
ivv,2,25179M103,DVN,2020-03-09,-0.37397157580320994,0.00037549831029386687
ivv,2,25278X109,FANG,2020-03-09,-0.44645804720787963,0.00055789606113216964
ivv,2,26875P101,EOG,2020-03-09,-0.32007222215546116,0.0018209788059128573
ivv,2,406216101,HAL,2020-03-09,-0.37643457004500513,0.00080909723496695057
ivv,2,423452101,HP,2020-03-09,-0.32934804070389323,0.00017532023506533468
ivv,2,637071101,NOV,2020-03-09,-0.28954097454589212,0.00036873866337176357
ivv,2,674599105,OXY,2020-03-09,-0.52013817818503938,0.0013774718085722878
ivv,2,682680103,OKE,2020-03-09,-0.37755267353469546,0.0011673151834482715
ivv,2,AN8068571086,SLB,2020-03-09,-0.27421379481323205,0.0020796947534001001
ivv,2,BMG667211046,NCLH,2020-03-09,-0.26900372003360029,0.00046378038305224629
ivv,2,GB00BDSFG982,FTI,2020-03-09,-0.26269836472384833,0.00032736460198861354
ivv,2,LR0008862868,RCL,2020-03-09,-0.25749893551513026,0.0008571080041542145
ivv,2,BMG667211046,NCLH,2020-03-11,-0.2668292813184785,0.00046378038305224629
ivv,2,534187109,LNC,2020-03-12,-0.26670864731003108,0.00043181441927294702
ivv,2,56585A102,MPC,2020-03-12,-0.2700893532575086,0.0014618631226773692
ivv,2,92276F100,VTR,2020-03-12,-0.27897776607026037,0.00080765515733953171
ivv,2,BMG667211046,NCLH,2020-03-12,-0.35795077911005246,0.00046378038305224629
ivv,2,LR0008862868,RCL,2020-03-12,-0.31778221019493302,0.0008571080041542145
ivv,2,018581108,BFH,2020-03-16,-0.27065267082337374,0.00016371496702967885
ivv,2,23355L106,DXC,2020-03-16,-0.28335533695604631,0.00035607499961303493
ivv,2,552953101,MGM,2020-03-16,-0.33613982805897069,0.00063790804044805275
ivv,2,828806109,SPG,2020-03-16,-0.26712699494960646,0.0017146360037876246
ivv,2,87165B103,SYF,2020-03-16,-0.26025694717692993,0.0007999078840737261
ivv,2,876030107,TPR,2020-03-16,-0.29266780085997157,0.00027354826257020552
ivv,2,92276F100,VTR,2020-03-16,-0.28592871618855131,0.00080765515733953171
ivv,2,NL0009434992,LYB,2020-03-16,-0.25491034735023732,0.0009024538585146797
ivv,2,VGG1890L1076,CPRI,2020-03-16,-0.30653268946283696,0.00020654896552771074
ivv,2,018581108,BFH,2020-03-18,-0.26757364198992317,0.00016371496702967885
ivv,2,02376R102,AAL,2020-03-18,-0.25224649065601168,0.00040970074097865776
ivv,2,222070203,COTY,2020-03-18,-0.31376144212360357,0.00011496548849696978
ivv,2,247361702,DAL,2020-03-18,-0.25992437374693977,0.0012492201383027712
ivv,2,552953101,MGM,2020-03-18,-0.25235596164728247,0.00063790804044805275
ivv,2,61945C103,MOS,2020-03-18,-0.27507728588039493,0.00027513509157681577
ivv,2,682680103,OKE,2020-03-18,-0.28478372711363942,0.0011673151834482715
ivv,2,910047109,UAL,2020-03-18,-0.30290188759105852,0.00071436114671078528
ivv,2,JE00B783TY65,APTV,2020-03-18,-0.30552684157841448,0.00089761956718355175
ivv,2,23355L106,DXC,2020-03-19,0.33941999276724988,0.00035607499961303493
ivv,2,416515104,HIG,2020-03-19,0.27695244123756257,0.00081589708933976638
ivv,2,682680103,OKE,2020-03-19,0.33311643803104385,0.0011673151834482715
ivv,2,913903100,UHS,2020-03-19,0.2533613316568093,0.00042748706534125752
ivv,2,VGG1890L1076,CPRI,2020-03-19,0.33244687276304252,0.00020654896552771074
ivv,2,018581108,BFH,2020-03-24,0.35428786814331836,0.00016371496702967885
ivv,2,02376R102,AAL,2020-03-24,0.35804878793111672,0.00040970074097865776
ivv,2,20825C104,COP,2020-03-24,0.25213878520672628,0.0026663587640866674
ivv,2,23355L106,DXC,2020-03-24,0.41015988802805015,0.00035607499961303493
ivv,2,237194105,DRI,2020-03-24,0.31342907631929529,0.00050482690320026999
ivv,2,35671D857,FCX,2020-03-24,0.29684565047088718,0.0007113502343229569
ivv,2,364760108,GAP,2020-03-24,0.29458597057075142,0.00013169276861318047
ivv,2,406216101,HAL,2020-03-24,0.26526719948749444,0.00080909723496695057
ivv,2,412822108,HOG,2020-03-24,0.26988285861409356,0.00021356165498559603
ivv,2,423452101,HP,2020-03-24,0.28025504777139032,0.00017532023506533468
ivv,2,500255104,KSS,2020-03-24,0.27043561087878309,0.00029434251622281738
ivv,2,534187109,LNC,2020-03-24,0.31700257558750944,0.00043181441927294702
ivv,2,552953101,MGM,2020-03-24,0.33114760768570295,0.00063790804044805275
ivv,2,854502101,SWK,2020-03-24,0.25322798242109679,0.00094688159552611855
ivv,2,876030107,TPR,2020-03-24,0.29678649825989445,0.00027354826257020552
ivv,2,910047109,UAL,2020-03-24,0.25714285714285712,0.00071436114671078528
ivv,2,91529Y106,UNM,2020-03-24,0.26204239436478827,0.00021598956595415435
ivv,2,962166104,WY,2020-03-24,0.25315473164801316,0.00084506519543972017
ivv,2,963320106,WHR,2020-03-24,0.29570230928280994,0.00035703453281412382
ivv,2,BMG667211046,NCLH,2020-03-24,0.42192346344527909,0.00046378038305224629
ivv,2,001055102,AFL,2020-03-25,0.26176565418716269,0.0014509567020640178
ivv,3,693656100,PVH,2020-04-06,0.28138085937706259,0.00013310636583966276
ivv,3,VGG1890L1076,CPRI,2020-04-06,0.25908559288749,7.3254009623459338e-05
ivv,3,BMG667211046,NCLH,2020-04-29,0.25362869794679521,0.00010912617392092046
ivv,3,02376R102,AAL,2020-06-04,0.41097036076894633,0.00021837143200345598
ivv,3,674599105,OXY,2020-06-05,0.33697722887140857,0.000485388751139838
ivv,4,79466L302,CRM,2020-08-26,0.26044878376843572,0.0065840065260170354
ivv,5,016255101,ALGN,2020-10-22,0.34966205378458493,0.0008421898223433678
ivv,5,09062X103,BIIB,2020-11-04,0.43973933359595518,0.0016148589975060893
ivv,5,09062X103,BIIB,2020-11-09,-0.28166616329827387,0.0016148589975060893
ivv,5,25278X109,FANG,2020-11-09,0.30962013334430827,0.00017723136054999342
ivv,5,44107P104,HST,2020-11-09,0.30028584987786311,0.00027484116150736668
ivv,5,49446R109,KIM,2020-11-09,0.3226115141634327,0.00016729132056979979
ivv,5,534187109,LNC,2020-11-09,0.25124747655503854,0.00020102278722205062
ivv,5,55261F104,MTB,2020-11-09,0.25095888485442552,0.00041756968598364777
ivv,5,637071101,NOV,2020-11-09,0.27333326160063875,0.00012110216364035018
ivv,5,758849103,REG,2020-11-09,0.34977930532382229,0.00021306937615459332
ivv,5,78440X101,SLG,2020-11-09,0.36923809711632094,0.00011633904907226319
ivv,5,828806109,SPG,2020-11-09,0.27869356592221917,0.00070674550858661992
ivv,5,91913Y100,VLO,2020-11-09,0.31202523813422811,0.00064024997971116047
ivv,5,929042109,VNO,2020-11-09,0.27395427401415717,0.00018742149842251361
ivv,5,983134107,WYNN,2020-11-09,0.27688279280076333,0.0002473855126097786
ivv,5,BMG667211046,NCLH,2020-11-09,0.26753100172223365,0.00017793362201894817
ivv,5,LR0008862868,RCL,2020-11-09,0.28786065777707592,0.00041244095808281515
ivv,7,09062X103,BIIB,2021-06-07,0.38341366407586164,0.0012712363578734438
ivv,10,30303M102,META,2022-02-03,-0.26390083075996218,0.019720437415419619
ivv,10,29414B104,EPAM,2022-02-28,-0.45676331883276866,0.00094430151240500789
ivv,10,29414B104,EPAM,2022-03-16,0.25186637764649711,0.00094430151240500789
ivv,11,64110L106,NFLX,2022-04-20,-0.35116607551133094,0.0043434911283030076
ivv,11,904311206,UA,2022-05-06,-0.258841203179632,8.741226840012043e-05
ivv,12,09062X103,BIIB,2022-09-28,0.3985034366799578,0.00094465865968710694
ivv,13,368736104,GNRC,2022-10-19,-0.25341817415282686,0.00037772544088963901
ivv,13,23918K108,DVA,2022-10-28,-0.27090438330204292,0.00015848594771210873
ivv,13,31620M106,FIS,2022-11-03,-0.28048336314296785,0.0015284516003983011
ivv,13,534187109,LNC,2022-11-03,-0.33147802279964556,0.00022801698068698905
ivv,13,070830104,BBWI,2022-11-17,0.25184690487970429,0.000248276506929398
ivv,14,016255101,ALGN,2023-02-02,0.27377625893786561,0.00047679997517138524
ivv,14,33616C100,FRCB,2023-03-13,-0.6182730153006869,0.00069386372936824751
ivv,14,493267108,KEY,2023-03-13,-0.27330769493909934,0.00050576976533342379
ivv,14,989701107,ZION,2023-03-13,-0.25724916872415726,0.00022971256002998259
ivv,14,33616C100,FRCB,2023-03-14,0.26978539668819246,0.00069386372936824751
ivv,14,33616C100,FRCB,2023-03-17,-0.32798364811727942,0.00069386372936824751
ivv,14,33616C100,FRCB,2023-03-20,-0.47112462257812071,0.00069386372936824751
ivv,14,33616C100,FRCB,2023-03-21,0.29474548954340762,0.00069386372936824751
ivv,15,33616C100,FRCB,2023-04-25,-0.49374997615814209,7.5957106837835472e-05
ivv,15,29355A107,ENPH,2023-04-26,-0.25734362058821458,0.00083228166720466319
ivv,15,33616C100,FRCB,2023-04-26,-0.29753089021607904,7.5957106837835472e-05
ivv,15,33616C100,FRCB,2023-04-28,-0.43295638804252645,7.5957106837835472e-05
ivv,15,33616C100,FRCB,2023-05-03,-0.90495726058274528,7.5957106837835472e-05
ivv,15,336433107,FSLR,2023-05-12,0.26475243929052761,0.00062791779022678871
ivv,15,00751Y106,AAP,2023-05-31,-0.35035651440482307,0.00020983049643748234
ivv,15,33616C100,FRCB,2023-06-16,0.48437496847085071,7.5957106837835472e-05
ivv,15,33616C100,FRCB,2023-06-28,0.76336239814177209,7.5957106837835472e-05
ivv,16,23355L106,DXC,2023-08-03,-0.29442184718156295,0.00016337616245157033
ivv,16,34959E109,FTNT,2023-08-04,-0.25065999396778349,0.0013256172812665236
ivv,17,83417M104,SEDG,2023-10-20,-0.27267942547541646,0.00020370823265788168
ivv,17,70432V102,PAYC,2023-11-01,-0.3848634889963235,0.00035530611306924841
ivv,18,697435105,PANW,2024-02-21,-0.28441092670854551,0.002289276635774978
ivv,19,37959E102,GL,2024-04-11,-0.53140185481263513,0.00022593607646468863
ivv,19,29414B104,EPAM,2024-05-09,-0.26994384067521737,0.00036141033953401971
ivv,20,513272104,LW,2024-07-24,-0.2823709610068863,0.00026471128705537865
ivv,20,28176E108,EW,2024-07-25,-0.31339847201516924,0.0012142047156436747
ivv,20,252131107,DXCM,2024-07-26,-0.40658320903586309,0.00098357412488402941
ivv,20,458140100,INTC,2024-08-02,-0.26058514559856982,0.0028759035168442627
ivv,20,34959E109,FTNT,2024-08-07,0.25300122889160459,0.00083361473051523998
ivv,20,256677105,DG,2024-08-29,-0.32146316291090937,0.00063363109761901341
ivv,21,74736K101,QRVO,2024-10-30,-0.27308918714832786,0.00020120895601851728
ivv,21,86800U104,SMCI,2024-10-30,-0.32675080590529437,0.00043073752279401429
ivv,21,446413106,HII,2024-10-31,-0.2616072363940084,0.00021282508772544167
ivv,21,150870103,CE,2024-11-05,-0.26315786861700208,0.00030513136885583237
ivv,21,05464C101,AXON,2024-11-08,0.28678398437499997,0.00058875769921083038
ivv,21,86800U104,SMCI,2024-11-19,0.31244193389912689,0.00043073752279401429
ivv,21,86800U104,SMCI,2024-12-02,0.28676472994420532,0.00043073752279401429
ivv,22,21037T109,CEG,2025-01-10,0.25159957676666411,0.0014048804392642201
ivv,22,92840M102,VST,2025-01-27,-0.28271675428516507,0.00094179691282314146
ivv,22,302491303,FMC,2025-02-05,-0.33530727479951572,0.00012216220490570898
ivv,22,955306105,WST,2025-02-13,-0.38218315769840527,0.00047628372600219877
ivv,23,595017104,MCHP,2025-04-09,0.27051483349876881,0.00054687032020972232
ivv,23,910047109,UAL,2025-04-09,0.26144256288951184,0.00047780272754551124
ivv,23,159864107,CRL,2025-04-10,-0.28129724826126401,0.00016195488628253568
ivv,23,629377508,NRG,2025-05-12,0.26213023415488568,0.00040671033609429558
ivv,24,15135B101,CNC,2025-07-02,-0.40370701024843814,0.00051449755141951697
ivv,24,016255101,ALGN,2025-07-31,-0.36626226916931681,0.00024567362100341608
ivv,24,45168D104,IDXX,2025-08-04,0.27493755333054404,0.00082127752527860179
ivv,24,366651107,IT,2025-08-05,-0.27554869511995173,0.00059236508947639209
ivv,24,68389X105,ORCL,2025-09-10,0.35948826632664566,0.0067732117760270173
ivv,24,871607107,SNPS,2025-09-10,-0.3583731788271417,0.0015097459774649695
ivv,24,934423104,WBD,2025-09-11,0.28947369421718205,0.00049144934108705826
ivv,25,337738108,FISV,2025-10-29,-0.44043750892676059,0.0012285273394534323
ivv,25,513272104,LW,2025-12-19,-0.25939664683436015,0.00014192217321626712
ivv,26,80004C200,SNDK,2026-01-06,0.27564952572933255,0.00056553828647852035
ivv,26,60855R100,MOH,2026-02-06,-0.25514587226622709,0.00015263859008588927
ivv,26,86800U302,SMCI,2026-03-20,-0.33322507060101236,0.00025107254630412989
ivv,27,16119P108,CHTR,2026-04-24,-0.25498384567682997,0.0003324758698538292
ivv,27,NL0009538784,NXPI,2026-04-29,0.25547974901846637,0.00088641578184195326
ivv,27,23804L103,DDOG,2026-05-07,0.31326968833359392,0.00069318499043296644
ivv,27,00971T101,AKAM,2026-05-08,0.26583257882813971,0.00029560988885983991
ivv,27,24703L202,DELL,2026-05-29,0.32758240852375464,0.00087252071053376215
ivv,27,86800U302,SMCI,2026-06-10,-0.27977359996665896,0.00020461471165399614
ivv,28,459200101,IBM,2026-07-14,-0.25207595513952263,0.0041003233422104556
ivv,28,80004C200,SNDK,2026-07-30,0.2599395037665051,0.0052235890221965561
ivv,28,69608A108,PLTR,2026-08-04,0.29454836201182122,0.0041560279877676928
ivv,28,989207105,ZBRA,2026-08-04,0.26467551792190824,0.00019466887478076052
ivv,28,60770K107,MRNA,2026-08-19,1.7696951623021624,0.00038364153756567789
ivv,28,303250104,FICO,2026-09-29,-0.26521901276766979,0.00042900252458323736
iwf,1,76680R206,RNG,2019-10-04,0.28038256114593207,0.00064933219602445391
iwf,1,09062X103,BIIB,2019-10-22,0.26110689474589321,0.0010549276518623885
iwf,1,252131107,DXCM,2019-11-07,0.27155174475568788,0.00097026636415811145
iwf,1,30212P303,EXPE,2019-11-07,-0.27386224375552959,0.0011547913724449133
iwf,1,90353W103,UI,2019-11-08,0.3596432345476952,0.00013578187036999639
iwf,1,803607100,SRPT,2019-12-13,0.31432269779396815,0.00038342458710480167
iwf,2,25754A201,DPZ,2020-02-20,0.25600786570803735,0.00079101645761297189
iwf,2,60770K107,MRNA,2020-02-25,0.27810651069705528,0.00024424657159144658
iwf,2,67059N108,NTNX,2020-02-27,-0.28593323707156115,0.00034182561144013835
iwf,2,25278X109,FANG,2020-03-09,-0.44645804720787963,0.00019302389912767288
iwf,2,682680103,OKE,2020-03-09,-0.37755267353469546,0.00064036167627313763
iwf,2,BMG667211046,NCLH,2020-03-09,-0.26900372003360029,0.00016344888577265188
iwf,2,BMG667211046,NCLH,2020-03-11,-0.2668292813184785,0.00016344888577265188
iwf,2,94419L101,W,2020-03-12,-0.26682956608304309,0.00037555878075433094
iwf,2,BMG667211046,NCLH,2020-03-12,-0.35795077911005246,0.00016344888577265188
iwf,2,018581108,BFH,2020-03-16,-0.27065267082337374,2.1347142127077516e-05
iwf,2,122017106,BURL,2020-03-16,-0.29829607754064724,0.00096393445019392289
iwf,2,33829M101,FIVE,2020-03-16,-0.25326541285230142,0.00045016791205912301
iwf,2,339750101,FND,2020-03-16,-0.25511734574020883,0.00021771504945520011
iwf,2,43283X105,HGV,2020-03-16,-0.25026288718825329,1.6725804711295053e-05
iwf,2,552953101,MGM,2020-03-16,-0.33613982805897069,8.1791793434148613e-05
iwf,2,62886E108,VYX,2020-03-16,-0.29280002056071042,0.00029240258130384142
iwf,2,72703H101,PLNT,2020-03-16,-0.28121527295120263,0.00039815995697938802
iwf,2,828806109,SPG,2020-03-16,-0.26712699494960646,0.0026482516812431213
iwf,2,852234103,XYZ,2020-03-16,-0.28561536903679519,0.0014017064349145629
iwf,2,87165B103,SYF,2020-03-16,-0.26025694717692993,0.00041078554732669318
iwf,2,88023U101,SGI,2020-03-16,-0.28579214483149873,0.00024790281990128303
iwf,2,95058W100,WEN,2020-03-16,-0.2648809462397288,0.00027620466236387116
iwf,2,VGG1890L1076,CPRI,2020-03-16,-0.30653268946283696,0.0001545636850945105
iwf,2,018581108,BFH,2020-03-18,-0.26757364198992317,2.1347142127077516e-05
iwf,2,02376R102,AAL,2020-03-18,-0.25224649065601168,6.4769745747507031e-05
iwf,2,146869102,CVNA,2020-03-18,-0.26348189298604341,0.0002765126813449939
iwf,2,247361702,DAL,2020-03-18,-0.25992437374693977,0.00044177843229675323
iwf,2,552953101,MGM,2020-03-18,-0.25235596164728247,8.1791793434148613e-05
iwf,2,682680103,OKE,2020-03-18,-0.28478372711363942,0.00064036167627313763
iwf,2,78573M104,SABR,2020-03-18,-0.3184210646800093,6.9688837721932297e-05
iwf,2,88023U101,SGI,2020-03-18,-0.28050222639046185,0.00024790281990128303
iwf,2,910047109,UAL,2020-03-18,-0.30290188759105852,0.0002849981852415863
iwf,2,95058W100,WEN,2020-03-18,-0.28857141610649861,0.00027620466236387116
iwf,2,983793100,XPO,2020-03-18,-0.25216092532916812,0.00028381681249276127
iwf,2,JE00B783TY65,APTV,2020-03-18,-0.30552684157841448,0.0001151307393529781
iwf,2,55087P104,LYFT,2020-03-19,0.28971973501043746,5.4741097440975254e-05
iwf,2,62886E108,VYX,2020-03-19,0.2691000755141244,0.00029240258130384142
iwf,2,682680103,OKE,2020-03-19,0.33311643803104385,0.00064036167627313763
iwf,2,88023U101,SGI,2020-03-19,0.38861159534556866,0.00024790281990128303
iwf,2,90353T100,UBER,2020-03-19,0.38259110614382497,0.00019584153334269202
iwf,2,95058W100,WEN,2020-03-19,0.42704175182201087,0.00027620466236387116
iwf,2,VGG1890L1076,CPRI,2020-03-19,0.33244687276304252,0.0001545636850945105
iwf,2,018581108,BFH,2020-03-24,0.35428786814331836,2.1347142127077516e-05
iwf,2,02376R102,AAL,2020-03-24,0.35804878793111672,6.4769745747507031e-05
iwf,2,146869102,CVNA,2020-03-24,0.43044690564644461,0.0002765126813449939
iwf,2,237194105,DRI,2020-03-24,0.31342907631929529,0.00088095222160209979
iwf,2,477143101,JBLU,2020-03-24,0.37026230839366137,2.1838363545003332e-05
iwf,2,512816109,LAMR,2020-03-24,0.26291399985665254,0.00050003229777500254
iwf,2,552953101,MGM,2020-03-24,0.33114760768570295,8.1791793434148613e-05
iwf,2,78573M104,SABR,2020-03-24,0.28219170029021745,6.9688837721932297e-05
iwf,2,910047109,UAL,2020-03-24,0.25714285714285712,0.0002849981852415863
iwf,2,94419L101,W,2020-03-24,0.42838366555181184,0.00037555878075433094
iwf,2,BMG667211046,NCLH,2020-03-24,0.42192346344527909,0.00016344888577265188
iwf,2,78573M104,SABR,2020-03-25,0.26923082801247245,6.9688837721932297e-05
iwf,3,78573M104,SABR,2020-04-06,0.28904434941293444,2.15256835486678e-05
iwf,3,94419L101,W,2020-04-06,0.41220617206401489,0.00025960397574346266
iwf,3,VGG1890L1076,CPRI,2020-04-06,0.25908559288749,3.795727006865543e-05
iwf,3,BMG667211046,NCLH,2020-04-29,0.25362869794679521,3.5850967448643295e-05
iwf,3,90138F102,TWLO,2020-05-07,0.39616010832742798,0.00084557782610109511
iwf,3,98980G102,ZS,2020-05-29,0.29406322412563424,0.00032463834502160252
iwf,3,02376R102,AAL,2020-06-04,0.41097036076894633,4.1756979859976569e-05
iwf,4,100557107,SAM,2020-07-24,0.25652663167180578,0.00031752654174526643
iwf,4,72352L106,PINS,2020-07-31,0.36125447354263684,0.00050480491653100384
iwf,4,146869102,CVNA,2020-08-06,0.28066844395213741,0.00044851066464215343
iwf,4,09061G101,BMRN,2020-08-19,-0.35279230109526927,0.0013795519471796534
iwf,4,79466L302,CRM,2020-08-26,0.26044878376843572,0.010287450119975963
iwf,4,67059N108,NTNX,2020-08-28,0.29170505535266167,0.00028836934439381947
iwf,4,98980L101,ZM,2020-09-01,0.40784372146604153,0.0028957196145632724
iwf,4,69553P100,PD,2020-09-03,-0.25778799463914592,0.0001338265213721707
iwf,4,146869102,CVNA,2020-09-22,0.30609776053753257,0.00044851066464215343
iwf,5,31188V100,FSLY,2020-10-15,-0.27179739628176336,0.00044313003912350085
iwf,5,016255101,ALGN,2020-10-22,0.34966205378458493,0.0015437310986941542
iwf,5,72352L106,PINS,2020-10-29,0.26923854459965901,0.00083707984045712795
iwf,5,09062X103,BIIB,2020-11-04,0.43973933359595518,0.00081838900485803182
iwf,5,88339J105,TTD,2020-11-06,0.2657808413219207,0.0012937016459869579
iwf,5,09062X103,BIIB,2020-11-09,-0.28166616329827387,0.00081838900485803182
iwf,5,534187109,LNC,2020-11-09,0.25124747655503854,4.51774551389225e-05
iwf,5,74838J101,QDEL,2020-11-09,-0.28149587267134579,0.00047995224146689516
iwf,5,828806109,SPG,2020-11-09,0.27869356592221917,0.00093398644181453248
iwf,5,983134107,WYNN,2020-11-09,0.27688279280076333,0.00010490390076276729
iwf,5,98980G102,ZS,2020-12-03,0.26445949383312661,0.00059811816891314532
iwf,5,69553P100,PD,2020-12-04,0.2620518968570007,0.00011224033876717204
iwf,5,00847X104,AGIO,2020-12-21,0.28334839225610686,1.8044211932582512e-05
iwf,6,803607100,SRPT,2021-01-08,-0.51293280614419379,0.00069969270375154328
iwf,6,090043100,BILL,2021-02-05,0.3204404725021055,0.00054477639619185067
iwf,6,88076W103,TDC,2021-02-05,0.3707949307537235,0.0001083794110065614
iwf,6,88076W103,TDC,2021-02-08,0.30124049669248887,0.0001083794110065614
iwf,6,77311W101,RKT,2021-03-02,0.71193429938910135,5.174344457341583e-05
iwf,6,77311W101,RKT,2021-03-03,-0.3266827098851327,5.174344457341583e-05
iwf,6,004225108,ACAD,2021-03-09,-0.45347310780011452,0.00032009679654265081
iwf,7,JE00BYSS4X48,NVCR,2021-04-13,0.49628445954639244,0.00071094436075997531
iwf,7,405024100,HAE,2021-04-19,-0.36154569953139593,0.00027831703808065027
iwf,7,88076W103,TDC,2021-04-22,0.26629886277449577,0.00017246760026660472
iwf,7,31188V100,FSLY,2021-05-06,-0.27127109244687986,0.00028213415652672931
iwf,7,88339J105,TTD,2021-05-10,-0.25978560458250455,0.0014493663728725528
iwf,7,04271T100,ARRY,2021-05-12,-0.46052105705181556,1.6638125972496288e-05
iwf,7,462260100,IOVA,2021-05-19,-0.39451240862212122,0.00023151672627602987
iwf,7,09062X103,BIIB,2021-06-07,0.38341366407586164,0.00069394900832062156
iwf,7,95058W100,WEN,2021-06-08,0.25850009824739595,0.0001961100541508703
iwf,8,100557107,SAM,2021-07-23,-0.2601895262937699,0.00044836128171626011
iwf,8,91680M107,UPST,2021-08-11,0.26179249845140373,7.2292025418973274e-05
iwf,8,36467W109,GME,2021-08-24,0.27533503586958297,0.00059691726981216412
iwf,8,090043100,BILL,2021-08-27,0.29641637539365129,0.00064744353233153404
iwf,8,60937P106,MDB,2021-09-03,0.26331385876450963,0.0009102988756901876
iwf,9,644393100,NFE,2021-10-07,0.25509428226395547,3.4304118265963011e-05
iwf,9,163092109,CHGG,2021-11-02,-0.48820905368214029,0.00034863261269332037
iwf,9,70614W100,PTON,2021-11-05,-0.3534743089927922,0.0010712421042724293
iwf,9,88339J105,TTD,2021-11-08,0.29467536176461495,0.0014047048076050934
iwf,9,KYG851581069,STNE,2021-11-17,-0.34617808817664297,0.00034262343295877003
iwf,9,256163106,DOCU,2021-12-03,-0.42224791674660855,0.002302963940087653
iwf,9,670002401,NVAX,2021-12-07,0.28894688648530154,0.00071519597392196669
iwf,10,30303M102,META,2022-02-03,-0.26390083075996218,0.033507359305189929
iwf,10,090043100,BILL,2022-02-04,0.36052384208210597,0.00096312280092266354
iwf,10,70614W100,PTON,2022-02-08,0.25277312463071167,0.00040536849617743445
iwf,10,88076W103,TDC,2022-02-08,0.26340618003704841,0.00015636290039816299
iwf,10,91680M107,UPST,2022-02-16,0.35652088423500405,0.00029675643289668954
iwf,10,92537N108,VRT,2022-02-23,-0.36739927442907383,0.00033440126787360309
iwf,10,852234103,XYZ,2022-02-25,0.26139596156918321,0.0026974017141823772
iwf,10,29414B104,EPAM,2022-02-28,-0.45676331883276866,0.0015188099107638522
iwf,10,632307104,NTRA,2022-03-09,-0.32785389521350594,0.00029738280902228824
iwf,10,29414B104,EPAM,2022-03-16,0.25186637764649711,0.0015188099107638522
iwf,10,KYG851581069,STNE,2022-03-18,0.42039541231096611,0.00013948650036512439
iwf,10,36467W109,GME,2022-03-22,0.30721871952190427,0.00040099287895090796
iwf,11,64110L106,NFLX,2022-04-20,-0.35116607551133094,0.0075244063246431197
iwf,11,163092109,CHGG,2022-05-03,-0.30264209785752361,0.00017247635129444746
iwf,11,55087P104,LYFT,2022-05-04,-0.299089749495554,0.00053220978156565807
iwf,11,94419L101,W,2022-05-05,-0.25683125428974807,0.00022089184304937065
iwf,11,91680M107,UPST,2022-05-10,-0.56424216508237779,0.00024527878215834258
iwf,11,91332U101,U,2022-05-11,-0.37045504748319147,0.00070369480761929104
iwf,11,36467W109,GME,2022-05-25,0.29186759616053615,0.00049575741299415894
iwf,11,462260100,IOVA,2022-05-27,-0.53571428346165362,3.1990343737438229e-05
iwf,12,146869102,CVNA,2022-07-05,0.26108818075071438,0.00013269990221102327
iwf,12,670002401,NVAX,2022-07-14,-0.26204430044393368,0.00022394859094221779
iwf,12,72919P202,PLUG,2022-07-28,0.25902204752872904,0.00024191188716300946
iwf,12,02043Q107,ALNY,2022-08-03,0.4933436126217281,0.00099263661522721171
iwf,12,146869102,CVNA,2022-08-05,0.40071551162322527,0.00013269990221102327
iwf,12,18915M107,NET,2022-08-05,0.27058013821699878,0.00068900962498313499
iwf,12,670002401,NVAX,2022-08-09,-0.29641923529612446,0.00022394859094221779
iwf,12,88339J105,TTD,2022-08-10,0.36220179566549593,0.0010365503890523151
iwf,12,60937P106,MDB,2022-09-01,-0.25320568806999511,0.00092563826197051679
iwf,12,67059N108,NTNX,2022-09-01,0.291329545537234,9.0763275371477626e-05
iwf,12,679295105,OKTA,2022-09-01,-0.33698033410904404,8.7891408750514626e-05
iwf,12,83601L102,SHC,2022-09-19,-0.3326544311478199,0.00010489522691944988
iwf,13,338307101,FIVN,2022-10-10,-0.25555413371036573,0.0003127711720065378
iwf,13,368736104,GNRC,2022-10-19,-0.25341817415282686,0.00065037095890467154
iwf,13,23918K108,DVA,2022-10-28,-0.27090438330204292,0.00027320638083480105
iwf,13,98980F104,GTM,2022-11-02,-0.29172415020822107,0.00067030562483739423
iwf,13,00790R104,WMS,2022-11-03,-0.25015421943975646,0.00047057768260601757
iwf,13,534187109,LNC,2022-11-03,-0.33147802279964556,8.1393773476350146e-05
iwf,13,875372203,TNDM,2022-11-03,-0.28379430563928021,0.00016586874442836856
iwf,13,146869102,CVNA,2022-11-04,-0.38954702295763322,0.00013033866064723391
iwf,13,26142V105,DKNG,2022-11-04,-0.27823864935860376,0.0002897356755205708
iwf,13,90138F102,TWLO,2022-11-04,-0.34608321176028667,0.00027252115563447857
iwf,13,G06242104,TEAM,2022-11-04,-0.28960208613589578,0.0017018437578084418
iwf,13,146869102,CVNA,2022-11-10,0.31620554477113738,0.00013033866064723391
iwf,13,303250104,FICO,2022-11-10,0.31099453252786602,0.00059747257143591046
iwf,13,683712103,OPEN,2022-11-10,0.26490064813538505,2.3064723749447263e-05
iwf,13,76680R206,RNG,2022-11-10,0.30112843147085688,0.00019949774652029041
iwf,13,91332U101,U,2022-11-10,0.29395347417787066,0.00027134748671752535
iwf,13,91680M107,UPST,2022-11-10,0.27198132721282353,2.7225814700367378e-08
iwf,13,94419L101,W,2022-11-10,0.27999997346297545,0.00010055656806437946
iwf,13,98585X104,YETI,2022-11-10,0.3157547122009583,0.00013693654931803669
iwf,13,26622P107,DOCS,2022-11-11,0.32700336984243483,9.04415027507147e-05
iwf,13,83601L102,SHC,2022-11-21,0.3289036586954861,4.2950731413959401e-05
iwf,13,679295105,OKTA,2022-12-01,0.26462867012584068,6.8125866859959075e-05
iwf,13,146869102,CVNA,2022-12-07,-0.42921015762630321,0.00013033866064723391
iwf,13,146869102,CVNA,2022-12-08,0.29503918927720174,0.00013033866064723391
iwf,13,670002401,NVAX,2022-12-15,-0.34300638447057297,8.8630874396518052e-05
iwf,13,40131M109,GH,2022-12-16,-0.27144932891928031,0.000307571198728211
iwf,14,644393100,NFE,2023-01-03,-1.33621494476062,0.00014300540295479809
iwf,14,G6674U108,NVCR,2023-01-05,0.6845313996158584,0.00043444812562378995
iwf,14,83601L102,SHC,2023-01-10,0.99652769844289502,5.1490661018155289e-05
iwf,14,146869102,CVNA,2023-01-12,0.45999991980466159,2.9864175056412221e-05
iwf,14,94419L101,W,2023-01-23,0.2680059985073846,9.9665044507295136e-05
iwf,14,549498103,LCID,2023-01-27,0.42999996609157987,0.00020011626157124198
iwf,14,146869102,CVNA,2023-01-30,0.28700127041506995,2.9864175056412221e-05
iwf,14,146869102,CVNA,2023-02-01,0.33333333333333326,2.9864175056412221e-05
iwf,14,016255101,ALGN,2023-02-02,0.27377625893786561,0.00072445749655600754
iwf,14,03831W108,APP,2023-02-09,0.27050474941831881,0.00013146987978420883
iwf,14,55087P104,LYFT,2023-02-10,-0.36436492872548298,0.00016268057468281919
iwf,14,771049103,RBLX,2023-02-15,0.26380723703826336,0.00074314890106106203
iwf,14,88339J105,TTD,2023-02-15,0.32812510984830778,0.0011483306139663991
iwf,14,91680M107,UPST,2023-02-15,0.28130561803018317,1.0261959703342699e-05
iwf,14,670002401,NVAX,2023-03-01,-0.25917926955140436,4.9134601901757542e-05
iwf,14,957638109,WAL,2023-03-13,-0.47061201220115045,0.0002304303566517897
iwf,14,31946M103,FCNCA,2023-03-27,0.53739574226328291,0.00012034937428611688
iwf,15,29355A107,ENPH,2023-04-26,-0.25734362058821458,0.001411283964857003
iwf,15,957638109,WAL,2023-05-04,-0.38451129909313897,0.00012060659736922637
iwf,15,683712103,OPEN,2023-05-05,0.32592587425221553,1.1231522508443327e-05
iwf,15,957638109,WAL,2023-05-05,0.49230729992398614,0.00012060659736922637
iwf,15,146869102,CVNA,2023-05-08,0.26116067003601429,5.5539180355829939e-05
iwf,15,670002401,NVAX,2023-05-09,0.27785244315364865,2.9040173857097196e-05
iwf,15,91680M107,UPST,2023-05-10,0.34634486216597371,1.0838717424657407e-05
iwf,15,803607100,SRPT,2023-05-15,0.30773715833863013,0.00059306483287717687
iwf,15,00751Y106,AAP,2023-05-31,-0.35035651440482307,2.9507653432672825e-05
iwf,15,60937P106,MDB,2023-06-02,0.28010613257373662,0.00079127606394146296
iwf,15,81730H109,S,2023-06-02,-0.35135135010738505,0.0001128251274450361
iwf,15,G6674U108,NVCR,2023-06-06,-0.43037209085997452,0.00031923316362825188
iwf,15,146869102,CVNA,2023-06-08,0.56020614226450682,5.5539180355829939e-05
iwf,16,77543R102,ROKU,2023-07-28,0.31412226722459669,4.4998595760760012e-05
iwf,16,98980F104,GTM,2023-08-01,-0.26984746581467289,0.00018853633726637807
iwf,16,92537N108,VRT,2023-08-02,0.29249931815001307,2.6909826689654902e-05
iwf,16,34959E109,FTNT,2023-08-04,-0.25065999396778349,0.0022912740086624651
iwf,16,03831W108,APP,2023-08-10,0.26487592505760627,6.9353626611812132e-05
iwf,16,G6674U108,NVCR,2023-08-28,-0.37504201356556044,0.00020048375821402832
iwf,17,803607100,SRPT,2023-10-31,-0.37473296233616382,0.00051646477650258999
iwf,17,70432V102,PAYC,2023-11-01,-0.3848634889963235,0.0006403970687973024
iwf,17,77543R102,ROKU,2023-11-02,0.30737021866521763,5.1376623386334405e-05
iwf,17,23804L103,DDOG,2023-11-07,0.28472649940374684,0.0011881276809626829
iwf,17,56600D107,MRVI,2023-11-08,-0.31686050420261258,3.029198547497758e-05
iwf,17,15961R105,CHPT,2023-11-17,-0.35463254775349062,7.0928736185517721e-05
iwf,17,90364P105,PATH,2023-12-01,0.26720650938698332,0.00023479669789515969
iwf,17,N14506104,ESTC,2023-12-01,0.37132897102102302,0.00030090076723613291
iwf,18,00857U107,AGL,2024-01-05,-0.28559602649006621,0.00013633179229654386
iwf,18,69608A108,PLTR,2024-02-06,0.30801445797701255,0.0013787722041501923
iwf,18,55087P104,LYFT,2024-02-14,0.35119532028164913,0.00021676438203228334
iwf,18,705573103,PEGA,2024-02-15,0.35673460354502717,8.5806745868394918e-05
iwf,18,697435105,PANW,2024-02-21,-0.28441092670854551,0.0037486245228740421
iwf,18,56600D107,MRVI,2024-02-23,0.63600771785648735,1.7406747644938014e-05
iwf,18,74624M102,P,2024-02-29,0.25000006792552276,0.00033467646293158185
iwf,18,926400102,VSXY,2024-03-07,-0.29703358161869864,3.8677759173783844e-05
iwf,19,25862V105,DV,2024-05-08,-0.38567219908003025,0.00018801967093012904
iwf,19,457730109,INSP,2024-05-08,-0.33473109793703515,0.00023794649370842934
iwf,19,29414B104,EPAM,2024-05-09,-0.26994384067521737,0.00058276369272067881
iwf,19,90364P105,PATH,2024-05-30,-0.34043714764859345,0.0002508420152017043
iwf,19,644393100,NFE,2024-06-14,0.31799168111217635,7.4491394901306346e-05
iwf,19,803607100,SRPT,2024-06-21,0.30137652810285931,0.00043799897220163104
iwf,19,02043Q107,ALNY,2024-06-24,0.34520216054143371,0.0005722034371773917
iwf,20,33829M101,FIVE,2024-07-17,-0.25051435065420924,0.00020895805865020167
iwf,20,513272104,LW,2024-07-24,-0.2823709610068863,0.000404301161304404
iwf,20,28176E108,EW,2024-07-25,-0.31339847201516924,0.0019581598823229427
iwf,20,252131107,DXCM,2024-07-26,-0.40658320903586309,0.0015436913941196172
iwf,20,34959E109,FTNT,2024-08-07,0.25300122889160459,0.0013653573239150365
iwf,20,457730109,INSP,2024-08-07,0.28140950902527151,0.00013703510585990787
iwf,20,26622P107,DOCS,2024-08-09,0.38737329251042318,5.0174852749078142e-05
iwf,20,338307101,FIVN,2024-08-09,-0.26489290284890599,0.00011194913031831824
iwf,20,70614W100,PTON,2024-08-22,0.35416676571208638,3.9762028534238669e-05
iwf,20,256677105,DG,2024-08-29,-0.32146316291090937,0.0010185563017001493
iwf,20,N14506104,ESTC,2024-08-30,-0.26485909986394585,0.0003213896316698217
iwf,20,644393100,NFE,2024-09-13,0.99153973130429307,4.946804250718158e-05
iwf,20,74967X103,RH,2024-09-13,0.25490275399468687,2.4373247425733895e-05
iwf,21,86800U104,SMCI,2024-10-30,-0.32675080590529437,0.00074943088531043221
iwf,21,04626A103,ALAB,2024-11-05,0.37702801953957454,2.0779916405341991e-06
iwf,21,150870103,CE,2024-11-05,-0.26315786861700208,0.00013672679188648381
iwf,21,19260Q107,COIN,2024-11-06,0.31114657019864822,0.0010704625246917077
iwf,21,03831W108,APP,2024-11-07,0.46265199831288761,0.0012411875271749623
iwf,21,26701L100,BROS,2024-11-07,0.28133950250188033,5.020561211523692e-05
iwf,21,05464C101,AXON,2024-11-08,0.28678398437499997,0.0010422393984063959
iwf,21,26622P107,DOCS,2024-11-08,0.34154773045709952,1.4127422846846632e-05
iwf,21,34965K107,FTRE,2024-11-08,0.30193911320225575,7.2119849994281102e-07
iwf,21,594972408,MSTR,2024-11-11,0.25730339145501091,5.9682194324235735e-05
iwf,21,86800U104,SMCI,2024-11-19,0.31244193389912689,0.00074943088531043221
iwf,21,969904101,WSM,2024-11-20,0.27542977446614025,0.00042358295211892595
iwf,21,833445109,SNOW,2024-11-21,0.32706019658690932,0.0013166897978311202
iwf,21,86800U104,SMCI,2024-12-02,0.28676472994420532,0.00074943088531043221
iwf,21,256163106,DOCU,2024-12-06,0.27856115527705105,0.00045772643999661769
iwf,22,21037T109,CEG,2025-01-10,0.25159957676666411,0.00038043204662973842
iwf,22,04626A103,ALAB,2025-01-27,-0.28031154075469933,2.4325436851907172e-05
iwf,22,199908104,FIX,2025-01-27,-0.25713015657448135,0.00050580068084877009
iwf,22,92537N108,VRT,2025-01-27,-0.29879717411473716,0.0013827007069634716
iwf,22,92840M102,VST,2025-01-27,-0.28271675428516507,0.001590254886015706
iwf,22,090043100,BILL,2025-02-07,-0.35516344523032972,7.2932856365022324e-05
iwf,22,26622P107,DOCS,2025-02-07,0.35993830483255884,1.6190539511408861e-05
iwf,22,26701L100,BROS,2025-02-13,0.29099060574045033,7.6786806476999108e-05
iwf,22,88339J105,TTD,2025-02-13,-0.32978813778050731,0.0017838938813231865
iwf,22,955306105,WST,2025-02-13,-0.38218315769840527,0.00048923384212562493
iwf,22,91332U101,U,2025-02-20,0.30414536075852605,0.00010018607133777823
iwf,22,15118V207,CELH,2025-02-21,0.27771241890126408,0.00015747807405687048
iwf,22,L44385109,GLOB,2025-02-21,-0.27810818602785115,0.00022896167862198759
iwf,22,25862V105,DV,2025-02-28,-0.36033134324218374,5.3008958591285937e-05
iwf,22,34965K107,FTRE,2025-03-03,-0.25054152862489532,6.2961142167362371e-07
iwf,22,60937P106,MDB,2025-03-06,-0.2693749586944536,0.00056660330180948392
iwf,22,803607100,SRPT,2025-03-18,-0.27439563865109295,0.00037321948596875443
iwf,23,33829M101,FIVE,2025-04-03,-0.27807088755354459,0.00012561828679263047
iwf,23,74967X103,RH,2025-04-03,-0.40088231107710337,2.585189235673046e-05
iwf,23,146869102,CVNA,2025-04-09,0.25022689789951502,0.00030681760393946178
iwf,23,683344105,ONTO,2025-04-09,0.26297345685920503,5.9673983218220087e-05
iwf,23,74967X103,RH,2025-04-09,0.28568557843182019,2.585189235673046e-05
iwf,23,705573103,PEGA,2025-04-23,0.28781253749243452,0.00012008560313976436
iwf,23,78709Y105,SAIA,2025-04-25,-0.30656088296445938,0.00020944170240458717
iwf,23,803607100,SRPT,2025-05-06,-0.2656299071307574,0.00022638200414921465
iwf,23,55087P104,LYFT,2025-05-09,0.28076920142540573,0.00011779961065541034
iwf,23,683344105,ONTO,2025-05-09,-0.3021054987473859,5.9673983218220087e-05
iwf,23,629377508,NRG,2025-05-12,0.26213023415488568,0.00030595692850103986
iwf,23,644393100,NFE,2025-05-15,-0.62979352318719073,1.3287789062325713e-05
iwf,23,803607100,SRPT,2025-06-16,-0.42122718746738053,0.00022638200414921465
iwf,23,644393100,NFE,2025-06-30,0.32799997329711905,1.3287789062325713e-05
iwf,24,90400D108,RARE,2025-07-10,-0.25108588619958661,0.00010762184762102823
iwf,24,803607100,SRPT,2025-07-18,-0.3591260644624823,5.1661516359905143e-05
iwf,24,58506Q109,MEDP,2025-07-22,0.54665243277102538,0.00024342578698005431
iwf,24,974155103,WING,2025-07-30,0.26854974655702257,0.00031763479003477145
iwf,24,G3730V105,FTAI,2025-07-30,0.26563871471396716,0.00039796200039594767
iwf,24,45168D104,IDXX,2025-08-04,0.27493755333054404,0.0014699522450130574
iwf,24,366651107,IT,2025-08-05,-0.27554869511995173,0.0010285207633397243
iwf,24,457730109,INSP,2025-08-05,-0.32350899787151921,0.00012547576802592725
iwf,24,04626A103,ALAB,2025-08-06,0.28663131199586966,0.00043973786160106528
iwf,24,76680R206,RNG,2025-08-06,0.26968664276645393,7.4519331403104756e-05
iwf,24,88339J105,TTD,2025-08-08,-0.38605232176990201,0.0010910303215395086
iwf,24,92686J106,VKTX,2025-08-19,-0.42124018716940315,7.7400890459508654e-06
iwf,24,90353W103,UI,2025-08-22,0.30637276058482943,5.8865802167171947e-05
iwf,24,60937P106,MDB,2025-08-27,0.37958391928346757,5.3615307593662008e-05
iwf,24,74624M102,P,2025-08-28,0.32336510200146873,0.00052065164995158356
iwf,24,462222100,IONS,2025-09-02,0.34826459900052065,0.00018974442520851981
iwf,24,86627T108,SMMT,2025-09-08,-0.25153964444025478,8.4417203220881883e-05
iwf,24,21874C102,CNM,2025-09-09,-0.25364163543797236,0.00022583262333112936
iwf,24,68389X105,ORCL,2025-09-10,0.35948826632664566,0.012295230230868212
iwf,24,871607107,SNPS,2025-09-10,-0.3583731788271417,0.0023581583640783239
iwf,25,337738108,FISV,2025-10-29,-0.44043750892676059,0.00061771417581508331
iwf,25,85208M102,SFM,2025-10-30,-0.26111910334658583,0.0003414635720174477
iwf,25,803607100,SRPT,2025-11-04,-0.33742330235445606,5.2619757835152378e-05
iwf,25,88076W103,TDC,2025-11-05,0.3259295170640939,1.4305577065168229e-05
iwf,25,26603R106,DUOL,2025-11-06,-0.25490341635628178,0.00038778626807900755
iwf,25,457730109,INSP,2025-11-24,0.30510734762371161,6.8054163259243034e-05
iwf,25,74624M102,P,2025-12-03,-0.27312080250403947,0.00071541859172287361
iwf,25,25400Q105,DJT,2025-12-18,0.41929314973114495,4.5798264781577507e-05
iwf,25,90400D108,RARE,2025-12-29,-0.42322316158417839,8.6619300690274809e-05
iwf,25,218352102,CORT,2025-12-31,-0.50427349359119966,0.00025041466561901164
iwf,26,29355A107,ENPH,2026-02-04,0.38599785034434597,0.00013561752450111131
iwf,26,594972408,MSTR,2026-02-06,0.26114585820992109,7.4940288181797515e-05
iwf,26,60855R100,MOH,2026-02-06,-0.25514587226622709,0.00016212687907458137
iwf,26,50155Q100,KD,2026-02-09,-0.54916984862602281,1.4094421064895686e-05
iwf,26,88076W103,TDC,2026-02-11,0.29592889706959991,2.20934387584476e-05
iwf,26,91332U101,U,2026-02-11,-0.26324844319064378,2.7566475406978612e-05
iwf,26,76680R206,RNG,2026-02-20,0.34399466652782307,7.6870233287023408e-05
iwf,26,148929102,CAVA,2026-02-25,0.26356923765247808,0.00019469410726310912
iwf,26,172573107,CRCL,2026-02-25,0.354733596817012,1.8409601686107882e-05
iwf,26,349381103,FIGR,2026-02-27,-0.25734430062503211,8.3882910790146242e-06
iwf,26,86800U302,SMCI,2026-03-20,-0.33322507060101236,0.00022904509015507117
iwf,26,803607100,SRPT,2026-03-25,0.34980122850144135,5.8208768536349715e-05
iwf,27,053774105,CAR,2026-04-22,-0.37820913951855772,3.2764459235977351e-05
iwf,27,053774105,CAR,2026-04-23,-0.48384917301996988,3.2764459235977351e-05
iwf,27,049468101,TEAM,2026-05-01,0.2958157457185735,0.00040898725617426543
iwf,27,000360206,AAON,2026-05-07,0.31485243252201189,0.00020091108334196055
iwf,27,23804L103,DDOG,2026-05-07,0.31326968833359392,0.0013315065244533829
iwf,27,72703H101,PLNT,2026-05-07,-0.31191371245317367,0.00022268097337521846
iwf,27,773121108,RKLB,2026-05-08,0.34219901709166867,0.0011360063274834643
iwf,27,98980G102,ZS,2026-05-27,-0.3152221046448711,0.00050637403088861456
iwf,27,833445109,SNOW,2026-05-28,0.36482942169048349,0.0018072724739102881
iwf,27,24703L202,DELL,2026-05-29,0.32758240852375464,0.00025345646763776108
iwf,27,679295105,OKTA,2026-05-29,0.30141464373337712,0.00018748604930019308
iwf,27,573874104,MRVL,2026-06-02,0.32520633452683545,0.00021143006192551208
iwf,27,86800U302,SMCI,2026-06-10,-0.27977359996665896,0.0001936512832948782
iwf,27,95058W100,WEN,2026-06-24,0.25559103271515804,1.9758510840998598e-05
iwf,27,46269C102,IRDM,2026-06-29,0.25436580207449366,7.1869422089224235e-06
iwf,28,76680R206,RNG,2026-07-24,0.2509064012699862,8.9323106210682923e-06
iwf,28,02043Q107,ALNY,2026-07-30,-0.2830925991624329,0.0011903763082800824
iwf,28,093712107,BE,2026-07-30,0.26485493201335886,0.0024103734779220504
iwf,28,218352102,CORT,2026-07-30,0.27294248068355431,0.00024457830293480567
iwf,28,346375108,FORM,2026-07-30,0.26279210433976807,0.00036809152735256095
iwf,28,80004C200,SNDK,2026-07-30,0.2599395037665051,0.0098150095038093965
iwf,28,Q4982L109,IREN,2026-07-30,0.30535650012517168,5.2807490077308146e-05
iwf,28,44951W106,IESC,2026-07-31,0.30269098689667384,0.00018979545889762019
iwf,28,771049103,RBLX,2026-07-31,-0.26854325429508119,0.0010246113208403026
iwf,28,69608A108,PLTR,2026-08-04,0.29454836201182122,0.0076865657020768604
iwf,28,457669307,INSM,2026-08-06,0.33861853711786871,0.00067851857918046999
iwf,28,82982T106,SITM,2026-08-06,0.26583444944180346,0.00049151356581419395
iwf,28,91823B109,UWMC,2026-08-06,-0.34782607287224865,2.3357319653645293e-06
iwf,28,049468101,TEAM,2026-08-07,0.35309076701281605,0.00038964349912582716
iwf,28,G63755105,NIQ,2026-08-11,0.41952050432386789,6.9629301425457248e-06
iwf,28,92686J106,VKTX,2026-09-22,0.35669205068289545,1.0238939888122166e-05
iwf,28,303250104,FICO,2026-09-29,-0.26521901276766979,0.00065745382068915434
jensen,2,682189105,ON,2020-03-18,-0.26839829699366358,0.00016395273479707849
jensen,4,600544100,MLKN,2020-09-17,0.3344919278572549,4.4322218507962877e-05
jensen,6,88076W103,TDC,2021-02-05,0.3707949307537235,7.2744759187505661e-05
jensen,6,88076W103,TDC,2021-02-08,0.30124049669248887,7.2744759187505661e-05
jensen,23,595017104,MCHP,2025-04-09,0.27051483349876881,0.00015095774293982133
jensen,24,45168D104,IDXX,2025-08-04,0.27493755333054404,0.00065436973745051864
jensen,24,68389X105,ORCL,2025-09-10,0.35948826632664566,0.003720793897498605
jensen,28,303250104,FICO,2026-09-29,-0.26521901276766979,0.00021433200000158347
polen,1,58470H101,MED,2019-11-08,-0.27098040801085788,2.3214266714513849e-05
polen,2,33829M101,FIVE,2020-03-16,-0.25326541285230142,2.9299894382544698e-05
polen,2,339750101,FND,2020-03-16,-0.25511734574020883,5.3125749357597848e-05
polen,2,90337L108,USPH,2020-03-16,-0.29055681675780531,4.6627788909856081e-05
polen,2,03783C100,APPF,2020-03-17,0.29356400993948828,6.0135670325464725e-05
polen,3,76156B107,RVLV,2020-05-08,0.25650914915788348,6.3252583182569778e-05
polen,4,79466L302,CRM,2020-08-26,0.26044878376843572,0.038015035686952914
polen,5,016255101,ALGN,2020-10-22,0.34966205378458493,0.022745110331781001
polen,6,88034P109,TME,2021-03-24,-0.270839931470652,7.9694049201200758e-06
polen,8,647581107,EDU,2021-07-23,-0.54218751151458244,0.001153450291313607
polen,8,874080104,TAL,2021-07-23,-0.70760234570414349,8.3686043515746814e-06
polen,8,647581107,EDU,2021-07-26,-0.33788390456039341,0.001153450291313607
polen,8,874080104,TAL,2021-07-26,-0.26666665077209473,8.3686043515746814e-06
polen,8,874080104,TAL,2021-07-27,0.25227275214904532,8.3686043515746814e-06
polen,8,647581107,EDU,2021-08-24,0.26470590595571042,0.001153450291313607
polen,9,88339J105,TTD,2021-11-08,0.29467536176461495,6.646921651292066e-05
polen,9,898202106,TRUP,2021-12-07,0.39032031990765548,0.00023596388346856266
polen,10,30303M102,META,2022-02-03,-0.26390083075996218,0.059000483704974502
polen,10,30744W107,FTCHQ,2022-02-25,0.39373749215807785,5.1484780762853611e-05
polen,10,29414B104,EPAM,2022-02-28,-0.45676331883276866,3.7929081553841258e-05
polen,10,01609W102,BABA,2022-03-16,0.36763941233274866,4.4849711137624516e-06
polen,10,29414B104,EPAM,2022-03-16,0.25186637764649711,3.7929081553841258e-05
polen,10,874080104,TAL,2022-03-16,0.36649211555362315,1.1422398342166542e-06
polen,10,88034P109,TME,2022-03-16,0.29329622191497129,1.358929449825402e-05
polen,11,64110L106,NFLX,2022-04-20,-0.35116607551133094,0.036608521466322971
polen,11,12047B105,BMBL,2022-05-12,0.26829277792088613,0.00014432381860206333
polen,11,30744W107,FTCHQ,2022-05-27,0.26692705204671485,0.00018470012499668817
polen,12,74340E103,PGNY,2022-08-05,0.38226405418638354,0.00023735516747413628
polen,12,88339J105,TTD,2022-08-10,0.36220179566549593,4.2824258247280204e-05
polen,12,30744W107,FTCHQ,2022-08-26,0.2610062663600381,0.00010220265331394677
polen,13,303250104,FICO,2022-11-10,0.31099453252786602,8.6689245830730443e-05
polen,13,98585X104,YETI,2022-11-10,0.3157547122009583,0.00022491587852044117
polen,13,26622P107,DOCS,2022-11-11,0.32700336984243483,0.00017931649492999556
polen,13,88034P109,TME,2022-11-15,0.30561798182313482,2.4564287106155281e-05
polen,13,30744W107,FTCHQ,2022-12-01,-0.35058823753805723,0.0001220931898468995
polen,14,016255101,ALGN,2023-02-02,0.27377625893786561,0.010315560234813184
polen,14,88339J105,TTD,2023-02-15,0.32812510984830778,5.2823611511755274e-05
polen,15,G29018101,DLO,2023-04-05,-0.26269191318363017,0.00038401991636146976
polen,16,527064109,LESL,2023-07-14,-0.29621846483434033,6.1081027249926592e-05
polen,16,G29018101,DLO,2023-08-16,0.31935490454306259,0.00051126131344354537
polen,16,30744W107,FTCHQ,2023-08-18,-0.45168072067321385,7.2882223022635662e-05
polen,17,70432V102,PAYC,2023-11-01,-0.3848634889963235,0.00011826288054454648
polen,17,35138V102,FOXF,2023-11-03,-0.27186333719254241,0.00023562193219592664
polen,18,03783C100,APPF,2024-01-26,0.28260120082238904,0.00011311601913719949
polen,18,35138V102,FOXF,2024-02-23,-0.268236429969547,0.00015577771953170064
polen,18,29260V105,DAVA,2024-02-29,-0.41758072161257331,0.00012484394010700231
polen,19,83066P309,SKIL,2024-04-16,-0.40760870410273808,1.6254133578198474e-05
polen,19,83066P309,SKIL,2024-04-24,0.50612965394315923,1.6254133578198474e-05
polen,19,98379L100,XPEL,2024-05-02,-0.38910578079454916,6.2999105557879818e-05
polen,19,29414B104,EPAM,2024-05-09,-0.26994384067521737,0.00022775080578956583
polen,19,82982T106,SITM,2024-05-09,0.28291372974593298,0.00013257091329565214
polen,19,G29018101,DLO,2024-05-15,-0.26362301721140013,0.00043458052684528366
polen,19,83066P309,SKIL,2024-06-24,0.28197673773881604,1.6254133578198474e-05
polen,20,33829M101,FIVE,2024-07-17,-0.25051435065420924,5.6825995006955388e-05
polen,20,38267D109,GSHD,2024-07-25,0.29208528987345028,0.0001859910517052341
polen,20,76156B107,RVLV,2024-08-07,0.32669321973915899,0.00020438273789919611
polen,20,26622P107,DOCS,2024-08-09,0.38737329251042318,7.4037896072827521e-05
polen,20,722304102,PDD,2024-08-26,-0.28505037898788199,0.00018305176312352923
polen,20,83066P309,SKIL,2024-08-29,0.28977779812282978,2.537008474153397e-05
polen,20,74967X103,RH,2024-09-13,0.25490275399468687,5.0803422887034562e-05
polen,20,74340E103,PGNY,2024-09-19,-0.32651396379736874,0.00025001882687638769
polen,21,76156B107,RVLV,2024-11-06,0.27901607201421141,0.00025766626127754282
polen,21,26701L100,BROS,2024-11-07,0.28133950250188033,3.6578539405391719e-05
polen,21,001744101,AMN,2024-11-08,-0.29007818824618259,4.9034914663337378e-05
polen,21,83066P309,SKIL,2024-12-11,0.25271740486046057,2.4049654364935115e-05
polen,22,M7S64H106,MNDY,2025-02-10,0.26463754229492564,0.0003383401396972617
polen,22,26701L100,BROS,2025-02-13,0.29099060574045033,0.0001486372627291757
polen,22,L44385109,GLOB,2025-02-21,-0.27810818602785115,0.0036761222780331798
polen,22,G29018101,DLO,2025-02-28,-0.30509097082520087,0.00019086749694813656
polen,23,78709Y105,SAIA,2025-04-25,-0.30656088296445938,2.7037001278340354e-05
polen,24,75134P600,METC,2025-07-10,0.30944877248221525,2.5083265299499309e-05
polen,24,58506Q109,MEDP,2025-07-22,0.54665243277102538,4.438249669662965e-05
polen,24,G3730V105,FTAI,2025-07-30,0.26563871471396716,5.1761304999804588e-05
polen,24,030111207,AMSC,2025-07-31,0.2938097462653253,5.3167473268618693e-05
polen,24,02081G201,ATEC,2025-08-01,0.30151233998687932,1.1646904308657079e-05
polen,24,45168D104,IDXX,2025-08-04,0.27493755333054404,0.019675500845267486
polen,24,366651107,IT,2025-08-05,-0.27554869511995173,0.0096658207582934978
polen,24,98423F109,XMTR,2025-08-05,0.42977073816734035,7.9864846171519951e-06
polen,24,65487K100,LASR,2025-08-08,0.27747926212533813,1.8374643998695094e-05
polen,24,M7S64H106,MNDY,2025-08-11,-0.29797609419405025,0.00094166196127842426
polen,24,G29018101,DLO,2025-08-14,0.31308813688587001,0.00021084655725631189
polen,24,00760J108,AEHR,2025-08-25,0.35856351570922862,8.3326103188663301e-06
polen,24,21874C102,CNM,2025-09-09,-0.25364163543797236,6.2992023763054291e-05
polen,24,68389X105,ORCL,2025-09-10,0.35948826632664566,0.080398133999117966
polen,25,74366E102,PTGX,2025-10-10,0.29773267917497392,4.3833920678711443e-05
polen,25,00218A105,ASPI,2025-10-13,0.31490617417030098,7.2741829559466801e-05
polen,25,093712107,BE,2025-10-13,0.2652238999317158,0.00036073980134458515
polen,25,109504100,BRLT,2025-10-13,0.25943406623808296,2.9962924041803862e-06
polen,25,50015M109,KOD,2025-10-20,0.25531916908320507,1.1461833788918918e-05
polen,25,829401108,SION,2025-10-21,0.31987574512468075,2.9845011155539647e-05
polen,25,450047303,IRS,2025-10-27,0.30279895728372197,3.6634254641223535e-05
polen,25,86333M108,LRN,2025-10-29,-0.54373735681157398,5.431534388054528e-05
polen,25,40131M109,GH,2025-10-30,0.27867729285380016,3.5032723641140946e-05
polen,25,80517M109,SVV,2025-10-31,-0.30385484831315701,5.6015763275881399e-06
polen,25,76134H101,RHLD,2025-11-03,0.96809657905672264,4.8990239507644928e-05
polen,25,45174J509,IHRT,2025-11-04,0.37113398345407878,1.3203678526455786e-05
polen,25,98423F109,XMTR,2025-11-04,0.28927320002758328,1.4659766318811594e-05
polen,25,030111207,AMSC,2025-11-06,-0.38488723723719864,9.1181593424093725e-05
polen,25,26856L103,ELF,2025-11-06,-0.35042009907399629,2.7861626805170796e-05
polen,25,733245104,PRCH,2025-11-06,-0.33395989417083305,0.00011844394876242776
polen,25,88339P101,REAL,2025-11-11,0.38090985633887575,2.4877768496650979e-05
polen,25,87151X101,SYM,2025-11-25,0.3936170607901528,1.4672622459494587e-05
polen,25,74624M102,P,2025-12-03,-0.27312080250403947,1.622467679694869e-05
polen,25,93403J106,WRBY,2025-12-10,0.27347117007956401,5.9749011219213126e-05
polen,25,218352102,CORT,2025-12-31,-0.50427349359119966,7.652809285061501e-05
polen,26,80004C200,SNDK,2026-01-06,0.27564952572933255,1.8855988870519047e-05
polen,26,05614L209,BW,2026-01-08,0.28885135407252749,3.3108280245181481e-05
polen,26,765504105,RR,2026-01-27,0.44619430751541689,8.8693745492257708e-06
polen,26,70614W100,PTON,2026-02-05,-0.25719120476662893,9.6796840723788936e-06
polen,26,743713109,PRLB,2026-02-06,0.27991613481029765,8.9617910037479258e-06
polen,26,00760J108,AEHR,2026-02-11,0.26164735633161196,2.5962916718416356e-05
polen,26,91332U101,U,2026-02-11,-0.26324844319064378,1.0278640068068917e-05
polen,26,G4705A100,ICLR,2026-02-12,-0.39852784889466608,0.00081870507119452714
polen,26,21676P103,CPS,2026-02-13,0.32357243757915644,1.0704635508853801e-05
polen,26,384747101,GRAL,2026-02-20,-0.5054663676927863,4.9440667853859889e-05
polen,26,18467V109,YOU,2026-02-25,0.38960270349263548,5.8914251274887615e-05
polen,26,124155102,BFLY,2026-02-26,0.50645168385818495,7.6755623635916203e-05
polen,26,29415C101,EOSE,2026-02-26,-0.39442949669217253,1.0316862215387462e-05
polen,26,349381103,FIGR,2026-02-27,-0.25734430062503211,2.233006176445075e-05
polen,26,05614L209,BW,2026-03-04,0.45679007839673469,3.3108280245181481e-05
polen,26,78397Q109,SES,2026-03-05,-0.36842104162425793,2.5994519387707666e-05
polen,26,68062P106,OLMA,2026-03-09,-0.25754057696280341,1.6234803690664025e-05
polen,26,76134H101,RHLD,2026-03-12,-0.25071572739588222,0.00018438376678358328
polen,26,05614L209,BW,2026-03-17,0.26916523926909219,3.3108280245181481e-05
polen,26,136635109,CSIQ,2026-03-19,-0.26943847740028803,2.2559223823122598e-05
polen,26,72703X106,PL,2026-03-20,0.25482206898659499,9.3933767004925823e-05
polen,26,50015M109,KOD,2026-03-26,0.74769223391354744,4.9362771544687791e-05
polen,26,74017N105,PGEN,2026-03-26,0.25483878212094413,7.5144741628256478e-06
polen,26,04010E109,AGX,2026-03-27,0.37914086055305596,0.00033299314110416461
polen,27,00760J108,AEHR,2026-04-08,0.25691541984899713,0.00020365042789490469
polen,27,877619106,TSHA,2026-04-15,0.27388534000108944,9.8869519769355613e-05
polen,27,00246W103,AXTI,2026-04-16,0.29953914480707144,0.00019458751194416179
polen,27,92259N302,VELO,2026-04-21,0.31105399234870457,3.9903808294330828e-05
polen,27,093712107,BE,2026-04-29,0.27212089690432006,0.00063012068426179357
polen,27,25402D102,DOCN,2026-05-05,0.40400705541965376,0.00057086727544341772
polen,27,81663L200,WGS,2026-05-05,-0.49197706217434256,0.00034392581417295158
polen,27,859241101,STRL,2026-05-05,0.52221952230528434,7.192502758420372e-05
polen,27,922417100,VECO,2026-05-06,0.25171572821060217,2.8172618810267256e-05
polen,27,03214Q108,AMPX,2026-05-07,-0.27399728604667495,0.00049234118830484555
polen,27,08774B508,BETR,2026-05-07,-0.28507843898901319,3.93230179854163e-05
polen,27,20459V105,GPGI,2026-05-07,-0.25887738875257527,3.9515531018969075e-05
polen,27,31188V100,FSLY,2026-05-07,-0.38232498611024845,0.00047947249097897741
polen,27,71742Q106,PAHC,2026-05-07,-0.26222224849801024,2.592146837875158e-05
polen,27,819047101,SHAK,2026-05-07,-0.28263572034900764,0.00011529856683432827
polen,27,82982T106,SITM,2026-05-07,0.27911375306617603,0.00016963905410438018
polen,27,98423F109,XMTR,2026-05-07,0.39184393397543804,6.9395587560886808e-05
polen,27,773121108,RKLB,2026-05-08,0.34219901709166867,0.00010464062194802661
polen,27,05614L209,BW,2026-05-11,0.30055019924512805,0.00027588349016772161
polen,27,92835K103,VPG,2026-05-12,0.2848348596895891,7.2875418014667852e-05
polen,27,92259N302,VELO,2026-05-13,0.4943100712549342,3.9903808294330828e-05
polen,27,15102K100,CELC,2026-06-02,-0.25650619022743804,0.00013565417420241142
polen,27,72703X106,PL,2026-06-05,-0.2598207644327537,0.00041358800081084607
polen,27,92259N302,VELO,2026-06-11,0.34964727506489868,3.9903808294330828e-05
polen,27,124155102,BFLY,2026-06-18,0.5586689245309584,0.00011353565103839129
polen,28,706915105,PENG,2026-07-08,0.25131561738664954,0.00018522009523581976
polen,28,65487K100,LASR,2026-07-09,0.2731765285604979,0.0008001740380965942
polen,28,750102105,RXT,2026-07-09,-0.33586627108989897,0.00039885359701651447
polen,28,00760J108,AEHR,2026-07-21,0.2785677725146527,0.00054733940243571961
polen,28,76680R206,RNG,2026-07-24,0.2509064012699862,0.00013473540198088427
polen,28,00246W103,AXTI,2026-07-30,0.26967803832320891,0.00032720616875972844
polen,28,093712107,BE,2026-07-30,0.26485493201335886,0.0010646705882041902
polen,28,346375108,FORM,2026-07-30,0.26279210433976807,4.9463401553735952e-05
polen,28,740444104,PLPC,2026-07-30,0.2996366824210186,0.00024310153110185476
polen,28,80004C200,SNDK,2026-07-30,0.2599395037665051,3.7795027596339161e-05
polen,28,00246W103,AXTI,2026-07-31,0.28738819925723114,0.00032720616875972844
polen,28,44951W106,IESC,2026-07-31,0.30269098689667384,0.00046031782201041245
polen,28,05637B105,BLZE,2026-08-04,0.26940351005976515,1.8123664419245837e-05
polen,28,94419L101,W,2026-08-04,0.2997425260805533,1.9119548711788437e-05
polen,28,343389409,FTK,2026-08-05,0.27862463188373021,0.00039603294402155038
polen,28,92835K103,VPG,2026-08-05,-0.27168319248917083,0.0004227666194103708
polen,28,090168105,BLLN,2026-08-06,-0.38887777035487037,0.00017541111295806512
polen,28,82982T106,SITM,2026-08-06,0.26583444944180346,0.00035670158640615254
polen,28,88556E102,TDUP,2026-08-06,-0.50477710331306902,4.441929885745904e-05
polen,28,65487K100,LASR,2026-08-07,-0.25563365638923341,0.0008001740380965942
polen,28,567908108,HZO,2026-08-10,0.46076228940850594,2.1289255284281147e-05
polen,28,14154A102,CDNL,2026-08-11,-0.36216665903727219,0.00024977937323817669
polen,28,29772L108,ETON,2026-08-14,0.44264710075990088,0.00014148223169122045
polen,28,44916Y106,PURR,2026-08-19,0.30416674889900275,0.00023066895396814296
polen,28,50015M109,KOD,2026-09-28,1.7795982197921361,0.00011901622581548297
