fund,method,bucket,allocation,selection,interaction,total
akre,carino,NoDur,0.04166385184897195,0,0,0.04166385184897195
akre,carino,Durbl,0.01941335046970756,0,0,0.01941335046970756
akre,carino,Manuf,0.002732551685025543,0,0,0.002732551685025543
akre,carino,Enrgy,0.00017005457073373392,0,0,0.00017005457073373392
akre,carino,Chems,0.037848046541168516,0.0086295731287907226,-0.0085920084414002652,0.037885611228558977
akre,carino,BusEq,-0.29367380017177058,-1.245879928202422,0.78167253604031184,-0.75788119233388085
akre,carino,Telcm,0.042535945117063462,0,0,0.042535945117063462
akre,carino,Utils,0.038261789051946653,0,0,0.038261789051946653
akre,carino,Shops,0.001133083583034713,-0.020384601344239459,-0.057852616045328834,-0.077104133806533581
akre,carino,Hlth,0.062075052971953967,0,0,0.062075052971953967
akre,carino,Money,-0.072016414161952605,-0.04694048070266664,-0.047389428041376629,-0.16634632290599588
akre,carino,Other,-0.43071901482675257,0.0057012699717523272,-0.062836918539288134,-0.48785466339428835
akre,carino,Unmapped,1.3496010073792137e-18,-0.0013261516407671273,0.0013207537593627635,-5.3978814043625575e-06
akre,carino,Unpriced,-1.6209995176252886e-18,-0.0041517913364431946,-0.0003733569946119936,-0.0045251483310551899
akre,carino,Total,-0.55057550332086969,-1.3043521101259956,0.60594896173766877,-1.2489786517091965
akre,menchero,NoDur,0.049197137062306544,0,0,0.049197137062306544
akre,menchero,Durbl,0.016638096089728091,0,0,0.016638096089728091
akre,menchero,Manuf,-0.00042569372547106646,0,0,-0.00042569372547106646
akre,menchero,Enrgy,0.0069500947809607028,0,0,0.0069500947809607028
akre,menchero,Chems,0.04053769905497738,0.009813672984736399,-0.0097035855715965971,0.040647786468117182
akre,menchero,BusEq,-0.31621473329467309,-1.2979714187831335,0.80974248566784657,-0.8044436664099599
akre,menchero,Telcm,0.047678371216298608,0,0,0.047678371216298608
akre,menchero,Utils,0.046288977745085405,0,0,0.046288977745085405
akre,menchero,Shops,-0.0022071105507032625,-0.012016998012376903,-0.049524599667669422,-0.063748708230749587
akre,menchero,Hlth,0.080043975781031909,0,0,0.080043975781031909
akre,menchero,Money,-0.072035387962902486,-0.049740366866704563,-0.050907620947292564,-0.17268337577689963
akre,menchero,Other,-0.41485148467888761,-0.0010547104936322778,-0.074549401930360193,-0.49045559710288006
akre,menchero,Unmapped,1.3822047341966552e-18,-0.0013847574183037845,0.0013791576711825993,-5.5997471211839418e-06
akre,menchero,Unpriced,-1.4866861170814524e-18,-0.0045594855510510436,-0.00010096430859261483,-0.0046604498596436606
akre,menchero,Total,-0.5184000584822489,-1.3569140641404656,0.62633547091351782,-1.2489786517091968
jensen,carino,NoDur,-0.035095922039629537,-0.014655995990701163,-0.013369884799305514,-0.063121802829636212
jensen,carino,Durbl,0.022247843046174765,-0.025858842412849119,0.024807730174140865,0.021196730807466511
jensen,carino,Manuf,-0.03539893352309631,-0.15210832897964577,0.038785122347774911,-0.14872214015496715
jensen,carino,Enrgy,0.0015760259320371367,0,0,0.0015760259320371367
jensen,carino,Chems,-0.011131954237979559,-0.0027417299269487565,-0.001084543100993607,-0.014958227265921921
jensen,carino,BusEq,0.055905840509191972,-0.29358936369976796,-0.047741653222783981,-0.28542517641335996
jensen,carino,Telcm,0.046347320701715627,0,0,0.046347320701715627
jensen,carino,Utils,0.042225351812410925,0,0,0.042225351812410925
jensen,carino,Shops,-0.023158975073773898,-0.10615364590651531,0.043537103620221167,-0.085775517360068027
jensen,carino,Hlth,-0.025158416408287313,-0.10540889606356252,-0.11071319604438837,-0.2412805085162382
jensen,carino,Money,0.064898350577845126,0.041611004280007954,-0.083452516607619709,0.023056838250233372
jensen,carino,Other,-0.079366771901377753,-0.018091975432213359,-0.039047728242501863,-0.13650647557609297
jensen,carino,Unmapped,1.4166925858745251e-18,-0.0018974728492972292,0.0013621943311389964,-0.00053527851815823131
jensen,carino,Unpriced,-2.450586624561009e-18,-0.00096439531892264572,0.00095372063402691877,-1.0674684895729445e-05
jensen,carino,Total,0.023889759395231174,-0.67985964230041585,-0.18596365091029018,-0.84193353381547487
jensen,menchero,NoDur,-0.041198790454859913,-0.01469813934066074,-0.013085227679182505,-0.068982157474703154
jensen,menchero,Durbl,0.019820164314227326,-0.027829333580331135,0.026748875499906087,0.018739706233802278
jensen,menchero,Manuf,-0.031660631611416204,-0.14189702642798199,0.038726747687418406,-0.1348309103519798
jensen,menchero,Enrgy,0.0074145268614010142,0,0,0.0074145268614010142
jensen,menchero,Chems,-0.012364083475847004,-0.0044553197117089627,-0.00028219889336944049,-0.017101602080925409
jensen,menchero,BusEq,0.059860065244991524,-0.31245127361796426,-0.04935591388503114,-0.30194712225800385
jensen,menchero,Telcm,0.051585192535492111,0,0,0.051585192535492111
jensen,menchero,Utils,0.049878864008951092,0,0,0.049878864008951092
jensen,menchero,Shops,-0.021634321132662906,-0.099744432715487441,0.042127577601348276,-0.079251176246802071
jensen,menchero,Hlth,-0.046320809325776389,-0.09891117598639515,-0.10397193249852001,-0.24920391781069157
jensen,menchero,Money,0.062008083733134996,0.023439212936038401,-0.073263705877661664,0.012183590791511725
jensen,menchero,Other,-0.075878991094344941,-0.01558934689649006,-0.038404032424544265,-0.12987237041537927
jensen,menchero,Unmapped,1.4742945967961171e-18,-0.0020538597764838858,0.0015205843720961759,-0.00053327540438770859
jensen,menchero,Unpriced,-2.2226620679364186e-18,-0.0013218861186714611,0.0013090039149101285,-1.2882203761334712e-05
jensen,menchero,Total,0.021509269603290703,-0.69551258123613668,-0.16793022218262996,-0.84193353381547598
polen,carino,NoDur,0.049615293832898304,0.029380744214896216,-0.030143330720726485,0.048852707327068035
polen,carino,Durbl,-0.03461431550510858,-0.12210127234938506,0.1208382093789685,-0.035877378475525135
polen,carino,Manuf,-0.036679388085357999,0.020834709177977223,-0.0030079512447437639,-0.018852630152124541
polen,carino,Enrgy,0.0012988789052045526,-0.0022483683832121098,0.0021864022168140043,0.0012369127388064472
polen,carino,Chems,0.02759625272229407,0.022559385300577831,-0.021982290983270768,0.028173347039601133
polen,carino,BusEq,-0.067519293123922075,-1.1069702153174776,0.17339227699781826,-1.0010972314435815
polen,carino,Telcm,0.016528610965245841,-0.00011963968307792305,-0.00011385541891043725,0.016295115863257482
polen,carino,Utils,-0.0018188779680889456,-0.0025287990033375459,0.0025229842140002466,-0.0018246927574262447
polen,carino,Shops,0.014038048924602791,-0.040875531539629702,0.030652756789030983,0.003815274174004072
polen,carino,Hlth,-0.021561758454986556,-0.08469828651406526,-0.095986879602168673,-0.20224692457122048
polen,carino,Money,0.034238164271695119,-0.058145815819007282,0.040595016893858506,0.016687365346546343
polen,carino,Other,-0.2128109831156248,-0.0063582100061728465,-0.049952171333160288,-0.26912136445495793
polen,carino,Unmapped,2.0405104090181353e-18,-0.0047125243040176028,0.0038897274712870735,-0.00082279683273052753
polen,carino,Unpriced,3.5808738387188997e-18,6.1300184072840032e-05,-6.1215946316218206e-05,8.4237756625403525e-08
polen,carino,Total,-0.23168936663114828,-1.3559225240418589,0.17282967871248092,-1.4147822119605262
polen,menchero,NoDur,0.061475205539467878,0.060886733958806075,-0.061509166319636766,0.060852773178637187
polen,menchero,Durbl,-0.049705606021291281,-0.13629950394245666,0.13498655794335901,-0.051018552020388935
polen,menchero,Manuf,-0.032337606903275959,0.024789986608155415,-0.0041899608360100758,-0.011737581131130621
polen,menchero,Enrgy,0.0027176200962003337,-0.0021536746226028429,0.0021036753244020306,0.0026676207979995214
polen,menchero,Chems,0.030656962199204992,0.022444543864559807,-0.021944793227726495,0.031156712836038304
polen,menchero,BusEq,-0.076144179620591418,-1.1295751931944942,0.17271162765072035,-1.0330077451643653
polen,menchero,Telcm,0.015687323994646663,-0.0016060696623811364,0.0015112170954410904,0.015592471427706617
polen,menchero,Utils,-0.0005611405257885426,-0.0018356584123980025,0.0018426751230396627,-0.00055412381514688262
polen,menchero,Shops,0.013118827022610101,-0.019222716348382837,0.029418948270244268,0.023315058944471532
polen,menchero,Hlth,-0.040393995255097924,-0.067901820546477115,-0.084232402063149678,-0.19252821786472474
polen,menchero,Money,0.038906960982157339,-0.054488539199262657,0.025453924504382636,0.0098723462872773171
polen,menchero,Other,-0.23216920606896493,0.002141373498609345,-0.038557762160392639,-0.26858559473074822
polen,menchero,Unmapped,1.9624323271244837e-18,-0.0045872944472397084,0.0037798234157120454,-0.00080747103152766127
polen,menchero,Unpriced,3.5702727940380021e-18,6.5730171574802986e-05,-6.563984619846724e-05,9.0325376339309908e-08
polen,menchero,Total,-0.26874883456072274,-1.3073421022739899,0.1613087248741869,-1.4147822119605258
