entity,month,ret,source
akre,2019-10,0.0123,nport_b5
akre,2019-11,0.013100000000000001,nport_b5
akre,2019-12,0.0086999999999999994,nport_b5
akre,2020-01,0.036200000000000003,nport_b5
akre,2020-02,-0.044600000000000001,nport_b5
akre,2020-03,-0.1023,nport_b5
akre,2020-04,0.10859999999999999,nport_b5
akre,2020-05,0.086599999999999996,nport_b5
akre,2020-06,0.01,nport_b5
akre,2020-07,0.053499999999999999,nport_b5
akre,2020-08,0.037900000000000003,nport_b5
akre,2020-09,-0.034500000000000003,nport_b5
akre,2020-10,-0.065700000000000008,nport_b5
akre,2020-11,0.099499999999999991,nport_b5
akre,2020-12,0.029399999999999999,nport_b5
akre,2021-01,-0.048899999999999999,nport_b5
akre,2021-02,0.032099999999999997,nport_b5
akre,2021-03,0.059200000000000003,nport_b5
akre,2021-04,0.069500000000000006,nport_b5
akre,2021-05,-0.023399999999999997,nport_b5
akre,2021-06,0.051200000000000002,nport_b5
akre,2021-07,0.050900000000000001,nport_b5
akre,2021-08,0.0076,nport_b5
akre,2021-09,-0.037100000000000001,nport_b5
akre,2021-10,0.070099999999999996,nport_b5
akre,2021-11,-0.035900000000000001,nport_b5
akre,2021-12,0.036900000000000002,nport_b5
akre,2022-01,-0.078,nport_b5
akre,2022-02,-0.063600000000000004,nport_b5
akre,2022-03,0.0287,nport_b5
akre,2022-04,-0.068499999999999991,nport_b5
akre,2022-05,-0.00089999999999999998,nport_b5
akre,2022-06,-0.0654,nport_b5
akre,2022-07,0.10970000000000001,nport_b5
akre,2022-08,-0.069400000000000003,nport_b5
akre,2022-09,-0.114,nport_b5
akre,2022-10,0.085500000000000007,nport_b5
akre,2022-11,0.065799999999999997,nport_b5
akre,2022-12,-0.055,nport_b5
akre,2023-01,0.079899999999999999,nport_b5
akre,2023-02,-0.043700000000000003,nport_b5
akre,2023-03,0.025600000000000001,nport_b5
akre,2023-04,0.025099999999999997,nport_b5
akre,2023-05,-0.014800000000000001,nport_b5
akre,2023-06,0.075499999999999998,nport_b5
akre,2023-07,0.0098999999999999991,nport_b5
akre,2023-08,0.0020999999999999999,nport_b5
akre,2023-09,-0.052499999999999998,nport_b5
akre,2023-10,-0.024300000000000002,nport_b5
akre,2023-11,0.1434,nport_b5
akre,2023-12,0.046100000000000002,nport_b5
akre,2024-01,0.024799999999999999,nport_b5
akre,2024-02,0.039800000000000002,nport_b5
akre,2024-03,0.0149,nport_b5
akre,2024-04,-0.069800000000000001,nport_b5
akre,2024-05,0.040800000000000003,nport_b5
akre,2024-06,0.0137,nport_b5
akre,2024-07,0.0785,nport_b5
akre,2024-08,0.024399999999999998,nport_b5
akre,2024-09,0.012699999999999999,nport_b5
akre,2024-10,-0.022700000000000001,nport_b5
akre,2024-11,0.083499999999999991,nport_b5
akre,2024-12,-0.059500000000000004,nport_b5
akre,2025-01,0.063099999999999989,nport_b5
akre,2025-02,0.00029999999999999997,nport_b5
akre,2025-03,-0.045199999999999997,nport_b5
akre,2025-04,0.018100000000000002,nport_b5
akre,2025-05,0.031600000000000003,nport_b5
akre,2025-06,0.013600000000000001,nport_b5
akre,2025-07,0.027099999999999999,nport_b5
akre,2025-11,-0.0062911776006495668,yfinance_etf
akre,2025-12,0.011581222595117957,yfinance_etf
akre,2026-01,-0.081972257235084722,yfinance_etf
akre,2026-02,-0.06651147390414669,yfinance_etf
akre,2026-03,-0.058603508216887978,yfinance_etf
akre,2026-04,0.026679278867009826,yfinance_etf
akre,2026-05,0.015665357816294634,yfinance_etf
akre,2026-06,-0.034839447693309267,yfinance_etf
akre,2026-07,0.08084232304526906,yfinance_etf
akre,2026-08,0.071316722115469577,yfinance_etf
akre,2026-09,-0.14482873780716787,yfinance_etf
jensen,2019-10,0.014196672300673008,yfinance
jensen,2019-11,0.035474999585113576,yfinance
jensen,2019-12,0.031014032737161079,yfinance
jensen,2020-01,-0.010239681032857439,yfinance
jensen,2020-02,-0.080811894452982203,yfinance
jensen,2020-03,-0.089784045399589396,yfinance
jensen,2020-04,0.12321397432953995,yfinance
jensen,2020-05,0.031491029475195997,yfinance
jensen,2020-06,0.012778184248825264,yfinance
jensen,2020-07,0.058694005156825657,yfinance
jensen,2020-08,0.058467396656969983,yfinance
jensen,2020-09,-0.022077479374050912,yfinance
jensen,2020-10,-0.023468918440905151,yfinance
jensen,2020-11,0.097634276947284659,yfinance
jensen,2020-12,0.040639149019070286,yfinance
jensen,2021-01,-0.027968314099778957,yfinance
jensen,2021-02,0.0029701563996802349,yfinance
jensen,2021-03,0.054529744726509621,yfinance
jensen,2021-04,0.05191800254257628,yfinance
jensen,2021-05,0.0036810372065358976,yfinance
jensen,2021-06,0.0216066092974454,yfinance
jensen,2021-07,0.054128991751343003,yfinance
jensen,2021-08,0.022028943380866917,yfinance
jensen,2021-09,-0.051719619539265183,yfinance
jensen,2021-10,0.072196433031130658,yfinance
jensen,2021-11,0.0041898308264560757,yfinance
jensen,2021-12,0.069423757554973653,yfinance
jensen,2022-01,-0.068337066653236467,yfinance
jensen,2022-02,-0.041686507127890238,yfinance
jensen,2022-03,0.035438878420528841,yfinance
jensen,2022-04,-0.063474147232135403,yfinance
jensen,2022-05,-0.0078929285740579891,yfinance
jensen,2022-06,-0.057679761297404264,yfinance
jensen,2022-07,0.07897646646270573,yfinance
jensen,2022-08,-0.043507868652821635,yfinance
jensen,2022-09,-0.082220104440425601,yfinance
jensen,2022-10,0.072068426921262585,yfinance
jensen,2022-11,0.060864679133777244,yfinance
jensen,2022-12,-0.041299301850319714,yfinance
jensen,2023-01,0.026705735966624067,yfinance
jensen,2023-02,-0.038481908729263381,yfinance
jensen,2023-03,0.059566202191517759,yfinance
jensen,2023-04,0.022448157660561296,yfinance
jensen,2023-05,-0.015780142643827988,yfinance
jensen,2023-06,0.052162565554097595,yfinance
jensen,2023-07,0.019422331287509031,yfinance
jensen,2023-08,-0.0099333065054322267,yfinance
jensen,2023-09,-0.046412618178572007,yfinance
jensen,2023-10,-0.014357436967767256,yfinance
jensen,2023-11,0.088627466441344449,yfinance
jensen,2023-12,0.021629118920903245,yfinance
jensen,2024-01,0.011002077492096696,yfinance
jensen,2024-02,0.029465856639833587,yfinance
jensen,2024-03,0.0021385961647892859,yfinance
jensen,2024-04,-0.03610359412871722,yfinance
jensen,2024-05,0.025645404881920797,yfinance
jensen,2024-06,0.024731480518389803,yfinance
jensen,2024-07,0.027018346223652179,yfinance
jensen,2024-08,0.032727824135065031,yfinance
jensen,2024-09,0.0073601841775854382,yfinance
jensen,2024-10,-0.02820068014255106,yfinance
jensen,2024-11,0.046657295895901729,yfinance
jensen,2024-12,-0.039503962788351332,yfinance
jensen,2025-01,0.033384925085434114,yfinance
jensen,2025-02,-0.013155745088574533,yfinance
jensen,2025-03,-0.033155279969135254,yfinance
jensen,2025-04,-0.011010102749969719,yfinance
jensen,2025-05,0.040113004719110945,yfinance
jensen,2025-06,0.010704952303050241,yfinance
jensen,2025-07,0.00084199908914772692,yfinance
jensen,2025-08,0.012619894830204981,yfinance
jensen,2025-09,0.01606796279908429,yfinance
jensen,2025-10,-0.011292949615644976,yfinance
jensen,2025-11,0.0086023439480056307,yfinance
jensen,2025-12,-0.0054531729116749084,yfinance
jensen,2026-01,-0.01096640776121538,yfinance
jensen,2026-02,-0.021252028422339198,yfinance
jensen,2026-03,-0.073637001362453658,yfinance
jensen,2026-04,0.082292966497079068,yfinance
jensen,2026-05,0.030131716569572697,yfinance
jensen,2026-06,-0.0062772109597205583,yfinance
jensen,2026-07,0.036346916999048906,yfinance
jensen,2026-08,0.020865726997688849,yfinance
jensen,2026-09,-0.032698845914299612,yfinance
polen,2019-10,0.031615723925879635,yfinance
polen,2019-11,0.04229219702454623,yfinance
polen,2019-12,0.025905269489009175,yfinance
polen,2020-01,0.025508682496884427,yfinance
polen,2020-02,-0.057294562846975761,yfinance
polen,2020-03,-0.10198634749700053,yfinance
polen,2020-04,0.14130076088387677,yfinance
polen,2020-05,0.077234602581837786,yfinance
polen,2020-06,0.033297573498227706,yfinance
polen,2020-07,0.044178845301385605,yfinance
polen,2020-08,0.10054743275273093,yfinance
polen,2020-09,-0.043192905611603827,yfinance
polen,2020-10,-0.021744582766165421,yfinance
polen,2020-11,0.088910450971782184,yfinance
polen,2020-12,0.031514430264313775,yfinance
polen,2021-01,-0.02592593199694182,yfinance
polen,2021-02,0.029299975886842189,yfinance
polen,2021-03,0.01303771434986456,yfinance
polen,2021-04,0.075504256956471671,yfinance
polen,2021-05,-0.0075789547922454625,yfinance
polen,2021-06,0.058078948601910874,yfinance
polen,2021-07,0.049382768976183211,yfinance
polen,2021-08,0.037465844971406037,yfinance
polen,2021-09,-0.058094812438526655,yfinance
polen,2021-10,0.062048553122883821,yfinance
polen,2021-11,-0.034356521722966438,yfinance
polen,2021-12,0.023814754204541932,yfinance
polen,2022-01,-0.091526040659733021,yfinance
polen,2022-02,-0.066222499284905312,yfinance
polen,2022-03,0.018378363226324579,yfinance
polen,2022-04,-0.13651805517619198,yfinance
polen,2022-05,-0.023604656895178211,yfinance
polen,2022-06,-0.099219214330813932,yfinance
polen,2022-07,0.11909412614729109,yfinance
polen,2022-08,-0.056457597676819904,yfinance
polen,2022-09,-0.1048451684297772,yfinance
polen,2022-10,0.042886668579165343,yfinance
polen,2022-11,0.021837761481947604,yfinance
polen,2022-12,-0.067193795621354302,yfinance
polen,2023-01,0.11687454686279697,yfinance
polen,2023-02,-0.053497877932099924,yfinance
polen,2023-03,0.078882032643234679,yfinance
polen,2023-04,0.00057568200895796728,yfinance
polen,2023-05,0.051208342782979477,yfinance
polen,2023-06,0.050355760126882698,yfinance
polen,2023-07,0.045075556069432698,yfinance
polen,2023-08,-0.012216422720394915,yfinance
polen,2023-09,-0.068904606799505941,yfinance
polen,2023-10,-0.0037950614942919847,yfinance
polen,2023-11,0.11727890235891247,yfinance
polen,2023-12,0.035801253424530444,yfinance
polen,2024-01,0.036444902981345617,yfinance
polen,2024-02,0.044237607046040406,yfinance
polen,2024-03,-0.0036931246807725415,yfinance
polen,2024-04,-0.054077591183153806,yfinance
polen,2024-05,0.0013830700186046041,yfinance
polen,2024-06,0.053176758698485482,yfinance
polen,2024-07,-0.005027269191985817,yfinance
polen,2024-08,0.017354999028736717,yfinance
polen,2024-09,0.016411070492336588,yfinance
polen,2024-10,-0.0099851619300170835,yfinance
polen,2024-11,0.080043128995993751,yfinance
polen,2024-12,-0.020355059295267153,yfinance
polen,2025-01,0.046258807871032426,yfinance
polen,2025-02,-0.026487402314958164,yfinance
polen,2025-03,-0.080159049022740181,yfinance
polen,2025-04,-0.0065984388288933271,yfinance
polen,2025-05,0.060696331134209913,yfinance
polen,2025-06,0.035197528857096483,yfinance
polen,2025-07,0.010429776554369052,yfinance
polen,2025-08,0.0010322763190209194,yfinance
polen,2025-09,0.019385323980333879,yfinance
polen,2025-10,0.019623829786697078,yfinance
polen,2025-11,-0.024008009685075327,yfinance
polen,2025-12,-0.0093970233651344826,yfinance
polen,2026-01,-0.055944055944055937,yfinance
polen,2026-02,-0.072592615198206034,yfinance
polen,2026-03,-0.058146956523540738,yfinance
polen,2026-04,0.086160140941937691,yfinance
polen,2026-05,0.059025589088965269,yfinance
polen,2026-06,-0.070185761470837438,yfinance
polen,2026-07,0.015857852260153571,yfinance
polen,2026-08,0.046831097632434204,yfinance
polen,2026-09,-0.02028035579874965,yfinance
