entity,t,q_start,q_end,book_return,nav_return,gap
ivv,1,2019-09-30,2019-12-31,0.090925855174745052,0.089772506049839773,0.0011533491249052785
ivv,2,2019-12-31,2020-03-31,-0.19272181403226335,-0.1955851196215932,0.0028633055893298454
ivv,3,2020-03-31,2020-06-30,0.20470301115853046,0.20346022684538534,0.0012427843131451177
ivv,4,2020-06-30,2020-09-30,0.090227197722630686,0.090080167915091547,0.00014702980753913963
ivv,5,2020-09-30,2020-12-31,0.11931322291816168,0.1219461633107215,-0.0026329403925598183
ivv,6,2020-12-31,2021-03-31,0.06046918569950354,0.063323722077879951,-0.0028545363783764113
ivv,7,2021-03-31,2021-06-30,0.085886656374175113,0.083826718752470608,0.0020599376217045051
ivv,8,2021-06-30,2021-09-30,0.0056677150044228079,0.005906796945004178,-0.0002390819405813701
ivv,9,2021-09-30,2021-12-31,0.11232309410657956,0.1106874541638756,0.0016356399427039647
ivv,10,2021-12-31,2022-03-31,-0.047219978311558074,-0.045689017528912412,-0.0015309607826456614
ivv,11,2022-03-31,2022-06-30,-0.16069724642684635,-0.16169249642656958,0.00099524999972322448
ivv,12,2022-06-30,2022-09-30,-0.048632052970057453,-0.049189173529486818,0.00055712055942936517
ivv,13,2022-09-30,2022-12-30,0.075578389093901951,0.075898158437704977,-0.00031976934380302524
ivv,14,2022-12-30,2023-03-31,0.076199105553033011,0.074412698624861218,0.0017864069281717937
ivv,15,2023-03-31,2023-06-30,0.088410031459629959,0.087628570997595689,0.00078146046203426967
ivv,16,2023-06-30,2023-09-29,-0.032533825394033655,-0.032115951535971021,-0.000417873858062634
ivv,17,2023-09-29,2023-12-29,0.11714839712359368,0.11673066106701824,0.00041773605657544066
ivv,18,2023-12-29,2024-03-28,0.10629401073039599,0.10420973646031828,0.0020842742700777073
ivv,19,2024-03-28,2024-06-28,0.043352333904187058,0.044019627744671608,-0.00066729384048454937
ivv,20,2024-06-28,2024-09-30,0.059052784492254318,0.058176768535622037,0.00087601595663228116
ivv,21,2024-09-30,2024-12-31,0.024137668210074282,0.02414451728532252,-6.8490752482379402e-06
ivv,22,2024-12-31,2025-03-31,-0.042805236370889975,-0.042524569893844788,-0.00028066647704518694
ivv,23,2025-03-31,2025-06-30,0.10935195418488299,0.10845121508886479,0.00090073909601819102
ivv,24,2025-06-30,2025-09-30,0.081040142766889076,0.081199020718937698,-0.00015887795204862221
ivv,25,2025-09-30,2025-12-31,0.026677024066462628,0.026991325472362604,-0.00031430140589997629
ivv,26,2025-12-31,2026-03-31,-0.043558828857327668,-0.04378634396736647,0.00022751511003880204
ivv,27,2026-03-31,2026-06-30,0.1522647505287256,0.1495559378496214,0.0027088126791041944
ivv,28,2026-06-30,2026-09-30,0.02274844731306,0.025602282602511961,-0.0028538352894519614
iwf,1,2019-09-30,2019-12-31,0.10805684225076943,0.10493298768464188,0.0031238545661275569
iwf,2,2019-12-31,2020-03-31,-0.13766291959517263,-0.1411037679945315,0.0034408483993588757
iwf,3,2020-03-31,2020-06-30,0.27852199783901105,0.27664772627371748,0.0018742715652935726
iwf,4,2020-06-30,2020-09-30,0.1337031549048554,0.1322294754386466,0.0014736794662087993
iwf,5,2020-09-30,2020-12-31,0.11298518194297875,0.11359969943966886,-0.0006145174966901007
iwf,6,2020-12-31,2021-03-31,0.011434250084488218,0.0093717968449376077,0.0020624532395506108
iwf,7,2021-03-31,2021-06-30,0.12090013802343348,0.11832637276025126,0.0025737652631822178
iwf,8,2021-06-30,2021-09-30,0.012649049495978585,0.011042233242217536,0.0016068162537610491
iwf,9,2021-09-30,2021-12-31,0.11897760701798227,0.1165960053386863,0.0023816016792959638
iwf,10,2021-12-31,2022-03-31,-0.09115693318385093,-0.090145046079353919,-0.0010118871044970112
iwf,11,2022-03-31,2022-06-30,-0.21371785662479231,-0.21096797675631873,-0.0027498798684735815
iwf,12,2022-06-30,2022-09-30,-0.035735868624400216,-0.035362440528169281,-0.00037342809623093498
iwf,13,2022-09-30,2022-12-30,0.020515207630607202,0.020819263542426691,-0.00030405591181948896
iwf,14,2022-12-30,2023-03-31,0.14484221471557326,0.14297456582776213,0.0018676488878111297
iwf,15,2023-03-31,2023-06-30,0.13215906936386154,0.12793107774398726,0.0042279916198742773
iwf,16,2023-06-30,2023-09-29,-0.031545211525578945,-0.031542807814729956,-2.403710848988827e-06
iwf,17,2023-09-29,2023-12-29,0.14212942684045049,0.14204892584014028,8.0501000310206905e-05
iwf,18,2023-12-29,2024-03-28,0.11443007250113016,0.11321102120807325,0.0012190512930569108
iwf,19,2024-03-28,2024-06-28,0.083868999696352337,0.082733548376473509,0.0011354513198788274
iwf,20,2024-06-28,2024-09-30,0.039905966508297037,0.031355888955205025,0.0085500775530920128
iwf,21,2024-09-30,2024-12-31,0.070768720075944189,0.070884704002949439,-0.0001159839270052504
iwf,22,2024-12-31,2025-03-31,-0.10056962812822619,-0.09986415122283776,-0.00070547690538842744
iwf,23,2025-03-31,2025-06-30,0.17733526413934539,0.17697211781778299,0.00036314632156239646
iwf,24,2025-06-30,2025-09-30,0.10520920917678808,0.10425586654971797,0.00095334262707011397
iwf,25,2025-09-30,2025-12-31,0.011416548673260972,0.011461335664041616,-4.4786990780644811e-05
iwf,26,2025-12-31,2026-03-31,-0.097925501716929056,-0.098298690314080672,0.00037318859715161634
iwf,27,2026-03-31,2026-06-30,0.15425965926084945,0.16584759115513181,-0.011587931894282366
iwf,28,2026-06-30,2026-09-30,0.0091912003224054514,0.0096859398619240089,-0.00049473953951855755
