fund,holdings_date,active_share,unmapped_weight_fund,unmapped_weight_bench,te_exante,excluded_weight_fund,excluded_weight_bench,n_names,max_fill_share,delta_lw,ridged
akre,2019-09-30,0.95538621273746227,5.4120294331594155e-05,0.014817019061188695,0.062405389146978865,0.0037608182673047668,0.041684109117789539,452,0.88313413014608233,0.11457546884991296,False
akre,2019-12-31,0.95517714402282272,0,0.014028584062209873,0.063773411841427055,0.0071858565060638801,0.036303169069727678,457,0.79840848806366049,0.11140405783277259,False
akre,2020-03-31,0.9511935062296748,0,0.010862331736135072,0.068519829101770374,0.012230177946840164,0.031403789493846784,459,0.71618037135278512,0.46817676195847696,False
akre,2020-06-30,0.94981923751759845,0,0.010609113823676799,0.073553028501551682,0.014799647107648514,0.026920458397071287,463,0.90583554376657827,0.30200528878958688,False
akre,2020-09-30,0.95028900725968501,0,0.010963837728460603,0.075026579966217311,0.016688865994424731,0.026419405610558507,463,0.82119205298013243,0.275736296782017,False
akre,2020-12-31,0.95422012775699605,0,0.010839730998427636,0.076578239805440845,0.018502128456702141,0.026962921156894474,466,0.91005291005291,0.23560753264027215,False
akre,2021-03-31,0.95735108002819047,0,0.01080372643701512,0.080009028796477602,0.018733197815057182,0.027243495360548584,467,0.99603174603174605,0.23024804585334294,False
akre,2021-06-30,0.95016622198622214,0.00028809924704972328,0.009316505935083947,0.080989124500052398,0.018432131626498236,0.025798834862094288,471,0.95761589403973513,0.22396255317237959,False
akre,2021-09-30,0.94993542412476772,0,0.0091663256765526172,0.081654182856122415,0.016686837108439375,0.023250269382447276,472,0.87301587301587302,0.19296262044539716,False
akre,2021-12-31,0.95347299015925491,0,0.0075571290368008871,0.083143554495413052,0.019269679305197428,0.021403198951751679,473,0.7886393659180978,0.18976426897566684,False
akre,2022-03-31,0.95665233237796721,0,0.0076448574150994007,0.090069588050209815,0.018643195254844515,0.019823254711772119,476,0.93403693931398413,0.18124882770839645,False
akre,2022-06-30,0.95585910211619218,0,0.006882248723820727,0.091697330149811573,0.0064097319194375939,0.018876772958042524,481,0.90885072655217969,0.17456498189761038,False
akre,2022-09-30,0.95735444235048761,0,0.006475649346931762,0.09068498853739948,0.0051080842617541268,0.018437904677437441,477,0.7675033025099075,0.16900466365506256,False
akre,2022-12-31,0.96000812129883084,0,0.0052556599778523271,0.09644932509123201,0.0049410178910090398,0.015410225088135462,482,0.97354497354497349,0.16168680659261858,False
akre,2023-03-31,0.96109886917062193,0,0.0055969913500768494,0.090679982255234423,0.0054234367424342896,0.014515028944682394,482,0.90476190476190477,0.083780632877866801,False
akre,2023-06-30,0.96108485404240451,0,0.0050956495554746852,0.087727583515522262,0.0061562338934127324,0.013448395146994335,483,0.82251655629139075,0.085100695463781656,False
akre,2023-09-30,0.96710383778913867,0,0.0047704097882133017,0.090137111598526012,0.0071786368817792993,0.013291902696665418,483,0.86472148541114058,0.091135142623903612,False
akre,2023-12-31,0.96712152420305408,0,0.0040298484648050859,0.089534881464385221,0.0064970903209340732,0.010455805127763357,486,0.92031872509960155,0.081316004691303234,False
akre,2024-03-31,0.96461236712222997,0,0.0033658655763414767,0.087990174204640378,0.0065500946045945266,0.0094609794912663362,489,0.83930942895086325,0.083098049494252965,False
akre,2024-06-30,0.96808784701301398,0,0.0027606605040179002,0.093624712990245315,0.0043911692688509462,0.00697913031070226,490,0.91500664010624166,0.085539005662717021,False
akre,2024-09-30,0.96748338426753988,0,0.0025833844464581372,0.093856019355046033,0.0015461841757974154,0.006509492792673946,492,0.99468791500664011,0.085457473245980908,False
akre,2024-12-31,0.96685037815723684,0,0.0021060007587522856,0.094952608141038036,0.00074613675438610729,0.0061503449628602944,493,0.7450199203187251,0.088887867285606076,False
akre,2025-03-31,0.96368750399861203,0,0.0019979242937016388,0.087736276663879648,0.00013970440285647863,0.0063878719086645176,494,0.95872170439414117,0.095449085242273413,False
akre,2025-06-30,0.96503142026135524,0,0.0019869145969343932,0.094125929332621885,0,0.0050775259184554344,495,0.99600532623169102,0.1223431972144733,False
akre,2025-09-30,0.96851623629596317,0,0.001572131034919579,0.09943070530542622,0,0.0031662486978514355,499,0.49667110519307589,0.13440907583126882,False
akre,2025-12-31,0.97032087469323036,0,0.001039704994631026,0.10121714311806081,0,0.0026070003423368498,502,0.94015957446808507,0.13984187892330055,False
akre,2026-03-31,0.96965972150499447,0,0.00083350913656530785,0.10881889979919748,0,0.0025458669323672033,503,0.8588548601864181,0.14007078098480844,False
akre,2026-06-30,0.97374308497719408,0,0,0.13456242439359822,0,0.00112322636029891,506,0.98668442077230356,0.13156916444576683,False
jensen,2019-09-30,0.76487968622627545,0.00035719227426126755,0.014817019061188695,0.034484617565574763,0.00042984879430244666,0.041684109117789539,456,0.88313413014608233,0.1169000845292008,False
jensen,2019-12-31,0.75885965225266339,0.00043323989449100956,0.014028584062209873,0.033649011311920399,0.00051070334632193418,0.036303169069727678,461,0.79840848806366049,0.1115005949467674,False
jensen,2020-03-31,0.74697702675284017,0.0003953896447340036,0.010862331736135072,0.039774810701983472,0.00058255567769449092,0.031403789493846784,461,0.71618037135278512,0.48048457812091877,False
jensen,2020-06-30,0.73366201082989291,0.00041852427498231901,0.010609113823676799,0.044760703685472594,0.00062060678744519076,0.026920458397071287,466,0.90583554376657827,0.30859388898637724,False
jensen,2020-09-30,0.73324221018355451,0.00032988346450275874,0.010963837728460603,0.046536758762913785,0.00058066222068087626,0.026419405610558507,466,0.82119205298013243,0.28681532491798406,False
jensen,2020-12-31,0.74004702708910841,0.00045685034414567904,0.010839730998427636,0.052658368083807736,0.00070607156924364827,0.026962921156894474,469,0.91005291005291,0.24582537050743039,False
jensen,2021-03-31,0.74479012588692817,0.00056385835922817648,0.01080372643701512,0.057631032495338963,0.0009221100239023782,0.027243495360548584,473,0.65608465608465605,0.23776352714114526,False
jensen,2021-06-30,0.73622866831594469,0.00060786892520249959,0.009316505935083947,0.0562399072620446,0.0010279513910404776,0.025798834862094288,478,0.95761589403973513,0.232537128166111,False
jensen,2021-09-30,0.72881578895939314,0.00078316476199031908,0.0091663256765526172,0.056277389098329529,0.00078316476199031908,0.023250269382447276,480,0.87301587301587302,0.19965838841544334,False
jensen,2021-12-31,0.71458945966376575,0.00078630350120156259,0.0075571290368008871,0.055917372931176275,0.00078630350120156259,0.021403198951751679,481,0.7886393659180978,0.19551014727998839,False
jensen,2022-03-31,0.71691567632649877,0.00089466590237496392,0.0076448574150994007,0.05698183940704693,0.00089466590237496392,0.019823254711772119,485,0.93403693931398413,0.1873695945469637,False
jensen,2022-06-30,0.71429381339026365,0.0009991546505971915,0.006882248723820727,0.055449027634470391,0.0009991546505971915,0.018876772958042524,488,0.90885072655217969,0.18137667831434998,False
jensen,2022-09-30,0.71899374466164456,0.00094183147774099083,0.006475649346931762,0.057333685464840738,0.00094183147774099083,0.018437904677437441,486,0.7675033025099075,0.17405982658839991,False
jensen,2022-12-31,0.72936470453716296,0.00096925635386285898,0.0052556599778523271,0.056584030263580422,0.00096925635386285898,0.015410225088135462,493,0.68386243386243384,0.1657679553034126,False
jensen,2023-03-31,0.72104185055024395,0.0010337233052897833,0.0055969913500768494,0.053186572993696543,0.0010337233052897833,0.014515028944682394,490,0.90476190476190477,0.085696257719119082,False
jensen,2023-06-30,0.71180041354807466,0.0010082691499308529,0.0050956495554746852,0.051172428095149353,0.0010082691499308529,0.013448395146994335,491,0.82251655629139075,0.086390892161369651,False
jensen,2023-09-30,0.71962052061953841,0.00092564157058425665,0.0047704097882133017,0.051852823566414838,0.00092564157058425665,0.013291902696665418,492,0.86472148541114058,0.09244407785040927,False
jensen,2023-12-31,0.7215453917391228,0.00093455376355720148,0.0040298484648050859,0.051449740349673617,0.00093455376355720148,0.010455805127763357,495,0.92031872509960155,0.082529517692680354,False
jensen,2024-03-31,0.72897533717199137,0.00097854888408271837,0.0033658655763414767,0.054668492382664177,0.00097854888408271837,0.0094609794912663362,496,0.83930942895086325,0.086816357081887549,False
jensen,2024-06-30,0.71267105834172195,0.0004741037701433397,0.0027606605040179002,0.057997756693178658,0.0004741037701433397,0.00697913031070226,500,0.91500664010624166,0.089325208897915009,False
jensen,2024-09-30,0.71504988196205388,9.5333878050349351e-05,0.0025833844464581372,0.05953428752709615,9.5333878050349351e-05,0.006509492792673946,501,0.99468791500664011,0.088330175892124413,False
jensen,2024-12-31,0.71733294793086655,0.00041497449594742281,0.0021060007587522856,0.064324230922490705,0.00041497449594742281,0.0061503449628602944,501,0.7450199203187251,0.091870144702434042,False
jensen,2025-03-31,0.72360480665855931,0.00045488509640371198,0.0019979242937016388,0.060052949858092813,0.00045488509640371198,0.0063878719086645176,501,0.95872170439414117,0.099078122324413681,False
jensen,2025-06-30,0.68402713829942985,0.00055125078543896569,0.0019869145969343932,0.056978743518596858,0.00055125078543896569,0.0050775259184554344,502,0.99600532623169102,0.12679873549978454,False
jensen,2025-09-30,0.65718776672384926,0.00057610329751840304,0.001572131034919579,0.056511804065658935,0.00057610329751840304,0.0031662486978514355,507,0.49667110519307589,0.13879770974650374,False
jensen,2025-12-31,0.58823294728717934,0.00076224997269127605,0.001039704994631026,0.047591209222304309,0.00076224997269127605,0.0026070003423368498,510,0.94015957446808507,0.14273416455210766,False
jensen,2026-03-31,0.60465145385735208,0.00056978109068475701,0.00083350913656530785,0.048792066063143021,0.00056978109068475701,0.0025458669323672033,510,0.8588548601864181,0.14121509816273264,False
jensen,2026-06-30,0.61572126671613514,0.00050742704705188731,0,0.057537057638539238,0.00050742704705188731,0.00112322636029891,513,0.98668442077230356,0.13141273096482264,False
polen,2019-09-30,0.7283594461426115,0.0001351401955166342,0.014843873637441265,0.040439725730939041,0.00017687060353915315,0.045211274145259231,456,0.94555112881806114,0.15498209094914306,False
polen,2019-12-31,0.71577830477110305,0.00011298574863376443,0.012891175361873015,0.042183122767146711,0.00011298574863376443,0.037751602414574086,461,0.9045092838196287,0.14830195875537722,False
polen,2020-03-31,0.70723953558565589,0.00017695973031666811,0.010131021964354638,0.046982208718758176,0.00017695973031666811,0.032488505794114324,464,0.94562334217506627,0.3431094473788589,False
polen,2020-06-30,0.68089059844204158,0.00027089285717523943,0.010379531631746252,0.052836808016436324,0.00027089285717523943,0.031257058023796733,387,0.90583554376657827,0.21608769297950739,False
polen,2020-09-30,0.68184911791724889,0.00030321678588013812,0.010594423066055847,0.056538855085517016,0.00030321678588013812,0.03109921311315008,391,0.94966887417218548,0.20957913840420064,False
polen,2020-12-31,0.68924862885372584,0.00029233543062667864,0.011139204326162494,0.059746651586816427,0.00029233543062667864,0.030540424168432591,402,0.94312169312169314,0.19926945496505816,False
polen,2021-03-31,0.62639243732049821,0.00065437765230525792,0.010990804301859508,0.055713535216001926,0.00065437765230525792,0.029535395873832609,410,0.94973544973544977,0.19215954882745975,False
polen,2021-06-30,0.63780019134806465,0.00059779028246854764,0.010782351989021118,0.05780616049464473,0.00059779028246854764,0.024778691000527198,457,0.93509933774834442,0.13383247186603894,False
polen,2021-09-30,0.64744687730965644,0.00079511643949622133,0.0096334602544058592,0.056511408181633561,0.00079511643949622133,0.019810717006204681,467,0.93518518518518523,0.12733741255771119,False
polen,2021-12-31,0.66360656282560815,0.00081209892683879953,0.0079518167627001396,0.058692252162932154,0.00081209892683879953,0.016895876531475437,473,0.95376486129458393,0.12887875139562174,False
polen,2022-03-31,0.67777615754329945,0.00088946972457443164,0.0064472066024409041,0.064366659005585566,0.00088946972457443164,0.014036058882793872,474,0.87203166226912932,0.12998546073373426,False
polen,2022-06-30,0.69498597435845744,0.0007609094467858294,0.006972502687044,0.07007258779232621,0.0007609094467858294,0.018332683724553156,495,0.77807133421400265,0.14106348247881598,False
polen,2022-09-30,0.70317584396198463,0.00069732325176150728,0.0069128647327463674,0.078091428171430138,0.00069732325176150728,0.017794209823204715,496,0.69352708058124179,0.1374398967963627,False
polen,2022-12-31,0.7121256469733116,0.00071240566036322661,0.0053855436913840503,0.076945064695044904,0.00071240566036322661,0.014655400275132201,502,0.98148148148148151,0.13261256821940384,False
polen,2023-03-31,0.71298136933696565,0.00043306420622091918,0.0050792766969071776,0.080553655040517036,0.00043306420622091918,0.013132648814830108,506,0.90476190476190477,0.086550073888321463,False
polen,2023-06-30,0.69765078202552422,0.00032415579167287511,0.0034288059673363218,0.075450926645012795,0.00032415579167287511,0.010163586955300568,461,0.82251655629139075,0.092219188202448898,False
polen,2023-09-30,0.68171551851444401,0.00023672777856988716,0.0026345352155404417,0.067106152894769372,0.00023672777856988716,0.010280213375470368,463,0.90318302387267901,0.095264368900451035,False
polen,2023-12-31,0.65983063249431595,0.00019953309758414747,0.0022575127245171153,0.062840651455725843,0.00019953309758414747,0.0054856904534502857,474,0.92695883134130141,0.09057712875801989,True
polen,2024-03-31,0.6561989960130159,0.00031310855525430519,0.001788728987032782,0.062708076046438341,0.00031310855525430519,0.0037930518331363012,471,0.84594953519256311,0.095328026290223508,True
polen,2024-06-30,0.65493229799628139,0.00034149564376879227,0.0011289568843802285,0.071227869368318694,0.00034149564376879227,0.0028343414518695298,475,0.98539176626826031,0.10025832191401129,True
polen,2024-09-30,0.66635582850402697,0.00043164157153800044,0.0012962617417972299,0.079152309432223344,0.00043164157153800044,0.0025856616817559737,440,0.85657370517928288,0.054220750769971543,True
polen,2024-12-31,0.64872798514659902,0.00017136014605662067,0.0013480649535490637,0.082396841316564259,0.00017136014605662067,0.0025056922211998509,444,0.93891102257636128,0.083953221687445734,True
polen,2025-03-31,0.68331216706749032,0.00016138483019874082,0.0012146629976559006,0.081751482447401075,0.00016138483019874082,0.0026787238348616005,438,0.8588548601864181,0.09442602958165501,True
polen,2025-06-30,0.70805070937127401,0.00083299598288532912,0.0010377545699337195,0.09728340962311155,0.00083299598288532912,0.001222675581963522,531,0.88415446071904125,0.10996280292563694,True
polen,2025-09-30,0.62516050607075635,0.00074265350406905041,0.00091071523598354118,0.078327479779505924,0.00074265350406905041,0.000927978653798107,534,0.93608521970705727,0.10513590630818352,True
polen,2025-12-31,0.61030875504092097,0.00069818137342992151,0.0010223409687330177,0.069204112759300468,0.00069818137342992151,0.0010570295540861222,543,0.89760638297872342,0.12358924133032267,True
polen,2026-03-31,0.59329532844924371,0.0012949597763478678,0.00085152620218855119,0.068201020666629211,0.0012949597763478678,0.00085152620218855119,540,0.95206391478029295,0.12372598049447527,True
polen,2026-06-30,0.61778981090676921,0.0029273286270779168,2.1765787448141956e-05,0.084263380318809478,0.0029273286270779168,0.0002308128904598924,491,0.98535286284953394,0.11581436892811194,False
