series_id,month_end,mkt,smb,hml,rmw,cma,umd
akre_book,2022-09,0.98050467646531447,-0.31491493927625147,-0.03373893483369874,0.2218274480198858,-0.17898518154039508,-0.073939294071794545
akre_book,2022-10,1.0100012786205592,-0.27009189135293027,-0.025960167172468032,0.26200126507904054,-0.13749019817168709,-0.014431645867595919
akre_book,2022-11,1.0169002559945119,-0.29902121342755839,-0.028583328684617895,0.22579968320490693,-0.13612054133379728,-0.037619632155423105
akre_book,2022-12,1.01111508931362,-0.28661533103644232,-0.035675480652510652,0.23128799112869597,-0.11700562750220951,-0.03277698908040276
akre_book,2023-01,0.99234569227353009,-0.23970805420635613,-0.056780154728913797,0.2583059779256765,-0.076233192319236004,-0.089244451729378033
akre_book,2023-02,1.0367247504526103,-0.25787589783286347,-0.059765064712974929,0.24444504029141115,-0.011287583272394514,-0.082241453386725366
akre_book,2023-03,1.0260942874632124,-0.18027603506920392,-0.046675288260732639,0.26400087514906051,-0.016495158506431115,-0.048475770356954745
akre_book,2023-04,1.0422604308024135,-0.17498447921290447,-0.062796074618766184,0.28017958592908521,0.009104470225214073,-0.051134159926093714
akre_book,2023-05,1.0324386855818963,-0.21948776459858857,-0.0429188289511723,0.25707167605728642,0.083022559239847582,-0.082399616031326617
akre_book,2023-06,1.0399049898220358,-0.20263042973537737,-0.045023971154497966,0.27322768884691784,0.076163114888102429,-0.078881614664513322
akre_book,2023-07,1.0319391267941871,-0.19752351585113742,-0.057547426368556698,0.28660235415013058,0.085595537177085096,-0.081941074459159324
akre_book,2023-08,1.0655940884179815,-0.17827087504473618,-0.061563319943261169,0.36770283142060234,0.034615013767563235,-0.030349124049378895
akre_book,2023-09,1.074281682765285,-0.17411950197591225,-0.064768445710284728,0.37411289710650419,0.049981833705181777,-0.034174546507613257
akre_book,2023-10,1.0558328640128578,-0.12520919761839283,-0.045195718423618747,0.38756981785534023,0.016821712242814563,-0.037664812941847314
akre_book,2023-11,1.1666896341739279,-0.23769196254742239,0.05034083702774339,0.19711968149347406,-0.058911962203192281,0.016331757397874985
akre_book,2023-12,1.1706087952929329,-0.20714811237522751,0.043825830234583169,0.19337821805053024,-0.047503720732829727,0.010176920091324052
akre_book,2024-01,1.1721672012275319,-0.079912011544417627,-0.0066556107282113586,0.20275986860234607,0.031481924647284415,0.035471409314916838
akre_book,2024-02,1.1604734084557586,-0.08260012908440964,-0.013304499534084302,0.21554458538376106,0.048777944002020394,0.018153410835806391
akre_book,2024-03,1.1548783993401468,-0.064232691658369617,-0.043373196718913043,0.19897913743554549,0.065622832309432819,0.035889329437448284
akre_book,2024-04,1.1650992446220054,-0.024851370938280506,-0.060799686882927639,0.2023771553386996,0.098265989716605245,0.047101588553024473
akre_book,2024-05,1.1587926358734288,-0.036283039803673409,-0.046562373925088274,0.18416575676337288,0.11823011986302585,0.032732939412878442
akre_book,2024-06,1.1438514266716846,-0.028200818373693204,0.045737175900659316,0.23360408923891068,0.024655977967420487,0.026595470046056634
akre_book,2024-07,1.1331378727533994,0.20871480292604225,0.082022168999083322,0.26905003157489915,-0.026580057640976248,0.084085417320754405
akre_book,2024-08,1.1489991496014067,0.19732231640003337,0.10591091852598614,0.25171956808290513,-0.070936767740488613,0.11616293388229638
akre_book,2024-09,1.1555966239597644,0.20002388391430995,0.091517764421763237,0.26796699733093177,-0.061358622322730774,0.11523928217388284
akre_book,2024-10,1.1633218136406991,0.19234865478323382,0.10024507373376734,0.26562472239807255,-0.07394312502726437,0.12449262498850046
akre_book,2024-11,1.159353188539288,0.23342188240158185,0.066615971626989234,0.35295480042307226,-0.047589548085814795,0.13029942685991699
akre_book,2024-12,1.1714651173537356,0.25418441519257234,0.06160472237843212,0.36871610862156257,-0.02344315892738822,0.13346674317409707
akre_book,2025-01,1.1786806573651056,0.17331608208899318,0.17346325814899771,0.29272160705034045,-0.15966764147769913,0.14176318324896411
akre_book,2025-02,1.1529605403083196,0.12902436226142752,0.20730261331577832,0.20644949203584279,-0.10279977256034116,0.10028760995105632
akre_book,2025-03,1.1217697362815695,0.099683567126165676,0.29242295643311172,0.24271369714282948,-0.20825572920761787,0.071491605000571112
akre_book,2025-04,1.1497907827150717,0.064870344862137025,0.30050327321321091,0.20184973269785711,-0.25630815966782444,0.064291756805875108
akre_book,2025-05,1.1298339531758836,0.025117620967794213,0.40221985845691188,0.19490562295362168,-0.36133299202962821,0.054929037816556836
akre_book,2025-06,1.1805630810720675,-0.082540817189133087,0.50598867844255091,0.14848420328043577,-0.39149761286447821,0.041376453482199538
akre_book,2025-07,1.17946815197128,-0.082405788680720543,0.50547071055607018,0.14518692029723146,-0.39542874484446705,0.040060925691023888
akre_book,2025-08,1.1794591217992072,-0.11078077284293975,0.4947510002224067,0.12253311963444631,-0.40505958754549559,0.054506097415385243
akre_book,2025-09,1.1052972830390115,-0.024521346116429775,0.41610757614142785,0.2025073298654409,-0.29316746267873039,0.0024581551901174115
akre_book,2025-10,1.1430031565682812,0.036608006024530418,0.41991812546269353,0.37745797531549741,-0.23352884238543722,0.031442630779667191
akre_book,2025-11,1.152107133486441,0.031775781988760923,0.41695547267320054,0.39126513070552876,-0.22566416403604814,0.029893679022687147
akre_book,2025-12,1.2250301093290861,-0.055278984819204013,0.51248623137487814,0.43741671499090912,-0.37265469418022235,-0.010674630379130624
akre_book,2026-01,1.2377038579975235,-0.23539341968935815,0.56531297983892403,0.32401541700001918,-0.44293773442486345,-0.10209269799166373
akre_book,2026-02,1.262680897479636,-0.27305896160374843,0.63075941607470587,0.34871887107471816,-0.65671066726614813,-0.1328717108910473
akre_book,2026-03,1.2258434446813689,-0.23949316409288704,0.69406556162610378,0.29733457687248532,-0.68248244819581549,-0.071107432698442177
akre_book,2026-04,1.1368625308722837,-0.24934382931675297,0.64529796452594645,0.3067912674451006,-0.68609346110493241,-0.26909489434000411
akre_book,2026-05,1.114389312211389,-0.1661553432641012,0.59126689075990302,0.43719030839533224,-0.77353077532544745,-0.26922540915858872
akre_book,2026-06,1.0154153445220038,-0.055271288388324853,0.55172937899191909,0.28937579998292035,-0.59902969750675583,-0.15320347496399495
akre_book,2026-07,1.0754009763524535,-0.075423246832321017,0.58570449796917401,0.35981159843927668,-0.61389887334595139,-0.25877198848169947
akre_book,2026-08,1.0749767717515175,-0.067406913011484382,0.4555133329622717,0.20256756542128099,-0.54480996651893698,-0.42077539289288279
jensen_book,2022-09,0.86118774046769608,-0.12795794305754182,-0.14588812860200973,0.36364422501985039,0.16017955393959976,-0.076083442586318051
jensen_book,2022-10,0.86045215581550805,-0.12928461466778673,-0.14695139923080253,0.36237763839059262,0.15659021020256378,-0.078114446413904845
jensen_book,2022-11,0.85769029975819788,-0.11927858734381694,-0.13986370821443878,0.35652112175488082,0.14354389488855457,-0.067721299725383599
jensen_book,2022-12,0.85275143807733356,-0.10637160189615188,-0.1443946411508874,0.36776030637633866,0.15181021587017041,-0.057856953033347827
jensen_book,2023-01,0.86473982357473334,-0.11064093174590511,-0.12256889177713259,0.38053359636229661,0.12594183905555645,0.011270761280947381
jensen_book,2023-02,0.86599856994461177,-0.12107960297099746,-0.12736922689505606,0.36667933333960567,0.14009240045108698,0.0032946717573357626
jensen_book,2023-03,0.8597740797479323,-0.15888441644719958,-0.15603746317486425,0.3513399991986178,0.16779932090335808,-0.014280847948232894
jensen_book,2023-04,0.85586265279506912,-0.16109811932647225,-0.15319105878231609,0.34752036607546144,0.16357520869861086,-0.013910140921903208
jensen_book,2023-05,0.8657146631210253,-0.12540714231404573,-0.16593077126705369,0.37869241667943859,0.18736665548890075,-0.0039743854852758165
jensen_book,2023-06,0.8619228940683199,-0.1194002419177021,-0.17981128071523791,0.37617822112053068,0.2061235383468448,-0.0067077969028647988
jensen_book,2023-07,0.8603938185835035,-0.11772102489101915,-0.18002339804713632,0.37750563715738816,0.2063394029238533,-0.0086747396582603775
jensen_book,2023-08,0.88022045041602626,-0.094603647321274298,-0.19521578744220972,0.41084379990109854,0.21127049510425583,0.0060672967147585855
jensen_book,2023-09,0.8914668716668589,-0.089432841265771112,-0.19908624660672661,0.41971689843617965,0.23134906221046858,0.00061572263409667705
jensen_book,2023-10,0.90140440091832696,-0.11079421453260785,-0.21039384313751772,0.41376360001919665,0.25035701872934929,0.002420338735086347
jensen_book,2023-11,0.93476606677201612,-0.17661434337526966,-0.15762685918093244,0.34769933262795527,0.18550457592951972,0.053386078036731982
jensen_book,2023-12,0.93285919986327903,-0.18677021934904084,-0.14192293736169664,0.34316203632481446,0.17358530376743508,0.050490425855008819
jensen_book,2024-01,0.92949925259814548,-0.1276194074511135,-0.16160702025481943,0.35756457275797082,0.20431193521061811,0.051122400292519118
jensen_book,2024-02,0.91857591292442475,-0.13049882304119681,-0.16952777846990494,0.36951670479023752,0.22277772592392406,0.035227594702924733
jensen_book,2024-03,0.91124753056248442,-0.10675163027521181,-0.20582743458340752,0.35694799128763832,0.24524452374828701,0.052103742218678417
jensen_book,2024-04,0.91182572163883213,-0.099972871939798882,-0.20970278004376938,0.35682193800985618,0.25235907395780899,0.053010611506435157
jensen_book,2024-05,0.90502768940785638,-0.13161300108843618,-0.22498538053328393,0.31682073590883097,0.29042932975854141,0.032710239937624307
jensen_book,2024-06,0.90416338677236019,-0.098808526492795173,-0.25698734280519181,0.31630432546720066,0.32614601798932685,0.038743448842898279
jensen_book,2024-07,0.89878631353441152,0.032998093921943805,-0.2383440639173722,0.32450612672571499,0.30121068313780464,0.074790778881055286
jensen_book,2024-08,0.90028710107149368,0.030314910821737318,-0.24331910474575663,0.32237264828807455,0.30855555581299487,0.077210278750171821
jensen_book,2024-09,0.89917283165925643,0.027581885071294443,-0.22461585815248172,0.3284547708801433,0.28759666370291459,0.080982424213792897
jensen_book,2024-10,0.88715574549888898,0.042197905951011111,-0.2382279271157135,0.34628694440423946,0.30447486659161771,0.061593185256818908
jensen_book,2024-11,0.88595770698244736,0.058871359873035767,-0.25120466623530724,0.37987922236796501,0.31438580602675448,0.064377591353087391
jensen_book,2024-12,0.8863934082440913,0.057543949700947422,-0.21487861121725088,0.31580280029828328,0.25488834911393521,0.094747043933758421
jensen_book,2025-01,0.88771548858435989,-0.021407006277003808,-0.11550065449660868,0.25057946829803296,0.15362219064748953,0.088301394653931387
jensen_book,2025-02,0.87916834729492199,-0.029230913289204907,-0.10930568788843456,0.2219404247973466,0.17631182973739074,0.077354044880261957
jensen_book,2025-03,0.85383110457030242,-0.055320475433427677,-0.047731136052357556,0.24376038599482103,0.10565663274168047,0.051469586023518879
jensen_book,2025-04,0.86020596844494812,-0.06326530811887926,-0.045937169735684583,0.23424493150877265,0.094679592469741364,0.04994968249025717
jensen_book,2025-05,0.84919238152867804,-0.085790319880434188,0.012609969364843543,0.23073590359727733,0.036369916805062498,0.045035758014405604
jensen_book,2025-06,0.8705911664111643,-0.13289867523546539,0.078414688834667901,0.23458746998145319,-0.0078475257163841856,0.048510129255634214
jensen_book,2025-07,0.8600876323229083,-0.13974887720329546,0.074752309946710463,0.21756008116786971,0.031542524534567754,0.047644111684232
jensen_book,2025-08,0.86229277964420004,-0.13695063643917502,0.078916323091740195,0.22758781090756869,0.027410912301069949,0.045342344630424081
jensen_book,2025-09,0.86311169080341044,-0.13213521281990778,0.072814958772400185,0.24177322111187174,0.037150635392756856,0.037550078635663342
jensen_book,2025-10,0.8784167613423951,-0.11876195348053895,0.078846933379796189,0.28365875331047952,0.056271559699627521,0.047815631233999595
jensen_book,2025-11,0.87145059592570462,-0.11423143917784803,0.086522775222910769,0.27897913139924335,0.048190205962602553,0.047924985756747251
jensen_book,2025-12,0.91030581044635617,-0.15652875022684576,0.13257439095891771,0.30421594558489501,-0.028569175823635024,0.029714260048700425
jensen_book,2026-01,0.92632862908410252,-0.21515986619868752,0.13448013449663607,0.26932328152779772,-0.07098838968331414,-0.063140338260487261
jensen_book,2026-02,0.91554291325515202,-0.2029239700627159,0.13142771966051317,0.27630572269888209,-0.097542577063888553,-0.062422561459285923
jensen_book,2026-03,0.92292739147607106,-0.1666027350832115,0.24244008244755524,0.26531721247836393,-0.15433484181235024,0.025278579112460231
jensen_book,2026-04,0.92223659945095238,-0.16258462815165325,0.27561929373409777,0.24429042888421182,-0.21757119492954236,0.032110665772994929
jensen_book,2026-05,0.91921589738209819,-0.18126736199906893,0.26490825066857354,0.18048988708609531,-0.20274706519172575,0.018642849786432297
jensen_book,2026-06,0.87549157574686187,-0.13239590287068267,0.24750228844145739,0.11519611136008902,-0.12576146303388452,0.069867729236595177
jensen_book,2026-07,0.91487178953257486,-0.13912733148354076,0.22870543259573675,0.20657747722767866,-0.11869692235495857,-0.010132398922004807
jensen_book,2026-08,0.91255311164463171,-0.13636979729214796,0.19162869319314102,0.16706615677311887,-0.10515685483778497,-0.052799076547121807
polen_book,2022-09,1.0498788329722819,-0.28285509150502808,-0.14331038846489061,0.027892617592315067,-0.30337246870959467,-0.092587525776748891
polen_book,2022-10,1.0488751995146917,-0.28415798614178084,-0.14265022009400594,0.026807342232775228,-0.30206653532164462,-0.094030329934365983
polen_book,2022-11,1.0484575881765341,-0.28458121355830218,-0.13415724928412759,0.0009091377661246125,-0.31940154157618322,-0.091094007552563125
polen_book,2022-12,1.0397442377141091,-0.26399652164642895,-0.14358937595289956,0.014550728861881884,-0.29721599344716182,-0.079100421262380052
polen_book,2023-01,1.0334839924081949,-0.28122181247703615,-0.16130645291236631,-0.014859747607148255,-0.28383931882461277,-0.140233688124317
polen_book,2023-02,1.0597550979211399,-0.29820257751996393,-0.16603205104363114,-0.031510539297493062,-0.23767106403544264,-0.14121694645700433
polen_book,2023-03,1.0697947719708303,-0.2979541108079321,-0.14629818718204862,-0.026313456796061147,-0.25992272552088758,-0.14011441214304687
polen_book,2023-04,1.067700407597072,-0.29700682747242008,-0.14236583150783316,-0.028575345236466876,-0.26668496687758925,-0.1392933302306531
polen_book,2023-05,1.0608304291371946,-0.32239687350946178,-0.13307832233315059,-0.049863717936827145,-0.27778041271622389,-0.14742380759749496
polen_book,2023-06,1.0515084877836081,-0.35222432058152492,-0.12143944441631505,-0.073464972539358631,-0.27842179454494542,-0.15124549818002259
polen_book,2023-07,1.0730017937671672,-0.37029159117427746,-0.10109566087101129,-0.10194541144270192,-0.29408852088569581,-0.13452627177129639
polen_book,2023-08,1.0599892481776227,-0.38280109764685932,-0.094025167650091723,-0.12709101810495008,-0.28941822449019483,-0.1477410580229529
polen_book,2023-09,1.070887476944987,-0.37240753541245852,-0.10515482798883818,-0.13371744820933326,-0.27487629872839159,-0.13980082675204691
polen_book,2023-10,1.0812394288200078,-0.41395540975809464,-0.11397375826379141,-0.14493353957991126,-0.2595125936930997,-0.1376289460215121
polen_book,2023-11,1.1271768324885028,-0.40194962845140475,-0.11841905467218,-0.20781067954332266,-0.21377485427163101,-0.17890669922230118
polen_book,2023-12,1.1306605957832874,-0.37798221580879504,-0.13268980989545232,-0.20683537349508094,-0.19932552677409165,-0.18039287140753224
polen_book,2024-01,1.1308431869493514,-0.45781454544523947,-0.10209111235226165,-0.21557442426196294,-0.24718123414980375,-0.19310227273090402
polen_book,2024-02,1.1127809530294641,-0.46340399513539698,-0.11903251172733526,-0.19578912927820241,-0.21145566197204971,-0.21875067463179931
polen_book,2024-03,1.1050172099053306,-0.43927599043211546,-0.1472605293030616,-0.17883394782683215,-0.18631703703646285,-0.2219429941334338
polen_book,2024-04,1.1110465568681285,-0.40551824869401115,-0.16422405441205978,-0.17756561499794216,-0.1548758289820942,-0.21469829227153225
polen_book,2024-05,1.0969621614483986,-0.47800625844974187,-0.20688277193616098,-0.26775441989669752,-0.070059068450785467,-0.25848480095910575
polen_book,2024-06,1.0926601403680161,-0.49733556464791001,-0.15529913967791098,-0.25125852210107502,-0.12454686684854649,-0.26453024081371379
polen_book,2024-07,1.088111155764071,-0.38097496714215534,-0.13936446870234542,-0.24792672841727731,-0.14534874789281774,-0.23132832465142539
polen_book,2024-08,1.083829501223688,-0.37753987737132372,-0.14419152520085765,-0.24313783503424205,-0.1359616465909505,-0.2398494741852395
polen_book,2024-09,1.0843012855768774,-0.37896469911297198,-0.13365656302663165,-0.23570349122421308,-0.14902187277501106,-0.23734564811474346
polen_book,2024-10,1.0880973828711658,-0.38329662826055316,-0.12936047126508948,-0.23982498191503729,-0.15464096910152125,-0.23175287830673569
polen_book,2024-11,1.1002651945718591,-0.36060082044284708,-0.1244786300487426,-0.25620560261608016,-0.16744926521260967,-0.21369099367627739
polen_book,2024-12,1.095260251053678,-0.36980504744614001,-0.11141453517319533,-0.28218493673273609,-0.19560546591968836,-0.20588881718287977
polen_book,2025-01,1.0831814779620919,-0.44717361945077372,-0.036999390556071765,-0.32513784345403546,-0.22068618112707183,-0.24620076685127315
polen_book,2025-02,1.080263927032671,-0.37766650737464497,-0.087753361087320098,-0.33459609394023276,-0.17324830385612444,-0.22025405054351879
polen_book,2025-03,1.1050794888813766,-0.35691975606710968,-0.16419437109495932,-0.37224436417209522,-0.072062164622845565,-0.20021417162562127
polen_book,2025-04,1.1130320277169501,-0.36447693761868361,-0.15773728008954244,-0.36328989169147075,-0.081474378984854934,-0.21334933536383793
polen_book,2025-05,1.1103122964325178,-0.36398127505675226,-0.16819465907924874,-0.36749416652487288,-0.09226382287996461,-0.21717626866016351
polen_book,2025-06,1.0961353383685215,-0.33955578232847322,-0.12362494201228236,-0.27627439494624939,-0.1889939912251537,-0.18269826718749194
polen_book,2025-07,1.0944851421737525,-0.3413175263047733,-0.12409038571311434,-0.27772056532354583,-0.17631673802363371,-0.18184514757348741
polen_book,2025-08,1.0738784145146383,-0.32347415094732984,-0.14640231999854447,-0.33635513950796969,-0.12274362864456308,-0.18272568893508565
polen_book,2025-09,1.0416365774799006,-0.28829141715238282,-0.17779089497588924,-0.30764345023628653,-0.078510278046116697,-0.20199024329838183
polen_book,2025-10,1.0354037226137867,-0.25735649224636226,-0.19451172784242121,-0.23206521473522423,-0.070119638619490929,-0.20140214173815141
polen_book,2025-11,1.0342851036331735,-0.25875400643492419,-0.20707742428434495,-0.24783032719283338,-0.066153334125328769,-0.19863999614613412
polen_book,2025-12,1.1023850011341765,-0.32907258534080835,-0.13088976581823711,-0.2029959838813325,-0.19922981574100146,-0.22737993431851783
polen_book,2026-01,1.1053544115258311,-0.3852599662831741,-0.11314533657489606,-0.23853921235863321,-0.21953835912909703,-0.2506784503541255
polen_book,2026-02,1.0990759046976784,-0.38018816646628928,-0.10209019490540569,-0.22549035815868074,-0.29550193249039419,-0.25666077525649478
polen_book,2026-03,1.060320614593252,-0.34553289754686656,-0.037379046865800195,-0.27922441680266136,-0.32166838464887482,-0.19321072062514932
polen_book,2026-04,1.0454700982586878,-0.34621533994710807,-0.037637275866561903,-0.28260140139992551,-0.33711516720300772,-0.22428849689582472
polen_book,2026-05,1.0753686026000664,-0.35704755985604342,0.04577511068350576,-0.18419054677906066,-0.30963953562289653,-0.17914807041711445
polen_book,2026-06,1.1459912867211763,-0.41136236489138878,0.060817853172510233,-0.080261761281996052,-0.41144407300022867,-0.25525450120376092
polen_book,2026-07,1.1492655366726581,-0.40603612948576262,0.02202646194402276,-0.031776615847908238,-0.39561606989821463,-0.2715933546029643
polen_book,2026-08,1.1579092000960696,-0.40760769236160266,0.017182234320139878,-0.058389761070570381,-0.36887175566200081,-0.29129191546786981
ivv_book,2022-09,0.97015106001491169,-0.14127046592317319,0.013837876454829992,0.10532848527174173,0.032286973353865434,-0.022751248040984023
ivv_book,2022-10,0.96933994633084153,-0.14246839615521317,0.013768126613328907,0.1042676650449757,0.031569546297093298,-0.024296910981928516
ivv_book,2022-11,0.96884124663372684,-0.14108190576307011,0.016658763932491188,0.097781006534550935,0.025879320405444065,-0.022124012252974501
ivv_book,2022-12,0.96850449820218154,-0.13983337659405273,0.016592266042086537,0.099590091748134005,0.025161756230235699,-0.02053971432459617
ivv_book,2023-01,0.96864333247026058,-0.14466658460114706,0.01529102429090301,0.094146331255570939,0.024829822450307754,-0.02589515581459978
ivv_book,2023-02,0.96790224681018167,-0.1456163747315401,0.01474534942371919,0.092677854396600368,0.025299674870565447,-0.027044445264456499
ivv_book,2023-03,0.96856375952349816,-0.14269757734906482,0.017312434508675145,0.093954381220192756,0.022761133559059066,-0.025669630369475477
ivv_book,2023-04,0.9725046137358031,-0.1390940663213438,0.015995255902797267,0.097663237211593673,0.02411925093249026,-0.025642251208068401
ivv_book,2023-05,0.97331102597992747,-0.1354336598749255,0.014358031471229271,0.099554725097802499,0.017979375612848708,-0.023059708403919243
ivv_book,2023-06,0.97249379813750825,-0.13468424726658396,0.011925930880979263,0.09879986380553113,0.021450350167558085,-0.023613396113850743
ivv_book,2023-07,0.97719531553085648,-0.13971189891096547,0.013003099551822495,0.094477997901911637,0.020477425992331044,-0.017833048049687217
ivv_book,2023-08,0.98303000926056705,-0.13149106474524663,0.0069879139334098617,0.10255048782128798,0.026138200313746862,-0.015379079659118666
ivv_book,2023-09,0.98627711856428157,-0.12890249639954729,0.0043684795741790738,0.1020134775296446,0.030934952062268761,-0.014261642025800436
ivv_book,2023-10,0.98654926443116653,-0.12646630310546869,0.0035953211295139398,0.10263558345656046,0.032150203746583117,-0.014257941952995734
ivv_book,2023-11,0.99608469804358479,-0.12624924678575683,0.0043816443099382041,0.088961249251128069,0.038650990949247052,-0.020355650168422432
ivv_book,2023-12,0.99698586764601105,-0.11937375558702326,0.0024900194373441153,0.088300570746467757,0.041474168643337583,-0.021585935315399235
ivv_book,2024-01,0.99681172175848876,-0.11583522494019802,0.0012875947959703482,0.089096145780440714,0.043351704433886668,-0.021474972532638456
ivv_book,2024-02,0.99827802817174915,-0.11648848291582989,-0.0024752261557459132,0.087519241127736264,0.04739071642486678,-0.018544884270922407
ivv_book,2024-03,0.99672494967380798,-0.11131489422774643,-0.011567608521229317,0.080713643793440593,0.051969065426788141,-0.012085209326863453
ivv_book,2024-04,0.99864864385036489,-0.10773114961389048,-0.012416788997887979,0.081620933880638041,0.053681479133973108,-0.010204227718907347
ivv_book,2024-05,0.9991338705241577,-0.10737295888783105,-0.014338838050422631,0.082472332609779792,0.05259212341905542,-0.0092285835075050504
ivv_book,2024-06,1.0000393584318943,-0.10270767138117823,-0.025885371523783784,0.078937964064146687,0.064819850540602464,-0.0078382299004104428
ivv_book,2024-07,0.99933171240076957,-0.087855651705852966,-0.023515373927828653,0.081871323609250368,0.061387483522638037,-0.0044851473459535801
ivv_book,2024-08,0.99839706825152252,-0.086968577851193024,-0.023950541309366302,0.082958896207357996,0.062449914176157251,-0.0062926014272849246
ivv_book,2024-09,0.99764251352064415,-0.08751628204294476,-0.020598179970332753,0.082026132926426729,0.059326464732873077,-0.0058077972485288398
ivv_book,2024-10,0.99597639679949068,-0.085318395351810572,-0.022487747206419606,0.085407262779811255,0.061493754685550378,-0.0088159596231905391
ivv_book,2024-11,0.99446562073165568,-0.090742766785433443,-0.021371338371728804,0.083032837200359463,0.06189169996287288,-0.011687518345424183
ivv_book,2024-12,0.99267395339025966,-0.09419110653076207,-0.013994656871489541,0.06895174982346447,0.047347689622356651,-0.0066568049519137723
ivv_book,2025-01,0.99569482719404578,-0.074712821941008756,-0.032763865347614135,0.07979702269503515,0.053773303858597257,0.0034410927638122979
ivv_book,2025-02,0.99229064678663104,-0.08004039812067866,-0.028676680157370876,0.068380848804664468,0.061594055776807412,-0.0018285215803521132
ivv_book,2025-03,0.98811137514318959,-0.082869254880992976,-0.013569771822116494,0.076974380505649212,0.040125658363708919,-0.004468294682802916
ivv_book,2025-04,0.9898376327006676,-0.084924045663049313,-0.012910831332916733,0.075252311593354826,0.03732887906074063,-0.005341114341277417
ivv_book,2025-05,0.98782677643012518,-0.0868736499463892,-0.011117175631621234,0.073419908652039442,0.027971562422382589,-0.0071714250155621925
ivv_book,2025-06,0.99186474853438267,-0.095157545072392422,-0.0065685032286895151,0.065777688927583511,0.030875275572699645,-0.0097983706587290789
ivv_book,2025-07,0.99199391652725566,-0.095064974414738934,-0.0065248008363150145,0.06597215106638385,0.03031202830191617,-0.0097997403382511783
ivv_book,2025-08,0.98996091643420947,-0.090860753176012471,-0.0078038739612166091,0.062135782317982752,0.036428662351757804,-0.011130418335194507
ivv_book,2025-09,0.98861661018682667,-0.0902732629995949,-0.0080499235567025318,0.061035404761198585,0.03659954932044452,-0.010657927754858569
ivv_book,2025-10,0.98895017358333526,-0.094568274334919544,-0.006120187257171894,0.050269908235356597,0.034976822833178774,-0.011035370129794803
ivv_book,2025-11,0.98874423985957449,-0.094249588233231513,-0.0046936136727022681,0.051436899059741983,0.034280255173870289,-0.011270759305538863
ivv_book,2025-12,0.99173671673254493,-0.097676799920972085,-0.00094564059827085406,0.053353727837106651,0.028303769995738248,-0.012814589302688773
ivv_book,2026-01,0.99165284418678434,-0.08875126854290763,-0.0042628362312294027,0.059065784451389672,0.030892857114430822,-0.011170360607310054
ivv_book,2026-02,0.9897366426530918,-0.086515975345179269,-0.005189620924404198,0.060037093003578734,0.027988175912955542,-0.010851069627719673
ivv_book,2026-03,0.98676389828874411,-0.082566671444400441,0.0034838930301656634,0.055276941377780636,0.024122946412285323,-0.0029826549339698749
ivv_book,2026-04,0.99419154506606855,-0.080458446932945182,0.018093914715645698,0.047860819753591854,0.0045731710617616106,0.016172681555667728
ivv_book,2026-05,0.99562815622709377,-0.087449023233504758,0.021354722879438237,0.034969798272702281,0.011651221614029456,0.015427671011363601
ivv_book,2026-06,0.99358997784647818,-0.083117195299227856,0.019453077286719661,0.031798349174302062,0.017120048091422424,0.018368587369978435
ivv_book,2026-07,0.99518965777972745,-0.083970426247312352,0.022356710153941639,0.031482797587093214,0.015905745687439188,0.016073112166986536
ivv_book,2026-08,0.99401992420855323,-0.083453396930019075,0.018012235943752619,0.029006240802414818,0.014985341880489833,0.012491372263671103
iwf_book,2022-09,1.1059576707491852,-0.15305267861600425,-0.24866706946657952,0.095639479820876103,-0.014602157701134863,0.068574880746185757
iwf_book,2022-10,1.0930506344477648,-0.17276928545321824,-0.25249982477689148,0.077929707161351891,-0.034019940717725877,0.042265781520631374
iwf_book,2022-11,1.0922124572146266,-0.17179779067003076,-0.24243327149732552,0.049473724081201542,-0.054364801964858225,0.046875639428723442
iwf_book,2022-12,1.0957902104879522,-0.17899993613285592,-0.23773794530293976,0.047409851180752721,-0.067820614688662684,0.045043887544031061
iwf_book,2023-01,1.0959966218918176,-0.19682894584444216,-0.24313000860920217,0.026875591663584386,-0.068386110858364491,0.023385428095631822
iwf_book,2023-02,1.1000240885484784,-0.19284187285845422,-0.24072269596547466,0.033262737077803056,-0.069482618333786994,0.028663673837747039
iwf_book,2023-03,1.0958927174847899,-0.19891974270798674,-0.25145145420578036,0.029200970615487015,-0.058118097764085219,0.025529020920903672
iwf_book,2023-04,1.0979343239404198,-0.19242891552029273,-0.24691217590504888,0.030652586043524527,-0.067172534182665028,0.026893120262344694
iwf_book,2023-05,1.0983757455091296,-0.18797175955635859,-0.24978192054804421,0.029496704887240349,-0.097382932848466108,0.034180722831204879
iwf_book,2023-06,1.0959821946324069,-0.20755270607739135,-0.23455878990321682,0.01877952814086345,-0.11004720282941932,0.033974293874555084
iwf_book,2023-07,1.0987748117329574,-0.20835208266475796,-0.22706076561449295,0.012332747436793495,-0.11561502468486601,0.033090701985499127
iwf_book,2023-08,1.0920964963307249,-0.21192296735813498,-0.22653565576009493,-0.0040663650001960261,-0.104757850111244,0.022521422190922458
iwf_book,2023-09,1.0896986996381628,-0.20886381149993671,-0.23141534865921687,-0.017728803424751582,-0.11283860653570715,0.0339067431242564
iwf_book,2023-10,1.0920201779944612,-0.22123541710987837,-0.23292446979497639,-0.021037810551340519,-0.1100955324135427,0.034440019873626715
iwf_book,2023-11,1.1089871329101755,-0.21547665807527322,-0.23556127582060932,-0.043898971337529,-0.091459808854229691,0.017755883756245039
iwf_book,2023-12,1.1118910250043348,-0.1924183526135006,-0.23925129892902852,-0.047248053582732735,-0.08358474533558935,0.01266102880376839
iwf_book,2024-01,1.1055649457911563,-0.2198558928956339,-0.22281556933595884,-0.03454538284055865,-0.10940647535204333,-0.0091120960367982173
iwf_book,2024-02,1.0978450727058338,-0.21411811734182917,-0.19233667774543525,-0.026304023500427473,-0.1450790742622628,-0.026299095479023676
iwf_book,2024-03,1.0939801290993834,-0.2020032370231428,-0.20741682970414965,-0.020904901738344139,-0.13269892480143045,-0.025771137421645454
iwf_book,2024-04,1.0974707077708474,-0.19568372796809658,-0.20884132542103134,-0.019245790404107288,-0.12980385174126544,-0.022369038531052446
iwf_book,2024-05,1.0977617598624461,-0.19591930633565674,-0.21070840690276391,-0.019210083330632649,-0.13007136881514036,-0.02189602431749417
iwf_book,2024-06,1.097526169249758,-0.23276255561182888,-0.16656100255514622,-0.014570478580028995,-0.17857019755621303,-0.029296449202128039
iwf_book,2024-07,1.0978156929854126,-0.23238742109220964,-0.16731457861110643,-0.020566004452848022,-0.17677591850107904,-0.027070678495613718
iwf_book,2024-08,1.0944017792625713,-0.22752866323502657,-0.16160843624009108,-0.016095709939155066,-0.18453326908081957,-0.033051858482831376
iwf_book,2024-09,1.0961852972967474,-0.22759228581469057,-0.15982490629744983,-0.0086256169312229278,-0.18868863103476347,-0.032040531709727565
iwf_book,2024-10,1.0919650367676101,-0.22481894837332128,-0.16457346949033569,-0.014871314808264639,-0.18038283906895752,-0.03444639568273327
iwf_book,2024-11,1.0957856719398822,-0.26553987675868351,-0.13141899988562417,-0.10093945472616109,-0.20629319311114291,-0.040321247936474451
iwf_book,2024-12,1.085365251573341,-0.28265861537758369,-0.14020457790697499,-0.091308189707295984,-0.20541050942919903,-0.053900668075435532
iwf_book,2025-01,1.0846712734664838,-0.21243023474224232,-0.22777524539834845,-0.034046345725026267,-0.11800504890067343,-0.046941877198958606
iwf_book,2025-02,1.0875172645713116,-0.17655747819770395,-0.25420577905167341,-0.024363836323819246,-0.10726526965456551,-0.029615169131231078
iwf_book,2025-03,1.1038452380980799,-0.15806484223655665,-0.28824616061319192,-0.032735232984614185,-0.072914081813740012,-0.011077833612626625
iwf_book,2025-04,1.109585175290047,-0.16658673694590664,-0.28908355381889417,-0.053408904969888468,-0.08528673532722543,-0.0059128155686887784
iwf_book,2025-05,1.1169634399043398,-0.1497877762950276,-0.3353340039549369,-0.051999667086672349,-0.045205421995085204,-0.0033580943937001062
iwf_book,2025-06,1.0928087462146343,-0.099919229401862125,-0.36664009122958074,-0.010641651653579526,-0.056719649157549817,0.010647106761829422
iwf_book,2025-07,1.0969410115033751,-0.097197767237347105,-0.36520349716964351,-0.0039902634153249489,-0.072466982907152533,0.010949604813613983
iwf_book,2025-08,1.086094820899179,-0.083681706687177657,-0.37539093691470943,-0.031563997846081479,-0.042866313443563578,0.0083870375774589973
iwf_book,2025-09,1.0811607745462719,-0.082845870169550667,-0.37469843699348948,-0.039052367757534505,-0.044751660918786393,0.012036683013572684
iwf_book,2025-10,1.0776642804862226,-0.0738032028661402,-0.38081980502825541,-0.017816997655925038,-0.04374039002546834,0.011277209904255299
iwf_book,2025-11,1.0882504526204562,-0.079605527908039347,-0.38545552469915223,-0.0030575418306134014,-0.034141025595565949,0.0097129218499777958
iwf_book,2025-12,1.0609748005889648,-0.050886378607227806,-0.41662880488687709,-0.020927079521628131,0.019371193732383704,0.021686168876395989
iwf_book,2026-01,1.0741641438922271,-0.095464808452358441,-0.4164738704184866,-0.047285567938944922,-0.014534724171557267,-0.05425291569236295
iwf_book,2026-02,1.0975163811868716,-0.12563226983842488,-0.38686852105987918,-0.046302341144268955,-0.065476456055937229,-0.067276856492238524
iwf_book,2026-03,1.0768878095103016,-0.12821222920306932,-0.41284246063466856,-0.064505887637448953,-0.049142840066947704,-0.082385547875249238
iwf_book,2026-04,1.0818631898611615,-0.12772120804626752,-0.41060555181799041,-0.064726600563014963,-0.048018099238051837,-0.071437238976852141
iwf_book,2026-05,1.0797538041879289,-0.11688913296798603,-0.41532785618844426,-0.044252465529040184,-0.05891611306210276,-0.070087625677943813
iwf_book,2026-06,1.1079303377545151,-0.13272701639774673,-0.41242243593746375,-0.0031507076333071593,-0.094193887404667553,-0.098881292264689835
iwf_book,2026-07,1.0557686260540158,-0.1230901700695835,-0.39208269519408601,-0.11918551236760852,-0.10168540898258083,0.005898169062970228
iwf_book,2026-08,1.0625363418778178,-0.12637986432020648,-0.36204592943779412,-0.098899257351521677,-0.09900563589587219,0.032744757445198724
