sec_id,id_type,name,max_weight,entity_of_max,periods
38259P508,cusip,Alphabet Inc Cap Stk Cl A,0.069193604892453145,jensen,2021-06-30
913017109,cusip,United Technologies Corp,0.05879446238479915,jensen,2019-09-30;2019-12-31;2020-03-31
112585104,cusip,BROOKFIELD ASSET MGMT INC,0.05140617414847453,akre,2019-09-30;2019-12-31;2020-03-31;2020-06-30;2020-09-30;2020-12-31;2021-03-31;2021-06-30;2021-09-30;2021-12-31;2022-03-31;2022-06-30;2022-09-30
03662Q105,cusip,ANSYS INC,0.014990865878743822,akre,2019-09-30;2019-12-31;2020-03-31;2020-06-30;2020-09-30;2020-12-31;2021-03-31;2021-06-30;2021-09-30;2021-12-31;2022-03-31;2022-06-30;2022-09-30;2022-12-31;2023-03-31;2023-06-30;2023-09-30;2023-12-31;2024-03-31;2024-06-30;2024-09-30;2024-12-31;2025-03-31;2025-06-30
30231G102,cusip,Exxon Mobil Corp.,0.014136562085076007,ivv,2019-09-30;2019-12-31;2020-03-31;2020-06-30;2020-09-30;2020-12-31;2021-03-31;2021-06-30;2021-09-30;2021-12-31;2022-03-31;2022-06-30;2022-09-30;2022-12-31;2023-03-31;2023-06-30;2023-09-30;2023-12-31;2024-03-31;2024-06-30;2024-09-30;2024-12-31;2025-03-31;2025-06-30;2025-09-30;2025-12-31;2026-03-31;2026-06-30
25401T108,cusip,DIGITALBRIDGE GROUP INC,0.0064097319194375939,akre,2021-06-30;2021-09-30;2021-12-31;2022-03-31;2022-06-30
IE00BZ12WP82,isin,Linde plc,0.0050183679514159826,ivv,2019-09-30;2019-12-31;2020-03-31;2020-06-30;2020-09-30;2020-12-31;2021-03-31;2021-06-30;2021-09-30;2021-12-31;2022-03-31;2022-06-30;2022-09-30;2022-12-31
512807108,cusip,LAM RESEARCH CORPORATION,0.0046730321919345669,iwf,2019-09-30;2019-12-31;2020-03-31;2020-06-30;2020-09-30;2020-12-31;2021-03-31;2021-06-30;2021-09-30;2021-12-31;2022-03-31;2022-06-30;2022-09-30;2022-12-31;2023-03-31;2023-06-30;2023-09-30;2023-12-31;2024-03-31;2024-06-30;2024-09-30
19626G108,cusip,COLONY CAP INC NEW,0.0046349892355709733,akre,2019-09-30;2019-12-31;2020-03-31;2020-06-30;2020-09-30;2020-12-31;2021-03-31
H82027105,cusip,SOPHIA GENETICS SA,0.0042020722489042699,akre,2024-03-31;2024-06-30;2024-09-30;2024-12-31;2025-03-31;2025-06-30;2025-09-30;2025-12-31;2026-03-31;2026-06-30
74165N105,cusip,PRIMO WTR CORP,0.0037007831867074247,akre,2019-09-30;2019-12-31
369604103,cusip,General Electric Co,0.0036422585348026182,ivv,2019-09-30;2019-12-31;2020-03-31;2020-06-30;2020-09-30;2020-12-31;2021-03-31;2021-06-30
040413106,cusip,"ARISTA NETWORKS, INC.",0.0035872482310876563,iwf,2019-09-30;2019-12-31;2020-03-31;2020-06-30;2020-09-30;2020-12-31;2021-03-31;2021-06-30;2021-09-30;2021-12-31;2022-03-31;2022-06-30;2022-09-30;2022-12-31;2023-03-31;2023-06-30;2023-09-30;2023-12-31;2024-03-31;2024-06-30;2024-09-30
09247X101,cusip,BlackRock Inc,0.0034116204579662276,ivv,2019-09-30;2019-12-31;2020-03-31;2020-06-30;2020-09-30;2020-12-31;2021-03-31;2021-06-30;2021-09-30;2021-12-31;2022-03-31;2022-06-30;2022-09-30;2022-12-31;2023-03-31;2023-06-30;2023-09-30;2023-12-31;2024-03-31;2024-06-30;2024-09-30
IE00BY9D5467,isin,Allergan PLC,0.0027137046650727898,ivv,2019-09-30;2019-12-31;2020-03-31
N07059210,cusip,ASML HLDG NV,0.0026433944619528712,polen,2021-06-30;2021-09-30;2021-12-31;2022-03-31;2022-06-30;2022-09-30;2022-12-31;2023-03-31;2023-06-30;2023-09-30;2023-12-31;2024-03-31;2024-06-30;2024-09-30;2024-12-31;2025-03-31;2025-06-30;2025-09-30;2025-12-31;2026-03-31;2026-06-30
GB00BZ09BD16,isin,Atlassian Corp PLC,0.0025023809271421029,iwf,2019-09-30;2019-12-31;2020-03-31;2020-06-30;2020-09-30;2020-12-31;2021-03-31;2021-06-30;2021-09-30;2021-12-31;2022-03-31;2022-06-30
755111507,cusip,Raytheon Co,0.0024940986451726758,iwf,2019-09-30;2019-12-31;2020-03-31
G5960L103,cusip,MEDTRONIC PLC,0.0023774982197734547,polen,2019-09-30;2019-12-31;2020-03-31;2020-06-30;2020-09-30;2020-12-31;2021-03-31;2021-06-30;2021-09-30;2021-12-31;2022-03-31;2022-06-30;2022-09-30;2022-12-31;2023-03-31;2023-06-30;2023-09-30;2023-12-31;2024-03-31;2024-06-30;2024-09-30;2024-12-31;2025-03-31;2025-06-30;2025-09-30;2025-12-31;2026-03-31
00507V109,cusip,Activision Blizzard Inc,0.0022824099847269549,ivv,2019-09-30;2019-12-31;2020-03-31;2020-06-30;2020-09-30;2020-12-31;2021-03-31;2021-06-30;2021-09-30;2021-12-31;2022-03-31;2022-06-30;2022-09-30;2022-12-31;2023-03-31;2023-06-30;2023-09-30
90184L102,cusip,Twitter Inc,0.0022354721179680139,iwf,2019-09-30;2019-12-31;2020-03-31;2020-06-30;2020-09-30;2020-12-31;2021-03-31;2021-06-30;2021-09-30;2021-12-31;2022-03-31;2022-06-30;2022-09-30
983919101,cusip,Xilinx Inc,0.0021865392745658726,iwf,2019-09-30;2019-12-31;2020-03-31;2020-06-30;2020-09-30;2020-12-31;2021-03-31;2021-06-30;2021-09-30;2021-12-31
848637104,cusip,Splunk Inc,0.0021575729902274235,iwf,2019-09-30;2019-12-31;2020-03-31;2020-06-30;2020-09-30;2020-12-31;2021-03-31;2021-06-30;2021-09-30;2021-12-31;2022-03-31;2022-06-30;2022-09-30;2022-12-31;2023-03-31;2023-06-30;2023-09-30;2023-12-31
26614N102,cusip,DuPont de Nemours Inc,0.0021516225056716757,ivv,2019-09-30;2019-12-31;2020-03-31;2020-06-30;2020-09-30;2020-12-31;2021-03-31;2021-06-30;2021-09-30;2021-12-31;2022-03-31;2022-06-30;2022-09-30;2022-12-31;2023-03-31;2023-06-30;2023-09-30;2023-12-31;2024-03-31;2024-06-30;2024-09-30;2024-12-31;2025-03-31;2025-06-30;2025-09-30;2025-12-31;2026-03-31
285512109,cusip,Electronic Arts Inc,0.0019811053373857751,iwf,2019-09-30;2019-12-31;2020-03-31;2020-06-30;2020-09-30;2020-12-31;2021-03-31;2021-06-30;2021-09-30;2021-12-31;2022-03-31;2022-06-30;2022-09-30;2022-12-31;2023-03-31;2023-06-30;2023-09-30;2023-12-31;2024-03-31;2024-06-30;2024-09-30;2024-12-31;2025-03-31;2025-06-30;2025-09-30;2025-12-31;2026-03-31;2026-06-30
G5494J103,cusip,LINDE PUBLIC LIMITED COMPANY,0.0019773995325109146,iwf,2019-09-30;2019-12-31;2020-03-31;2020-06-30;2020-09-30;2020-12-31;2021-03-31;2021-06-30;2021-09-30;2021-12-31;2022-03-31;2022-06-30;2022-09-30;2022-12-31
G4388N106,cusip,HELEN OF TROY LTD,0.0019538919005247569,polen,2020-03-31;2020-06-30;2020-09-30;2020-12-31;2021-03-31;2021-06-30;2021-09-30;2021-12-31;2022-03-31;2022-06-30;2022-09-30;2022-12-31;2023-03-31;2023-06-30;2023-09-30;2023-12-31;2024-03-31
Y4600W108,cusip,KAROOOOO LTD,0.0019538919005247569,polen,2021-06-30;2021-09-30;2021-12-31;2022-03-31;2022-06-30;2022-09-30;2022-12-31;2023-03-31;2023-06-30;2023-09-30;2023-12-31;2024-03-31;2024-09-30;2024-12-31;2025-03-31;2025-06-30;2025-09-30;2025-12-31
339041105,cusip,FleetCor Technologies Inc,0.0017489969392823458,iwf,2019-09-30;2019-12-31;2020-03-31;2020-06-30;2020-09-30;2020-12-31;2021-03-31;2021-06-30;2021-09-30;2021-12-31;2022-03-31;2022-06-30;2022-09-30;2022-12-31;2023-03-31;2023-06-30;2023-09-30;2023-12-31
723787107,cusip,PIONEER NATURAL RESOURCES COMPANY,0.0017437215595318715,iwf,2019-09-30;2019-12-31;2020-03-31;2020-06-30;2020-09-30;2020-12-31;2021-03-31;2021-06-30;2021-09-30;2021-12-31;2022-03-31;2022-06-30;2022-09-30;2022-12-31;2023-03-31;2023-06-30;2023-09-30;2023-12-31;2024-03-31
928563402,cusip,"VMWARE, INC.",0.0017104344832561313,iwf,2019-09-30;2019-12-31;2020-03-31;2020-06-30;2020-09-30;2020-12-31;2021-03-31;2021-06-30;2021-09-30;2021-12-31;2022-03-31;2022-06-30;2022-09-30;2022-12-31;2023-03-31;2023-06-30;2023-09-30
G06242104,cusip,ATLASSIAN CORPORATION PLC,0.0017018437578084418,iwf,2022-09-30
44919P508,cusip,Match Group Inc,0.0016560488750206393,iwf,2019-09-30;2019-12-31;2020-03-31;2020-06-30
054937107,cusip,BB&T Corp,0.0016549973924982475,ivv,2019-09-30
156782104,cusip,Cerner Corp,0.0015447921569672095,iwf,2019-09-30;2019-12-31;2020-03-31;2020-06-30;2020-09-30;2020-12-31;2021-03-31;2021-06-30;2021-09-30;2021-12-31;2022-03-31
812578102,cusip,Seattle Genetics Inc,0.00145059621221608,iwf,2019-09-30;2019-12-31;2020-03-31;2020-06-30;2020-09-30
81181C104,cusip,SEAGEN INC.,0.0014198585738567793,iwf,2020-12-31;2021-03-31;2021-06-30;2021-09-30;2021-12-31;2022-03-31;2022-06-30;2022-09-30;2022-12-31;2023-03-31;2023-06-30;2023-09-30
74167P108,cusip,PRIMO WTR CORP,0.0013914422464520798,akre,2020-03-31;2020-06-30;2020-09-30;2020-12-31
G46188101,cusip,HORIZON THERAPEUTICS PUBLIC LIMITED COMPANY,0.0013754631593144628,iwf,2022-09-30;2022-12-31;2023-03-31;2023-06-30;2023-09-30
BMG475671050,isin,IHS Markit Ltd,0.0013148758770604322,ivv,2019-09-30;2019-12-31;2020-03-31;2020-06-30;2020-09-30;2020-12-31;2021-03-31;2021-06-30;2021-09-30;2021-12-31
CH0102993182,isin,TE Connectivity Ltd,0.0013038361552020741,ivv,2019-09-30;2019-12-31;2020-03-31;2020-06-30;2020-09-30;2020-12-31;2021-03-31;2021-06-30;2021-09-30;2021-12-31;2022-03-31;2022-06-30;2022-09-30;2022-12-31;2023-03-31;2023-06-30;2023-09-30;2023-12-31;2024-03-31;2024-06-30
682680103,cusip,"ONEOK, Inc.",0.0012944637950438869,ivv,2019-09-30;2019-12-31;2020-03-31;2020-06-30;2020-09-30;2020-12-31;2021-03-31;2021-06-30;2021-09-30;2021-12-31;2022-03-31;2022-06-30;2022-09-30;2022-12-31;2023-03-31;2023-06-30;2023-09-30;2023-12-31;2024-03-31;2024-06-30;2024-09-30;2024-12-31;2025-03-31;2025-06-30;2025-09-30;2025-12-31;2026-03-31;2026-06-30
22266L106,cusip,Coupa Software Inc,0.0012677090440158928,iwf,2019-09-30;2019-12-31;2020-03-31;2020-06-30;2020-09-30;2020-12-31;2021-03-31;2021-06-30;2021-09-30;2021-12-31;2022-03-31;2022-06-30;2022-09-30;2022-12-31
867914103,cusip,SunTrust Banks Inc,0.0012420351652246086,ivv,2019-09-30
904767704,cusip,UNILEVER PLC,0.0012336342102053195,polen,2019-09-30;2019-12-31;2020-03-31;2020-06-30;2020-09-30;2020-12-31;2021-03-31;2021-06-30;2021-09-30;2021-12-31;2022-03-31;2022-06-30;2022-09-30;2022-12-31;2023-03-31;2023-06-30;2023-09-30;2023-12-31;2024-03-31;2024-06-30;2024-09-30;2024-12-31
053484101,cusip,AvalonBay Communities Inc,0.0012165837000948439,ivv,2019-09-30;2019-12-31;2020-03-31;2020-06-30;2020-09-30;2020-12-31;2021-03-31;2021-06-30;2021-09-30;2021-12-31;2022-03-31;2022-06-30;2022-09-30;2022-12-31;2023-03-31;2023-06-30;2023-09-30;2023-12-31;2024-03-31;2024-06-30;2024-09-30;2024-12-31;2025-03-31;2025-06-30;2025-09-30;2025-12-31;2026-03-31;2026-06-30
JE00B783TY65,isin,Aptiv PLC,0.0011719446732489217,ivv,2019-09-30;2019-12-31;2020-03-31;2020-06-30;2020-09-30;2020-12-31;2021-03-31;2021-06-30;2021-09-30;2021-12-31;2022-03-31;2022-06-30;2022-09-30;2022-12-31;2023-03-31;2023-06-30;2023-09-30;2023-12-31;2024-03-31;2024-06-30;2024-09-30
86800U104,cusip,"Super Micro Computer, Inc.",0.0011537600810265411,ivv,2024-03-31;2024-06-30;2024-09-30
177376100,cusip,Citrix Systems Inc,0.0011325468665715507,iwf,2019-09-30;2019-12-31;2020-03-31;2020-06-30;2020-09-30;2020-12-31;2021-03-31;2021-06-30;2021-09-30;2021-12-31;2022-03-31;2022-06-30;2022-09-30
254709108,cusip,Discover Financial Services,0.0010493905201596208,ivv,2019-09-30;2019-12-31;2020-03-31;2020-06-30;2020-09-30;2020-12-31;2021-03-31;2021-06-30;2021-09-30;2021-12-31;2022-03-31;2022-06-30;2022-09-30;2022-12-31;2023-03-31;2023-06-30;2023-09-30;2023-12-31;2024-03-31;2024-06-30;2024-09-30;2024-12-31;2025-03-31
M22465104,cusip,CHECK POINT SOFTWARE TECH LT,0.00104513053095289,polen,2019-09-30;2019-12-31;2020-03-31;2020-06-30;2020-09-30;2020-12-31;2021-03-31
78486Q101,cusip,SVB Financial Group,0.0010425421873051755,ivv,2019-09-30;2019-12-31;2020-03-31;2020-06-30;2020-09-30;2020-12-31;2021-03-31;2021-06-30;2021-09-30;2021-12-31;2022-03-31;2022-06-30;2022-09-30;2022-12-31
94946T106,cusip,WellCare Health Plans Inc,0.00098361538930914348,iwf,2019-09-30;2019-12-31
G29018101,cusip,DLOCAL LTD,0.0009701981747949021,polen,2022-12-31;2023-03-31;2023-06-30;2023-09-30;2023-12-31;2024-03-31;2024-06-30;2024-09-30;2024-12-31;2025-03-31;2025-06-30;2025-09-30;2025-12-31;2026-03-31;2026-06-30
IE00BQPVQZ61,isin,Horizon Therapeutics Plc,0.00094655988798231997,iwf,2019-09-30;2019-12-31;2020-03-31;2020-06-30;2020-09-30;2020-12-31;2021-03-31;2021-06-30;2021-09-30;2021-12-31;2022-03-31;2022-06-30
M7S64H106,cusip,MONDAY COM LTD,0.00094166196127842426,polen,2024-12-31;2025-03-31;2025-06-30;2025-09-30;2025-12-31
30063P105,cusip,Exact Sciences Corp,0.00093458293020870172,iwf,2019-09-30;2019-12-31;2020-03-31;2020-06-30;2020-09-30;2020-12-31;2021-03-31;2021-06-30;2021-09-30;2021-12-31;2022-03-31;2022-06-30;2022-09-30;2022-12-31;2023-03-31;2023-06-30;2023-09-30;2023-12-31;2024-03-31;2024-06-30;2024-09-30;2024-12-31;2025-03-31;2025-06-30;2025-09-30;2025-12-31
98936J101,cusip,Zendesk Inc,0.00090320389623948594,iwf,2019-09-30;2019-12-31;2020-03-31;2020-06-30;2020-09-30;2020-12-31;2021-03-31;2021-06-30;2021-09-30;2021-12-31;2022-03-31;2022-06-30;2022-09-30
44891N109,cusip,IAC/InterActiveCorp,0.00087413096564512808,iwf,2020-09-30;2020-12-31;2021-03-31
124857202,cusip,CBS Corp,0.00086512604766223844,iwf,2019-09-30
