sec_id,yf_ticker,name,max_weight,entity_of_max,periods
25401T603,DBRG,DIGITALBRIDGE GROUP INC,0.0071786368817792993,akre,2022-09-30;2022-12-31;2023-03-31;2023-06-30;2023-09-30;2023-12-31;2024-03-31;2024-06-30;2024-09-30;2024-12-31;2025-03-31
151020104,CELG,Celgene Corp,0.0050111311371948261,iwf,2019-09-30
42809H107,HES,HESS CORPORATION,0.001825407708934378,iwf,2019-09-30;2019-12-31;2020-03-31;2020-06-30;2020-09-30;2020-12-31;2021-03-31;2021-06-30;2021-09-30;2021-12-31;2022-03-31;2022-06-30;2022-09-30;2022-12-31;2023-03-31;2023-06-30;2023-09-30;2023-12-31;2024-03-31;2024-06-30;2024-09-30;2024-12-31;2025-03-31;2025-06-30
931427108,WBA,Walgreens Boots Alliance Inc,0.0016961745832553099,ivv,2019-09-30;2019-12-31;2020-03-31;2020-06-30;2020-09-30;2020-12-31;2021-03-31;2021-06-30;2021-09-30;2021-12-31;2022-03-31;2022-06-30;2022-09-30;2022-12-31;2023-03-31;2023-06-30;2023-09-30;2023-12-31;2024-03-31;2024-06-30;2024-09-30;2024-12-31;2025-03-31;2025-06-30
57772K101,MXIM,Maxim Integrated Products Inc,0.001268856328926718,iwf,2019-09-30;2019-12-31;2020-03-31;2020-06-30;2020-09-30;2020-12-31;2021-03-31;2021-06-30
015351109,ALXN,Alexion Pharmaceuticals Inc,0.0011561920224645689,iwf,2019-09-30;2019-12-31;2020-03-31;2020-06-30;2020-09-30;2020-12-31;2021-03-31;2021-06-30
83088V102,WORK,Slack Technologies Inc,0.0010859932540489539,iwf,2020-06-30;2020-09-30;2020-12-31;2021-03-31;2021-06-30
452907108,IMMU,Immunomedics Inc,0.0010586276812981708,iwf,2020-06-30;2020-09-30
127097103,CTRA,"Coterra Energy, Inc.",0.0006899359770872203,ivv,2019-09-30;2019-12-31;2020-03-31;2020-06-30;2020-09-30;2020-12-31;2021-03-31;2021-06-30;2021-09-30;2021-12-31;2022-03-31;2022-06-30;2022-09-30;2022-12-31;2023-03-31;2023-06-30;2023-09-30;2023-12-31;2024-03-31;2024-06-30;2024-09-30;2024-12-31;2025-03-31;2025-06-30;2025-09-30;2025-12-31;2026-03-31
023436108,AMED,Amedisys Inc,0.00051418393892262301,iwf,2020-06-30;2020-09-30;2020-12-31;2021-03-31;2021-06-30;2021-09-30;2021-12-31;2022-03-31
743424103,PFPT,Proofpoint Inc,0.00050652611622481252,iwf,2019-09-30;2019-12-31;2020-03-31;2020-06-30;2020-09-30;2020-12-31;2021-03-31;2021-06-30
82669G104,SBNY,Signature Bank/New York NY,0.00048027853844539276,ivv,2019-09-30;2019-12-31;2020-03-31;2021-12-31;2022-03-31;2022-06-30;2022-09-30;2022-12-31
539183103,LVGO,Livongo Health Inc,0.00046815956921926434,iwf,2020-06-30;2020-09-30
45772F107,IPHI,Inphi Corp,0.0004600321955553089,iwf,2020-06-30;2020-09-30;2020-12-31;2021-03-31
69354M108,PRAH,PRA Health Sciences Inc,0.00045679984306724793,iwf,2019-09-30;2019-12-31;2020-03-31;2020-06-30;2020-09-30;2020-12-31;2021-03-31;2021-06-30
265504100,DNKN,Dunkin' Brands Group Inc,0.0004446149749949921,iwf,2019-09-30;2019-12-31;2020-03-31;2020-06-30;2020-09-30
12508E101,CDK,CDK Global Inc,0.00043959608852186155,iwf,2019-09-30;2019-12-31;2020-03-31;2020-06-30;2020-09-30;2020-12-31;2021-03-31;2021-06-30;2021-09-30;2021-12-31;2022-03-31;2022-06-30
00434H108,XLRN,Acceleron Pharma Inc,0.00042494920987947956,iwf,2020-06-30;2020-09-30;2020-12-31;2021-03-31;2021-06-30;2021-09-30
431475102,HRC,Hill-Rom Holdings Inc.,0.00042008246583797801,jensen,2019-09-30;2019-12-31;2020-03-31;2020-06-30;2020-09-30;2020-12-31;2021-03-31;2021-06-30
NL0011031208,MYL,Mylan NV,0.00040569902450858931,ivv,2019-09-30;2019-12-31;2020-03-31;2020-06-30;2020-09-30
