entity,cik,accession,form,filing_date,period_date,amendment_type,infotable_name
akre,1112520,0001112520-01-500008,13F-HR,2001-08-09,2000-12-31,,
akre,1112520,0001112520-01-500009,13F-HR,2001-08-13,2001-03-31,,
akre,1112520,0001112520-01-500010,13F-HR,2001-08-13,2001-06-30,,
akre,1112520,0001112520-01-500011,13F-HR/A,2001-08-13,2001-03-31,,
akre,1112520,0001112520-01-500012,13F-HR/A,2001-08-13,2001-06-30,,
akre,1112520,0001112520-01-500013,13F-HR/A,2001-08-23,2001-06-30,,
akre,1112520,0001112520-01-500014,13F-HR/A,2001-08-23,2001-06-30,,
akre,1112520,0001112520-01-500015,13F-HR/A,2001-08-23,2001-06-30,,
akre,1112520,0001112520-01-500016,13F-HR/A,2001-08-28,2001-06-30,,
akre,1112520,0001112520-01-500017,13F-HR,2001-11-14,2001-09-30,,
akre,1112520,0001112520-02-000004,13F-HR,2002-02-28,2001-12-31,,
akre,1112520,0001112520-02-000005,13F-HR,2002-05-24,2002-03-31,,
akre,1112520,0001112520-02-000006,13F-HR,2002-08-14,2002-06-30,,
akre,1112520,0001112520-02-000008,13F-HR/A,2002-08-23,2002-06-30,,
akre,1112520,0001112520-02-000009,13F-HR,2002-11-14,2002-09-30,,
akre,1112520,0001112520-03-000007,13F-HR,2003-03-20,2002-12-31,,
akre,1112520,0001112520-03-000011,13F-HR,2003-05-16,2003-03-31,,
akre,1112520,0001112520-03-000014,13F-HR,2003-08-06,2003-06-30,,
akre,1112520,0001112520-03-000016,13F-HR,2003-11-14,2003-09-30,,
akre,1112520,0001112520-04-000004,13F-HR,2004-01-16,2003-12-31,,
akre,1112520,0001112520-04-000006,13F-HR,2004-04-22,2004-03-31,,
akre,1112520,0001112520-04-000012,13F-HR/A,2004-04-22,2004-03-31,,
akre,1112520,0001112520-04-000014,13F-HR,2004-07-14,2004-06-30,,
akre,1112520,0001112520-04-000019,13F-HR,2004-10-14,2004-09-30,,
akre,1112520,0001112520-05-000004,13F-HR,2005-02-11,2004-12-31,,
akre,1112520,0001112520-05-000018,13F-HR,2005-05-27,2005-03-31,,
akre,1112520,0001112520-05-000020,13F-HR,2005-08-17,2005-06-30,,
akre,1112520,0001112520-05-000023,13F-HR,2005-11-14,2005-09-30,,
akre,1112520,0001112520-06-000009,13F-HR,2006-02-13,2005-12-31,,
akre,1112520,0001112520-06-000016,13F-HR,2006-05-12,2006-03-31,,
akre,1112520,0001112520-06-000018,13F-HR,2006-08-10,2006-06-30,,
akre,1112520,0001112520-06-000020,13F-HR,2006-11-14,2006-09-30,,
akre,1112520,0001112520-07-000002,13F-HR,2007-02-12,2006-12-31,,
akre,1112520,0001112520-07-000021,13F-HR,2007-05-11,2007-03-31,,
akre,1112520,0001112520-07-000023,13F-HR,2007-08-14,2007-06-30,,
akre,1112520,0001112520-07-000027,13F-HR,2007-11-15,2007-09-30,,
akre,1112520,0001112520-08-000013,13F-HR,2008-02-14,2007-12-31,,
akre,1112520,0001112520-08-000019,13F-HR/A,2008-02-14,2007-12-31,,
akre,1112520,0001112520-08-000020,13F-HR/A,2008-02-14,2007-12-31,,
akre,1112520,0001112520-08-000032,13F-HR,2008-05-15,2008-03-31,,
akre,1112520,0001112520-08-000052,13F-HR,2008-08-14,2008-06-30,,
akre,1112520,0001112520-08-000068,13F-HR,2008-11-14,2008-09-30,,
akre,1112520,0001112520-09-000020,13F-HR,2009-02-13,2008-12-31,,
akre,1112520,0001112520-09-000041,13F-HR,2009-05-14,2009-03-31,,
akre,1112520,0001112520-09-000045,13F-HR,2009-08-12,2009-06-30,,
akre,1112520,0001112520-09-000067,13F-HR,2009-11-13,2009-09-30,,
akre,1112520,0001112520-10-000004,13F-HR,2010-02-12,2009-12-31,,
akre,1112520,0001112520-10-000010,13F-HR,2010-05-17,2010-03-31,,
akre,1112520,0001112520-10-000018,13F-HR,2010-08-13,2010-06-30,,
akre,1112520,0001112520-10-000021,13F-HR/A,2010-08-26,2010-03-31,,
akre,1112520,0001112520-10-000024,13F-HR,2010-11-12,2010-09-30,,
akre,1112520,0001112520-11-000004,13F-HR,2011-02-11,2010-12-31,,
akre,1112520,0001112520-11-000008,13F-HR,2011-05-13,2011-03-31,,
akre,1112520,0001112520-11-000015,13F-HR,2011-08-12,2011-06-30,,
akre,1112520,0001112520-11-000018,13F-HR,2011-11-14,2011-09-30,,
akre,1112520,0001112520-11-000024,13F-HR/A,2011-11-25,2011-09-30,,
akre,1112520,0001112520-12-000003,13F-HR,2012-02-14,2011-12-31,,
akre,1112520,0001112520-12-000007,13F-HR,2012-05-15,2012-03-31,,
akre,1112520,0001112520-12-000011,13F-HR,2012-08-14,2012-06-30,,
akre,1112520,0001112520-12-000014,13F-HR/A,2012-08-23,2012-03-31,,
akre,1112520,0001112520-12-000016,13F-HR/A,2012-10-02,2012-06-30,,
akre,1112520,0000919574-12-006509,13F-HR,2012-11-15,2012-09-30,,
akre,1112520,0001112520-12-000020,13F-HR/A,2012-11-15,2012-03-31,,
akre,1112520,0001112520-13-000005,13F-HR,2013-02-12,2012-12-31,,
akre,1112520,0000919574-13-003515,13F-HR,2013-05-15,2013-03-31,,
akre,1112520,0000919574-13-004202,13F-HR/A,2013-07-29,2013-03-31,NEW HOLDINGS,infotable.xml
akre,1112520,0000919574-13-004807,13F-HR,2013-08-14,2013-06-30,,infotable.xml
akre,1112520,0001112520-13-000017,13F-HR,2013-11-13,2013-09-30,,infotable.xml
akre,1112520,0001112520-14-000003,13F-HR,2014-02-12,2013-12-31,,infotable.xml
akre,1112520,0001112520-14-000011,13F-HR/A,2014-02-14,2013-12-31,RESTATEMENT,infotable.xml
akre,1112520,0001112520-14-000020,13F-HR,2014-05-13,2014-03-31,,infotable.xml
akre,1112520,0001112520-14-000023,13F-HR,2014-08-13,2014-06-30,,infotable.xml
akre,1112520,0001112520-14-000027,13F-HR,2014-11-13,2014-09-30,,infotable.xml
akre,1112520,0001112520-15-000004,13F-HR,2015-02-13,2014-12-31,,infotable.xml
akre,1112520,0001112520-15-000011,13F-HR,2015-05-14,2015-03-31,,infotable.xml
akre,1112520,0001112520-15-000015,13F-HR,2015-08-14,2015-06-30,,infotable.xml
akre,1112520,0001112520-15-000023,13F-HR,2015-11-12,2015-09-30,,infotable.xml
akre,1112520,0001112520-16-000026,13F-HR,2016-02-12,2015-12-31,,infotable.xml
akre,1112520,0001112520-16-000045,13F-HR,2016-05-13,2016-03-31,,infotable.xml
akre,1112520,0001112520-16-000050,13F-HR,2016-08-12,2016-06-30,,infotable.xml
akre,1112520,0001112520-16-000057,13F-HR,2016-11-15,2016-09-30,,infotable.xml
akre,1112520,0001112520-17-000007,13F-HR,2017-02-13,2016-12-31,,infotable.xml
akre,1112520,0001112520-17-000015,13F-HR/A,2017-05-09,2016-12-31,NEW HOLDINGS,infotable.xml
akre,1112520,0001112520-17-000019,13F-HR,2017-05-15,2017-03-31,,infotable.xml
akre,1112520,0001112520-17-000024,13F-HR,2017-08-14,2017-06-30,,infotable.xml
akre,1112520,0001112520-17-000026,13F-HR/A,2017-08-18,2016-06-30,RESTATEMENT,infotable.xml
akre,1112520,0001112520-17-000028,13F-HR/A,2017-08-29,2015-03-31,RESTATEMENT,infotable.xml
akre,1112520,0001112520-17-000030,13F-HR,2017-11-14,2017-09-30,,infotable.xml
akre,1112520,0001112520-18-000007,13F-HR,2018-02-14,2017-12-31,,infotable.xml
akre,1112520,0001112520-18-000013,13F-HR,2018-05-15,2018-03-31,,infotable.xml
akre,1112520,0001112520-18-000015,13F-HR,2018-08-14,2018-06-30,,infotable.xml
akre,1112520,0001112520-18-000020,13F-HR,2018-11-15,2018-09-30,,infotable.xml
akre,1112520,0001112520-19-000005,13F-HR,2019-02-14,2018-12-31,,infotable.xml
akre,1112520,0001112520-19-000015,13F-HR,2019-05-13,2019-03-31,,infotable.xml
akre,1112520,0001112520-19-000017,13F-HR,2019-08-13,2019-06-30,,infotable.xml
akre,1112520,0001112520-19-000024,13F-HR,2019-11-13,2019-09-30,,infotable.xml
akre,1112520,0001112520-20-000010,13F-HR,2020-02-14,2019-12-31,,infotable.xml
akre,1112520,0001112520-20-000016,13F-HR,2020-05-11,2020-03-31,,infotable.xml
akre,1112520,0001112520-20-000022,13F-HR,2020-08-11,2020-06-30,,infotable.xml
akre,1112520,0001112520-20-000024,13F-HR,2020-11-13,2020-09-30,,infotable.xml
akre,1112520,0001112520-21-000003,13F-HR,2021-02-10,2020-12-31,,infotable.xml
akre,1112520,0001112520-21-000012,13F-HR,2021-05-13,2021-03-31,,infotable.xml
akre,1112520,0001112520-21-000016,13F-HR/A,2021-07-09,2021-03-31,RESTATEMENT,infotable.xml
akre,1112520,0001112520-21-000020,13F-HR,2021-08-13,2021-06-30,,infotable.xml
akre,1112520,0001112520-21-000023,13F-HR,2021-11-12,2021-09-30,,infotable.xml
akre,1112520,0001112520-22-000005,13F-HR,2022-02-11,2021-12-31,,infotable.xml
akre,1112520,0001112520-22-000009,13F-HR,2022-05-13,2022-03-31,,infotable.xml
akre,1112520,0001112520-22-000013,13F-HR,2022-08-11,2022-06-30,,infotable.xml
akre,1112520,0001112520-22-000015,13F-HR,2022-11-14,2022-09-30,,infotable.xml
akre,1112520,0001112520-23-000006,13F-HR,2023-02-13,2022-12-31,,infotable.xml
akre,1112520,0001112520-23-000008,13F-HR,2023-05-12,2023-03-31,,infotable.xml
akre,1112520,0001112520-23-000013,13F-HR,2023-08-11,2023-06-30,,infotable.xml
akre,1112520,0001112520-23-000019,13F-HR,2023-11-13,2023-09-30,,infotable.xml
akre,1112520,0001112520-24-000006,13F-HR,2024-02-09,2023-12-31,,infotable.xml
akre,1112520,0001112520-24-000010,13F-HR,2024-05-13,2024-03-31,,infotable.xml
akre,1112520,0001112520-24-000012,13F-HR/A,2024-05-23,2024-03-31,NEW HOLDINGS,infotable.xml
akre,1112520,0001112520-24-000014,13F-HR,2024-08-13,2024-06-30,,infotable.xml
akre,1112520,0001112520-24-000025,13F-HR,2024-11-13,2024-09-30,,infotable.xml
akre,1112520,0001112520-25-000003,13F-HR,2025-02-13,2024-12-31,,infotable.xml
akre,1112520,0001112520-25-000015,13F-HR,2025-05-13,2025-03-31,,infotable.xml
akre,1112520,0001112520-25-000019,13F-HR,2025-08-14,2025-06-30,,infotable.xml
akre,1112520,0001112520-25-000029,13F-HR,2025-11-13,2025-09-30,,infotable.xml
akre,1112520,0001112520-26-000008,13F-HR,2026-02-13,2025-12-31,,infotable.xml
akre,1112520,0001112520-26-000009,13F-HR,2026-05-14,2026-03-31,,infotable.xml
akre,1112520,0001112520-26-000014,13F-HR,2026-08-14,2026-06-30,,infotable.xml
