entity,series_id,class_id,accession,filing_date,period_date,month,rtn_pct
jensen,S000004905,C000013259,0001145549-20-002337,2020-01-27,2019-11-30,2019-09,1.46
jensen,S000004905,C000013259,0001145549-20-002337,2020-01-27,2019-11-30,2019-10,1.3999999999999999
jensen,S000004905,C000013259,0001145549-20-002337,2020-01-27,2019-11-30,2019-11,3.5299999999999998
jensen,S000004905,C000013259,0001145549-20-021901,2020-04-27,2020-02-29,2019-12,3.0800000000000001
jensen,S000004905,C000013259,0001145549-20-021901,2020-04-27,2020-02-29,2020-01,-1.04
jensen,S000004905,C000013259,0001145549-20-021901,2020-04-27,2020-02-29,2020-02,-8.0999999999999996
jensen,S000004905,C000013259,0001145549-20-041874,2020-07-28,2020-05-31,2020-03,-9.0299999999999994
jensen,S000004905,C000013259,0001145549-20-041874,2020-07-28,2020-05-31,2020-04,12.300000000000001
jensen,S000004905,C000013259,0001145549-20-041874,2020-07-28,2020-05-31,2020-05,3.1499999999999999
jensen,S000004905,C000013259,0001145549-20-062506,2020-10-28,2020-08-31,2020-06,1.24
jensen,S000004905,C000013259,0001145549-20-062506,2020-10-28,2020-08-31,2020-07,5.8499999999999996
jensen,S000004905,C000013259,0001145549-20-062506,2020-10-28,2020-08-31,2020-08,5.8300000000000001
jensen,S000004905,C000013259,0001145549-21-003494,2021-01-28,2020-11-30,2020-09,-2.2200000000000002
jensen,S000004905,C000013259,0001145549-21-003494,2021-01-28,2020-11-30,2020-10,-2.3599999999999999
jensen,S000004905,C000013259,0001145549-21-003494,2021-01-28,2020-11-30,2020-11,9.7400000000000002
jensen,S000004905,C000013259,0001145549-21-023316,2021-04-27,2021-02-28,2020-12,3.9500000000000002
jensen,S000004905,C000013259,0001145549-21-023316,2021-04-27,2021-02-28,2021-01,-2.8100000000000001
jensen,S000004905,C000013259,0001145549-21-023316,2021-04-27,2021-02-28,2021-02,0.28000000000000003
jensen,S000004905,C000013259,0001145549-21-041169,2021-07-20,2021-05-31,2021-03,5.4299999999999997
jensen,S000004905,C000013259,0001145549-21-041169,2021-07-20,2021-05-31,2021-04,5.21
jensen,S000004905,C000013259,0001145549-21-041169,2021-07-20,2021-05-31,2021-05,0.33000000000000002
jensen,S000004905,C000013259,0001145549-21-060600,2021-10-22,2021-08-31,2021-06,2.1400000000000001
jensen,S000004905,C000013259,0001145549-21-060600,2021-10-22,2021-08-31,2021-07,5.3799999999999999
jensen,S000004905,C000013259,0001145549-21-060600,2021-10-22,2021-08-31,2021-08,2.2000000000000002
jensen,S000004905,C000013259,0001145549-22-002069,2022-01-24,2021-11-30,2021-09,-5.1900000000000004
jensen,S000004905,C000013259,0001145549-22-002069,2022-01-24,2021-11-30,2021-10,7.2000000000000002
jensen,S000004905,C000013259,0001145549-22-002069,2022-01-24,2021-11-30,2021-11,0.39000000000000001
jensen,S000004905,C000013259,0001145549-22-023312,2022-04-26,2022-02-28,2021-12,6.8399999999999999
jensen,S000004905,C000013259,0001145549-22-023312,2022-04-26,2022-02-28,2022-01,-6.8600000000000003
jensen,S000004905,C000013259,0001145549-22-023312,2022-04-26,2022-02-28,2022-02,-4.1699999999999999
jensen,S000004905,C000013259,0001145549-22-042079,2022-07-11,2022-05-31,2022-03,3.5099999999999998
jensen,S000004905,C000013259,0001145549-22-042079,2022-07-11,2022-05-31,2022-04,-6.3600000000000003
jensen,S000004905,C000013259,0001145549-22-042079,2022-07-11,2022-05-31,2022-05,-0.81000000000000005
jensen,S000004905,C000013259,0001145549-22-062252,2022-10-21,2022-08-31,2022-06,-5.7699999999999996
jensen,S000004905,C000013259,0001145549-22-062252,2022-10-21,2022-08-31,2022-07,7.8700000000000001
jensen,S000004905,C000013259,0001145549-22-062252,2022-10-21,2022-08-31,2022-08,-4.3600000000000003
jensen,S000004905,C000013259,0001145549-23-002646,2023-01-25,2022-11-30,2022-09,-8.2400000000000002
jensen,S000004905,C000013259,0001145549-23-002646,2023-01-25,2022-11-30,2022-10,7.2000000000000002
jensen,S000004905,C000013259,0001145549-23-002646,2023-01-25,2022-11-30,2022-11,6.0599999999999996
jensen,S000004905,C000013259,0001145549-23-023421,2023-04-24,2023-02-28,2022-12,-4.0899999999999999
jensen,S000004905,C000013259,0001145549-23-023421,2023-04-24,2023-02-28,2023-01,2.6499999999999999
jensen,S000004905,C000013259,0001145549-23-023421,2023-04-24,2023-02-28,2023-02,-3.8599999999999999
jensen,S000004905,C000013259,0001145549-23-043556,2023-07-25,2023-05-31,2023-03,5.9500000000000002
jensen,S000004905,C000013259,0001145549-23-043556,2023-07-25,2023-05-31,2023-04,2.2200000000000002
jensen,S000004905,C000013259,0001145549-23-043556,2023-07-25,2023-05-31,2023-05,-1.6100000000000001
jensen,S000004905,C000013259,0001145549-23-063343,2023-10-25,2023-08-31,2023-06,5.21
jensen,S000004905,C000013259,0001145549-23-063343,2023-10-25,2023-08-31,2023-07,1.9199999999999999
jensen,S000004905,C000013259,0001145549-23-063343,2023-10-25,2023-08-31,2023-08,-1.02
jensen,S000004905,C000013259,0001145549-24-003838,2024-01-26,2023-11-30,2023-09,-4.6500000000000004
jensen,S000004905,C000013259,0001145549-24-003838,2024-01-26,2023-11-30,2023-10,-1.45
jensen,S000004905,C000013259,0001145549-24-003838,2024-01-26,2023-11-30,2023-11,8.8499999999999996
jensen,S000004905,C000013259,0001145549-24-024074,2024-04-24,2024-02-29,2023-12,2.1899999999999999
jensen,S000004905,C000013259,0001145549-24-024074,2024-04-24,2024-02-29,2024-01,1.1000000000000001
jensen,S000004905,C000013259,0001145549-24-024074,2024-04-24,2024-02-29,2024-02,2.9100000000000001
jensen,S000004905,C000013259,0001145549-24-046787,2024-07-30,2024-05-31,2024-03,0.19
jensen,S000004905,C000013259,0001145549-24-046787,2024-07-30,2024-05-31,2024-04,-3.6200000000000001
jensen,S000004905,C000013259,0001145549-24-046787,2024-07-30,2024-05-31,2024-05,2.54
jensen,S000004905,C000013259,0001145549-24-064546,2024-10-22,2024-08-31,2024-06,2.46
jensen,S000004905,C000013259,0001145549-24-064546,2024-10-22,2024-08-31,2024-07,2.6800000000000002
jensen,S000004905,C000013259,0001145549-24-064546,2024-10-22,2024-08-31,2024-08,3.25
jensen,S000004905,C000013259,0001145549-25-004588,2025-01-28,2024-11-30,2024-09,0.70999999999999996
jensen,S000004905,C000013259,0001145549-25-004588,2025-01-28,2024-11-30,2024-10,-2.8300000000000001
jensen,S000004905,C000013259,0001145549-25-004588,2025-01-28,2024-11-30,2024-11,4.6200000000000001
jensen,S000004905,C000013259,0001145549-25-046512,2025-07-17,2025-05-31,2025-03,-3.3300000000000001
jensen,S000004905,C000013259,0001145549-25-046512,2025-07-17,2025-05-31,2025-04,-1.1200000000000001
jensen,S000004905,C000013259,0001145549-25-046512,2025-07-17,2025-05-31,2025-05,4
jensen,S000004905,C000013259,0000894189-25-011340,2025-10-15,2025-08-31,2025-06,1.03
jensen,S000004905,C000013259,0000894189-25-011340,2025-10-15,2025-08-31,2025-07,0.070000000000000007
jensen,S000004905,C000013259,0000894189-25-011340,2025-10-15,2025-08-31,2025-08,1.24
jensen,S000004905,C000013259,0000894189-26-001545,2026-01-26,2025-11-30,2025-09,1.6000000000000001
jensen,S000004905,C000013259,0000894189-26-001545,2026-01-26,2025-11-30,2025-10,-1.1599999999999999
jensen,S000004905,C000013259,0000894189-26-001545,2026-01-26,2025-11-30,2025-11,1.1399999999999999
jensen,S000004905,C000013259,0000894189-26-012347,2026-04-21,2026-02-28,2025-12,-0.56999999999999995
jensen,S000004905,C000013259,0000894189-26-012347,2026-04-21,2026-02-28,2026-01,-1.1200000000000001
jensen,S000004905,C000013259,0000894189-26-012347,2026-04-21,2026-02-28,2026-02,-2.1400000000000001
jensen,S000004905,C000013259,0001193125-26-322737,2026-07-29,2026-05-31,2026-03,-7.3899999999999997
jensen,S000004905,C000013259,0001193125-26-322737,2026-07-29,2026-05-31,2026-04,8.2100000000000009
jensen,S000004905,C000013259,0001193125-26-322737,2026-07-29,2026-05-31,2026-05,2.98
jensen,S000004905,C000013260,0001145549-20-002337,2020-01-27,2019-11-30,2019-09,1.48
jensen,S000004905,C000013260,0001145549-20-002337,2020-01-27,2019-11-30,2019-10,1.4199999999999999
jensen,S000004905,C000013260,0001145549-20-002337,2020-01-27,2019-11-30,2019-11,3.5499999999999998
jensen,S000004905,C000013260,0001145549-20-021901,2020-04-27,2020-02-29,2019-12,3.1000000000000001
jensen,S000004905,C000013260,0001145549-20-021901,2020-04-27,2020-02-29,2020-01,-1.02
jensen,S000004905,C000013260,0001145549-20-021901,2020-04-27,2020-02-29,2020-02,-8.0800000000000001
jensen,S000004905,C000013260,0001145549-20-041874,2020-07-28,2020-05-31,2020-03,-9.0099999999999998
jensen,S000004905,C000013260,0001145549-20-041874,2020-07-28,2020-05-31,2020-04,12.32
jensen,S000004905,C000013260,0001145549-20-041874,2020-07-28,2020-05-31,2020-05,3.1499999999999999
jensen,S000004905,C000013260,0001145549-20-062506,2020-10-28,2020-08-31,2020-06,1.27
jensen,S000004905,C000013260,0001145549-20-062506,2020-10-28,2020-08-31,2020-07,5.8700000000000001
jensen,S000004905,C000013260,0001145549-20-062506,2020-10-28,2020-08-31,2020-08,5.8499999999999996
jensen,S000004905,C000013260,0001145549-21-003494,2021-01-28,2020-11-30,2020-09,-2.21
jensen,S000004905,C000013260,0001145549-21-003494,2021-01-28,2020-11-30,2020-10,-2.3500000000000001
jensen,S000004905,C000013260,0001145549-21-003494,2021-01-28,2020-11-30,2020-11,9.7599999999999998
jensen,S000004905,C000013260,0001145549-21-023316,2021-04-27,2021-02-28,2020-12,3.96
jensen,S000004905,C000013260,0001145549-21-023316,2021-04-27,2021-02-28,2021-01,-2.7999999999999998
jensen,S000004905,C000013260,0001145549-21-023316,2021-04-27,2021-02-28,2021-02,0.29999999999999999
jensen,S000004905,C000013260,0001145549-21-041169,2021-07-20,2021-05-31,2021-03,5.4500000000000002
jensen,S000004905,C000013260,0001145549-21-041169,2021-07-20,2021-05-31,2021-04,5.1900000000000004
jensen,S000004905,C000013260,0001145549-21-041169,2021-07-20,2021-05-31,2021-05,0.37
jensen,S000004905,C000013260,0001145549-21-060600,2021-10-22,2021-08-31,2021-06,2.1600000000000001
jensen,S000004905,C000013260,0001145549-21-060600,2021-10-22,2021-08-31,2021-07,5.4100000000000001
jensen,S000004905,C000013260,0001145549-21-060600,2021-10-22,2021-08-31,2021-08,2.2000000000000002
jensen,S000004905,C000013260,0001145549-22-002069,2022-01-24,2021-11-30,2021-09,-5.1699999999999999
jensen,S000004905,C000013260,0001145549-22-002069,2022-01-24,2021-11-30,2021-10,7.2199999999999998
jensen,S000004905,C000013260,0001145549-22-002069,2022-01-24,2021-11-30,2021-11,0.41999999999999998
jensen,S000004905,C000013260,0001145549-22-023312,2022-04-26,2022-02-28,2021-12,6.8499999999999996
jensen,S000004905,C000013260,0001145549-22-023312,2022-04-26,2022-02-28,2022-01,-6.8300000000000001
jensen,S000004905,C000013260,0001145549-22-023312,2022-04-26,2022-02-28,2022-02,-4.1699999999999999
jensen,S000004905,C000013260,0001145549-22-042079,2022-07-11,2022-05-31,2022-03,3.54
jensen,S000004905,C000013260,0001145549-22-042079,2022-07-11,2022-05-31,2022-04,-6.3499999999999996
jensen,S000004905,C000013260,0001145549-22-042079,2022-07-11,2022-05-31,2022-05,-0.79000000000000004
jensen,S000004905,C000013260,0001145549-22-062252,2022-10-21,2022-08-31,2022-06,-5.7599999999999998
jensen,S000004905,C000013260,0001145549-22-062252,2022-10-21,2022-08-31,2022-07,7.9000000000000004
jensen,S000004905,C000013260,0001145549-22-062252,2022-10-21,2022-08-31,2022-08,-4.3499999999999996
jensen,S000004905,C000013260,0001145549-23-002646,2023-01-25,2022-11-30,2022-09,-8.2200000000000006
jensen,S000004905,C000013260,0001145549-23-002646,2023-01-25,2022-11-30,2022-10,7.21
jensen,S000004905,C000013260,0001145549-23-002646,2023-01-25,2022-11-30,2022-11,6.0899999999999999
jensen,S000004905,C000013260,0001145549-23-023421,2023-04-24,2023-02-28,2022-12,-4.0599999999999996
jensen,S000004905,C000013260,0001145549-23-023421,2023-04-24,2023-02-28,2023-01,2.6699999999999999
jensen,S000004905,C000013260,0001145549-23-023421,2023-04-24,2023-02-28,2023-02,-3.8500000000000001
jensen,S000004905,C000013260,0001145549-23-043556,2023-07-25,2023-05-31,2023-03,5.9500000000000002
jensen,S000004905,C000013260,0001145549-23-043556,2023-07-25,2023-05-31,2023-04,2.2400000000000002
jensen,S000004905,C000013260,0001145549-23-043556,2023-07-25,2023-05-31,2023-05,-1.5800000000000001
jensen,S000004905,C000013260,0001145549-23-063343,2023-10-25,2023-08-31,2023-06,5.2199999999999998
jensen,S000004905,C000013260,0001145549-23-063343,2023-10-25,2023-08-31,2023-07,1.9399999999999999
jensen,S000004905,C000013260,0001145549-23-063343,2023-10-25,2023-08-31,2023-08,-0.98999999999999999
jensen,S000004905,C000013260,0001145549-24-003838,2024-01-26,2023-11-30,2023-09,-4.6399999999999997
jensen,S000004905,C000013260,0001145549-24-003838,2024-01-26,2023-11-30,2023-10,-1.4399999999999999
jensen,S000004905,C000013260,0001145549-24-003838,2024-01-26,2023-11-30,2023-11,8.8599999999999994
jensen,S000004905,C000013260,0001145549-24-024074,2024-04-24,2024-02-29,2023-12,2.2200000000000002
jensen,S000004905,C000013260,0001145549-24-024074,2024-04-24,2024-02-29,2024-01,1.1000000000000001
jensen,S000004905,C000013260,0001145549-24-024074,2024-04-24,2024-02-29,2024-02,2.9500000000000002
jensen,S000004905,C000013260,0001145549-24-046787,2024-07-30,2024-05-31,2024-03,0.20999999999999999
jensen,S000004905,C000013260,0001145549-24-046787,2024-07-30,2024-05-31,2024-04,-3.6099999999999999
jensen,S000004905,C000013260,0001145549-24-046787,2024-07-30,2024-05-31,2024-05,2.5600000000000001
jensen,S000004905,C000013260,0001145549-24-064546,2024-10-22,2024-08-31,2024-06,2.4700000000000002
jensen,S000004905,C000013260,0001145549-24-064546,2024-10-22,2024-08-31,2024-07,2.7000000000000002
jensen,S000004905,C000013260,0001145549-24-064546,2024-10-22,2024-08-31,2024-08,3.27
jensen,S000004905,C000013260,0001145549-25-004588,2025-01-28,2024-11-30,2024-09,0.72999999999999998
jensen,S000004905,C000013260,0001145549-25-004588,2025-01-28,2024-11-30,2024-10,-2.8199999999999998
jensen,S000004905,C000013260,0001145549-25-004588,2025-01-28,2024-11-30,2024-11,4.6500000000000004
jensen,S000004905,C000013260,0001145549-25-046512,2025-07-17,2025-05-31,2025-03,-3.3100000000000001
jensen,S000004905,C000013260,0001145549-25-046512,2025-07-17,2025-05-31,2025-04,-1.1000000000000001
jensen,S000004905,C000013260,0001145549-25-046512,2025-07-17,2025-05-31,2025-05,4.0099999999999998
jensen,S000004905,C000013260,0000894189-25-011340,2025-10-15,2025-08-31,2025-06,1.0700000000000001
jensen,S000004905,C000013260,0000894189-25-011340,2025-10-15,2025-08-31,2025-07,0.080000000000000002
jensen,S000004905,C000013260,0000894189-25-011340,2025-10-15,2025-08-31,2025-08,1.26
jensen,S000004905,C000013260,0000894189-26-001545,2026-01-26,2025-11-30,2025-09,1.6100000000000001
jensen,S000004905,C000013260,0000894189-26-001545,2026-01-26,2025-11-30,2025-10,-1.1299999999999999
jensen,S000004905,C000013260,0000894189-26-001545,2026-01-26,2025-11-30,2025-11,1.1499999999999999
jensen,S000004905,C000013260,0000894189-26-012347,2026-04-21,2026-02-28,2025-12,-0.55000000000000004
jensen,S000004905,C000013260,0000894189-26-012347,2026-04-21,2026-02-28,2026-01,-1.1000000000000001
jensen,S000004905,C000013260,0000894189-26-012347,2026-04-21,2026-02-28,2026-02,-2.1299999999999999
jensen,S000004905,C000013260,0001193125-26-322737,2026-07-29,2026-05-31,2026-03,-7.3600000000000003
jensen,S000004905,C000013260,0001193125-26-322737,2026-07-29,2026-05-31,2026-04,8.2300000000000004
jensen,S000004905,C000013260,0001193125-26-322737,2026-07-29,2026-05-31,2026-05,3.0099999999999998
jensen,S000004905,C000013261,0001145549-20-002337,2020-01-27,2019-11-30,2019-09,1.4399999999999999
jensen,S000004905,C000013261,0001145549-20-002337,2020-01-27,2019-11-30,2019-10,1.3500000000000001
jensen,S000004905,C000013261,0001145549-20-002337,2020-01-27,2019-11-30,2019-11,3.5099999999999998
jensen,S000004905,C000013261,0001145549-20-021901,2020-04-27,2020-02-29,2019-12,3.0499999999999998
jensen,S000004905,C000013261,0001145549-20-021901,2020-04-27,2020-02-29,2020-01,-1.0900000000000001
jensen,S000004905,C000013261,0001145549-20-021901,2020-04-27,2020-02-29,2020-02,-8.1199999999999992
jensen,S000004905,C000013261,0001145549-20-041874,2020-07-28,2020-05-31,2020-03,-9.0800000000000001
jensen,S000004905,C000013261,0001145549-20-041874,2020-07-28,2020-05-31,2020-04,12.24
jensen,S000004905,C000013261,0001145549-20-041874,2020-07-28,2020-05-31,2020-05,3.1000000000000001
jensen,S000004905,C000013261,0001145549-20-062506,2020-10-28,2020-08-31,2020-06,1.21
jensen,S000004905,C000013261,0001145549-20-062506,2020-10-28,2020-08-31,2020-07,5.79
jensen,S000004905,C000013261,0001145549-20-062506,2020-10-28,2020-08-31,2020-08,5.7999999999999998
jensen,S000004905,C000013261,0001145549-21-003494,2021-01-28,2020-11-30,2020-09,-2.27
jensen,S000004905,C000013261,0001145549-21-003494,2021-01-28,2020-11-30,2020-10,-2.3900000000000001
jensen,S000004905,C000013261,0001145549-21-003494,2021-01-28,2020-11-30,2020-11,9.6999999999999993
jensen,S000004905,C000013261,0001145549-21-023316,2021-04-27,2021-02-28,2020-12,3.9100000000000001
jensen,S000004905,C000013261,0001145549-21-023316,2021-04-27,2021-02-28,2021-01,-2.8500000000000001
jensen,S000004905,C000013261,0001145549-21-023316,2021-04-27,2021-02-28,2021-02,0.26000000000000001
jensen,S000004905,C000013261,0001145549-21-041169,2021-07-20,2021-05-31,2021-03,5.3799999999999999
jensen,S000004905,C000013261,0001145549-21-041169,2021-07-20,2021-05-31,2021-04,5.1600000000000001
jensen,S000004905,C000013261,0001145549-21-041169,2021-07-20,2021-05-31,2021-05,0.29999999999999999
jensen,S000004905,C000013261,0001145549-21-060600,2021-10-22,2021-08-31,2021-06,2.1000000000000001
jensen,S000004905,C000013261,0001145549-21-060600,2021-10-22,2021-08-31,2021-07,5.3399999999999999
jensen,S000004905,C000013261,0001145549-21-060600,2021-10-22,2021-08-31,2021-08,2.1699999999999999
jensen,S000004905,C000013261,0001145549-22-002069,2022-01-24,2021-11-30,2021-09,-5.2199999999999998
jensen,S000004905,C000013261,0001145549-22-002069,2022-01-24,2021-11-30,2021-10,7.1600000000000001
jensen,S000004905,C000013261,0001145549-22-002069,2022-01-24,2021-11-30,2021-11,0.35999999999999999
jensen,S000004905,C000013261,0001145549-22-023312,2022-04-26,2022-02-28,2021-12,6.79
jensen,S000004905,C000013261,0001145549-22-023312,2022-04-26,2022-02-28,2022-01,-6.8799999999999999
jensen,S000004905,C000013261,0001145549-22-023312,2022-04-26,2022-02-28,2022-02,-4.2199999999999998
jensen,S000004905,C000013261,0001145549-22-042079,2022-07-11,2022-05-31,2022-03,3.4900000000000002
jensen,S000004905,C000013261,0001145549-22-042079,2022-07-11,2022-05-31,2022-04,-6.4100000000000001
jensen,S000004905,C000013261,0001145549-22-042079,2022-07-11,2022-05-31,2022-05,-0.84999999999999998
jensen,S000004905,C000013261,0001145549-22-062252,2022-10-21,2022-08-31,2022-06,-5.8099999999999996
jensen,S000004905,C000013261,0001145549-22-062252,2022-10-21,2022-08-31,2022-07,7.8399999999999999
jensen,S000004905,C000013261,0001145549-22-062252,2022-10-21,2022-08-31,2022-08,-4.4100000000000001
jensen,S000004905,C000013261,0001145549-23-002646,2023-01-25,2022-11-30,2022-09,-8.2599999999999998
jensen,S000004905,C000013261,0001145549-23-002646,2023-01-25,2022-11-30,2022-10,7.1399999999999997
jensen,S000004905,C000013261,0001145549-23-002646,2023-01-25,2022-11-30,2022-11,6.04
jensen,S000004905,C000013261,0001145549-23-023421,2023-04-24,2023-02-28,2022-12,-4.1200000000000001
jensen,S000004905,C000013261,0001145549-23-023421,2023-04-24,2023-02-28,2023-01,2.6099999999999999
jensen,S000004905,C000013261,0001145549-23-023421,2023-04-24,2023-02-28,2023-02,-3.8999999999999999
jensen,S000004905,C000013261,0001145549-23-043556,2023-07-25,2023-05-31,2023-03,5.9100000000000001
jensen,S000004905,C000013261,0001145549-23-043556,2023-07-25,2023-05-31,2023-04,2.1800000000000002
jensen,S000004905,C000013261,0001145549-23-043556,2023-07-25,2023-05-31,2023-05,-1.6499999999999999
jensen,S000004905,C000013261,0001145549-23-063343,2023-10-25,2023-08-31,2023-06,5.1600000000000001
jensen,S000004905,C000013261,0001145549-23-063343,2023-10-25,2023-08-31,2023-07,1.8799999999999999
jensen,S000004905,C000013261,0001145549-23-063343,2023-10-25,2023-08-31,2023-08,-1.0800000000000001
jensen,S000004905,C000013261,0001145549-24-003838,2024-01-26,2023-11-30,2023-09,-4.6900000000000004
jensen,S000004905,C000013261,0001145549-24-003838,2024-01-26,2023-11-30,2023-10,-1.51
jensen,S000004905,C000013261,0001145549-24-003838,2024-01-26,2023-11-30,2023-11,8.7899999999999991
jensen,S000004905,C000013261,0001145549-24-024074,2024-04-24,2024-02-29,2023-12,2.1499999999999999
jensen,S000004905,C000013261,0001145549-24-024074,2024-04-24,2024-02-29,2024-01,1.05
jensen,S000004905,C000013261,0001145549-24-024074,2024-04-24,2024-02-29,2024-02,2.8700000000000001
jensen,S000004905,C000013261,0001145549-24-046787,2024-07-30,2024-05-31,2024-03,0.14999999999999999
jensen,S000004905,C000013261,0001145549-24-046787,2024-07-30,2024-05-31,2024-04,-3.6699999999999999
jensen,S000004905,C000013261,0001145549-24-046787,2024-07-30,2024-05-31,2024-05,2.5099999999999998
jensen,S000004905,C000013261,0001145549-24-064546,2024-10-22,2024-08-31,2024-06,2.4100000000000001
jensen,S000004905,C000013261,0001145549-24-064546,2024-10-22,2024-08-31,2024-07,2.6600000000000001
jensen,S000004905,C000013261,0001145549-24-064546,2024-10-22,2024-08-31,2024-08,3.21
jensen,S000004905,C000013261,0001145549-25-004588,2025-01-28,2024-11-30,2024-09,0.68999999999999995
jensen,S000004905,C000013261,0001145549-25-004588,2025-01-28,2024-11-30,2024-10,-2.8799999999999999
jensen,S000004905,C000013261,0001145549-25-004588,2025-01-28,2024-11-30,2024-11,4.5899999999999999
jensen,S000004905,C000013261,0001145549-25-046512,2025-07-17,2025-05-31,2025-03,-3.3700000000000001
jensen,S000004905,C000013261,0001145549-25-046512,2025-07-17,2025-05-31,2025-04,-1.1599999999999999
jensen,S000004905,C000013261,0001145549-25-046512,2025-07-17,2025-05-31,2025-05,3.96
jensen,S000004905,C000013261,0000894189-25-011340,2025-10-15,2025-08-31,2025-06,0.87
jensen,S000004905,C000013261,0000894189-25-011340,2025-10-15,2025-08-31,2025-07,0.02
jensen,S000004905,C000013261,0000894189-25-011340,2025-10-15,2025-08-31,2025-08,1.2
jensen,S000004905,C000013261,0000894189-26-001545,2026-01-26,2025-11-30,2025-09,1.54
jensen,S000004905,C000013261,0000894189-26-001545,2026-01-26,2025-11-30,2025-10,-1.22
jensen,S000004905,C000013261,0000894189-26-001545,2026-01-26,2025-11-30,2025-11,1.0900000000000001
jensen,S000004905,C000013261,0000894189-26-012347,2026-04-21,2026-02-28,2025-12,-0.62
jensen,S000004905,C000013261,0000894189-26-012347,2026-04-21,2026-02-28,2026-01,-1.1799999999999999
jensen,S000004905,C000013261,0000894189-26-012347,2026-04-21,2026-02-28,2026-02,-2.2000000000000002
jensen,S000004905,C000013261,0001193125-26-322737,2026-07-29,2026-05-31,2026-03,-7.4299999999999997
jensen,S000004905,C000013261,0001193125-26-322737,2026-07-29,2026-05-31,2026-04,8.0999999999999996
jensen,S000004905,C000013261,0001193125-26-322737,2026-07-29,2026-05-31,2026-05,2.9399999999999999
jensen,S000004905,C000175790,0001145549-20-002337,2020-01-27,2019-11-30,2019-09,1.5
jensen,S000004905,C000175790,0001145549-20-002337,2020-01-27,2019-11-30,2019-10,1.4199999999999999
jensen,S000004905,C000175790,0001145549-20-002337,2020-01-27,2019-11-30,2019-11,3.5499999999999998
jensen,S000004905,C000175790,0001145549-20-021901,2020-04-27,2020-02-29,2019-12,3.1200000000000001
jensen,S000004905,C000175790,0001145549-20-021901,2020-04-27,2020-02-29,2020-01,-1.02
jensen,S000004905,C000175790,0001145549-20-021901,2020-04-27,2020-02-29,2020-02,-8.0600000000000005
jensen,S000004905,C000175790,0001145549-20-041874,2020-07-28,2020-05-31,2020-03,-9.0099999999999998
jensen,S000004905,C000175790,0001145549-20-041874,2020-07-28,2020-05-31,2020-04,12.32
jensen,S000004905,C000175790,0001145549-20-041874,2020-07-28,2020-05-31,2020-05,3.1699999999999999
jensen,S000004905,C000175790,0001145549-20-062506,2020-10-28,2020-08-31,2020-06,1.27
jensen,S000004905,C000175790,0001145549-20-062506,2020-10-28,2020-08-31,2020-07,5.8700000000000001
jensen,S000004905,C000175790,0001145549-20-062506,2020-10-28,2020-08-31,2020-08,5.8700000000000001
jensen,S000004905,C000175790,0001145549-21-003494,2021-01-28,2020-11-30,2020-09,-2.21
jensen,S000004905,C000175790,0001145549-21-003494,2021-01-28,2020-11-30,2020-10,-2.3500000000000001
jensen,S000004905,C000175790,0001145549-21-003494,2021-01-28,2020-11-30,2020-11,9.7699999999999996
jensen,S000004905,C000175790,0001145549-21-023316,2021-04-27,2021-02-28,2020-12,3.9900000000000002
jensen,S000004905,C000175790,0001145549-21-023316,2021-04-27,2021-02-28,2021-01,-2.7799999999999998
jensen,S000004905,C000175790,0001145549-21-023316,2021-04-27,2021-02-28,2021-02,0.29999999999999999
jensen,S000004905,C000175790,0001145549-21-041169,2021-07-20,2021-05-31,2021-03,5.4500000000000002
jensen,S000004905,C000175790,0001145549-21-041169,2021-07-20,2021-05-31,2021-04,5.21
jensen,S000004905,C000175790,0001145549-21-041169,2021-07-20,2021-05-31,2021-05,0.37
jensen,S000004905,C000175790,0001145549-21-060600,2021-10-22,2021-08-31,2021-06,2.1699999999999999
jensen,S000004905,C000175790,0001145549-21-060600,2021-10-22,2021-08-31,2021-07,5.4000000000000004
jensen,S000004905,C000175790,0001145549-21-060600,2021-10-22,2021-08-31,2021-08,2.2200000000000002
jensen,S000004905,C000175790,0001145549-22-002069,2022-01-24,2021-11-30,2021-09,-5.1600000000000001
jensen,S000004905,C000175790,0001145549-22-002069,2022-01-24,2021-11-30,2021-10,7.2400000000000002
jensen,S000004905,C000175790,0001145549-22-002069,2022-01-24,2021-11-30,2021-11,0.41999999999999998
jensen,S000004905,C000175790,0001145549-22-023312,2022-04-26,2022-02-28,2021-12,6.8600000000000003
jensen,S000004905,C000175790,0001145549-22-023312,2022-04-26,2022-02-28,2022-01,-6.8300000000000001
jensen,S000004905,C000175790,0001145549-22-023312,2022-04-26,2022-02-28,2022-02,-4.1500000000000004
jensen,S000004905,C000175790,0001145549-22-042079,2022-07-11,2022-05-31,2022-03,3.5499999999999998
jensen,S000004905,C000175790,0001145549-22-042079,2022-07-11,2022-05-31,2022-04,-6.3499999999999996
jensen,S000004905,C000175790,0001145549-22-042079,2022-07-11,2022-05-31,2022-05,-0.77000000000000002
jensen,S000004905,C000175790,0001145549-22-062252,2022-10-21,2022-08-31,2022-06,-5.75
jensen,S000004905,C000175790,0001145549-22-062252,2022-10-21,2022-08-31,2022-07,7.9000000000000004
jensen,S000004905,C000175790,0001145549-22-062252,2022-10-21,2022-08-31,2022-08,-4.3300000000000001
jensen,S000004905,C000175790,0001145549-23-002646,2023-01-25,2022-11-30,2022-09,-8.2200000000000006
jensen,S000004905,C000175790,0001145549-23-002646,2023-01-25,2022-11-30,2022-10,7.2300000000000004
jensen,S000004905,C000175790,0001145549-23-002646,2023-01-25,2022-11-30,2022-11,6.0899999999999999
jensen,S000004905,C000175790,0001145549-23-023421,2023-04-24,2023-02-28,2022-12,-4.0499999999999998
jensen,S000004905,C000175790,0001145549-23-023421,2023-04-24,2023-02-28,2023-01,2.6699999999999999
jensen,S000004905,C000175790,0001145549-23-023421,2023-04-24,2023-02-28,2023-02,-3.8500000000000001
jensen,S000004905,C000175790,0001145549-23-043556,2023-07-25,2023-05-31,2023-03,5.9800000000000004
jensen,S000004905,C000175790,0001145549-23-043556,2023-07-25,2023-05-31,2023-04,2.25
jensen,S000004905,C000175790,0001145549-23-043556,2023-07-25,2023-05-31,2023-05,-1.5800000000000001
jensen,S000004905,C000175790,0001145549-23-063343,2023-10-25,2023-08-31,2023-06,5.2300000000000004
jensen,S000004905,C000175790,0001145549-23-063343,2023-10-25,2023-08-31,2023-07,1.96
jensen,S000004905,C000175790,0001145549-23-063343,2023-10-25,2023-08-31,2023-08,-1.01
jensen,S000004905,C000175790,0001145549-24-003838,2024-01-26,2023-11-30,2023-09,-4.6200000000000001
jensen,S000004905,C000175790,0001145549-24-003838,2024-01-26,2023-11-30,2023-10,-1.4399999999999999
jensen,S000004905,C000175790,0001145549-24-003838,2024-01-26,2023-11-30,2023-11,8.8800000000000008
jensen,S000004905,C000175790,0001145549-24-024074,2024-04-24,2024-02-29,2023-12,2.21
jensen,S000004905,C000175790,0001145549-24-024074,2024-04-24,2024-02-29,2024-01,1.1200000000000001
jensen,S000004905,C000175790,0001145549-24-024074,2024-04-24,2024-02-29,2024-02,2.9500000000000002
jensen,S000004905,C000175790,0001145549-24-046787,2024-07-30,2024-05-31,2024-03,0.22
jensen,S000004905,C000175790,0001145549-24-046787,2024-07-30,2024-05-31,2024-04,-3.6099999999999999
jensen,S000004905,C000175790,0001145549-24-046787,2024-07-30,2024-05-31,2024-05,2.5800000000000001
jensen,S000004905,C000175790,0001145549-24-064546,2024-10-22,2024-08-31,2024-06,2.48
jensen,S000004905,C000175790,0001145549-24-064546,2024-10-22,2024-08-31,2024-07,2.7200000000000002
jensen,S000004905,C000175790,0001145549-24-064546,2024-10-22,2024-08-31,2024-08,3.27
jensen,S000004905,C000175790,0001145549-25-004588,2025-01-28,2024-11-30,2024-09,0.73999999999999999
jensen,S000004905,C000175790,0001145549-25-004588,2025-01-28,2024-11-30,2024-10,-2.8100000000000001
jensen,S000004905,C000175790,0001145549-25-004588,2025-01-28,2024-11-30,2024-11,4.6399999999999997
jensen,S000004905,C000175790,0001145549-25-046512,2025-07-17,2025-05-31,2025-03,-3.3100000000000001
jensen,S000004905,C000175790,0001145549-25-046512,2025-07-17,2025-05-31,2025-04,-1.0800000000000001
jensen,S000004905,C000175790,0001145549-25-046512,2025-07-17,2025-05-31,2025-05,4.0099999999999998
jensen,S000004905,C000175790,0000894189-25-011340,2025-10-15,2025-08-31,2025-06,1.0800000000000001
jensen,S000004905,C000175790,0000894189-25-011340,2025-10-15,2025-08-31,2025-07,0.080000000000000002
jensen,S000004905,C000175790,0000894189-25-011340,2025-10-15,2025-08-31,2025-08,1.28
jensen,S000004905,C000175790,0000894189-26-001545,2026-01-26,2025-11-30,2025-09,1.6000000000000001
jensen,S000004905,C000175790,0000894189-26-001545,2026-01-26,2025-11-30,2025-10,-1.1299999999999999
jensen,S000004905,C000175790,0000894189-26-001545,2026-01-26,2025-11-30,2025-11,1.1599999999999999
jensen,S000004905,C000175790,0000894189-26-012347,2026-04-21,2026-02-28,2025-12,-0.52000000000000002
jensen,S000004905,C000175790,0000894189-26-012347,2026-04-21,2026-02-28,2026-01,-1.1200000000000001
jensen,S000004905,C000175790,0000894189-26-012347,2026-04-21,2026-02-28,2026-02,-2.1299999999999999
jensen,S000004905,C000175790,0001193125-26-322737,2026-07-29,2026-05-31,2026-03,-7.3499999999999996
jensen,S000004905,C000175790,0001193125-26-322737,2026-07-29,2026-05-31,2026-04,8.2400000000000002
jensen,S000004905,C000175790,0001193125-26-322737,2026-07-29,2026-05-31,2026-05,2.9900000000000002
