sec_id,cik,submissions_name,note_name,match
03662Q105,1013462,ANSYS INC,ANSYS,True
25401T108,1679688,"DigitalBridge Group, Inc.",DigitalBridge,True
19626G108,1679688,"DigitalBridge Group, Inc.",DigitalBridge,True
74165N105,884713,Primo Water Corp /CN/,Primo Water,True
74167P108,884713,Primo Water Corp /CN/,Primo Water,True
IE00BY9D5467,1578845,Allergan plc,Allergan,True
755111507,1047122,RAYTHEON CO/,Raytheon,True
00507V109,718877,"Activision Blizzard, Inc.",Activision Blizzard,True
90184L102,1418091,"TWITTER, INC.",Twitter,True
983919101,743988,XILINX INC,Xilinx,True
848637104,1353283,SPLUNK INC,Splunk,True
285512109,712515,ELECTRONIC ARTS INC.,Electronic Arts,True
723787107,1038357,PIONEER NATURAL RESOURCES CO,Pioneer Natural Resources,True
928563402,1124610,VMWARE LLC,VMware,True
156782104,804753,CERNER Corp,Cerner,True
812578102,1060736,Seagen Inc.,Seagen,True
81181C104,1060736,Seagen Inc.,Seagen,True
G46188101,1492426,Horizon Therapeutics Public Ltd Co,Horizon Therapeutics,True
IE00BQPVQZ61,1492426,Horizon Therapeutics Public Ltd Co,Horizon Therapeutics,True
BMG475671050,1598014,IHS Markit Ltd.,IHS Markit,True
22266L106,1385867,Coupa Software Inc,Coupa Software,True
867914103,750556,SUNTRUST BANKS INC,SunTrust Banks,True
053484101,915912,AVALONBAY COMMUNITIES INC,AvalonBay Communities,True
177376100,877890,CITRIX SYSTEMS INC,Citrix Systems,True
254709108,1393612,Discover Financial Services,Discover Financial Services,True
78486Q101,719739,SVB FINANCIAL GROUP,SVB Financial Group,True
94946T106,1279363,"WELLCARE HEALTH PLANS, INC.",WellCare Health Plans,True
30063P105,1124140,EXACT SCIENCES CORP,Exact Sciences,True
98936J101,1463172,"Zendesk, Inc.",Zendesk,True
