cik,name,sic,sic_description
1750,AAR CORP,3720,Aircraft & Parts
1800,ABBOTT LABORATORIES,2834,Pharmaceutical Preparations
2488,ADVANCED MICRO DEVICES INC,3674,Semiconductors & Related Devices
2969,"Air Products & Chemicals, Inc.",2810,Industrial Inorganic Chemicals
3197,CECO ENVIRONMENTAL CORP,3564,Industrial & Commercial Fans & Blowers & Air Purifing Equip
3570,"Cheniere Energy, Inc.",4924,Natural Gas Distribution
4127,"SKYWORKS SOLUTIONS, INC.",3674,Semiconductors & Related Devices
4281,Howmet Aerospace Inc.,3350,Rolling Drawing & Extruding of  Nonferrous Metals
4457,U-Haul Holding Co /NV/,7510,Services-Auto Rental & Leasing (No Drivers)
4904,AMERICAN ELECTRIC POWER CO INC,4911,Electric Services
4962,AMERICAN EXPRESS CO,6199,Finance Services
4977,AFLAC INC,6321,Accident & Health Insurance
5272,"AMERICAN INTERNATIONAL GROUP, INC.",6331,"Fire, Marine & Casualty Insurance"
5513,Unum Group,6321,Accident & Health Insurance
6201,American Airlines Group Inc.,4512,"Air Transportation, Scheduled"
6281,ANALOG DEVICES INC,3674,Semiconductors & Related Devices
6951,APPLIED MATERIALS INC /DE,3674,Semiconductors & Related Devices
7084,Archer-Daniels-Midland Co,2070,Fats & Oils
7431,ARMSTRONG WORLD INDUSTRIES INC,3089,"Plastics Products, NEC"
7536,"ARROW ELECTRONICS, INC.",5065,"Wholesale-Electronic Parts & Equipment, NEC"
8063,ASTRONICS CORP,3728,"Aircraft Parts & Auxiliary Equipment, NEC"
8670,AUTOMATIC DATA PROCESSING INC,7374,Services-Computer Processing & Data Preparation
8818,Avery Dennison Corp,2670,Converted Paper & Paperboard Prods (No Contaners/Boxes)
8947,AZZ INC,3470,"Coating, Engraving & Allied Services"
9389,BALL Corp,3411,Metal Cans
10456,BAXTER INTERNATIONAL INC,3841,Surgical & Medical Instruments & Apparatus
10795,BECTON DICKINSON & CO,3841,Surgical & Medical Instruments & Apparatus
11544,BERKLEY W R CORP,6331,"Fire, Marine & Casualty Insurance"
12208,"BIO-RAD LABORATORIES, INC.",3826,Laboratory Analytical Instruments
12659,H&R BLOCK INC,7200,Services-Personal Services
12927,BOEING CO,3721,Aircraft
14272,BRISTOL MYERS SQUIBB CO,2834,Pharmaceutical Preparations
14693,BROWN FORMAN CORP,2080,Beverages
14930,BRUNSWICK CORP,3510,Engines & Turbines
15615,MASTEC INC,1623,"Water, Sewer, Pipeline, Comm & Power Line Construction"
16058,CACI INTERNATIONAL INC /DE/,7373,Services-Computer Integrated Systems Design
16732,CAMPBELL'S Co,2000,Food and Kindred Products
16918,"CONSTELLATION BRANDS, INC.",2080,Beverages
17843,CARPENTER TECHNOLOGY CORP,3312,"Steel Works, Blast Furnaces & Rolling Mills (Coke Ovens)"
18230,CATERPILLAR INC,3531,Construction Machinery & Equip
18926,"Lumen Technologies, Inc.",4813,Telephone Communications (No Radiotelephone)
19584,CHEMED CORP,8082,Services-Home Health Care Services
19617,JPMORGAN CHASE & CO,6021,National Commercial Banks
20212,Churchill Downs Inc,7948,"Services-Racing, Including Track Operation"
20286,CINCINNATI FINANCIAL CORP,6331,"Fire, Marine & Casualty Insurance"
21076,CLOROX CO /DE/,2842,"Specialty Cleaning, Polishing and Sanitation Preparations"
21344,COCA COLA CO,2080,Beverages
21665,COLGATE PALMOLIVE CO,2844,"Perfumes, Cosmetics & Other Toilet Preparations"
23217,CONAGRA BRANDS INC.,2000,Food and Kindred Products
24545,MOLSON COORS BEVERAGE CO,2082,Malt Beverages
24741,CORNING INC /NY,3357,Drawing & Insulating of  Nonferrous Wire
26172,CUMMINS INC,3510,Engines & Turbines
26324,CURTISS WRIGHT CORP,3590,Misc Industrial & Commercial Machinery & Equipment
27419,TARGET CORP,5331,Retail-Variety Stores
27904,"DELTA AIR LINES, INC.",4512,"Air Transportation, Scheduled"
27996,DELUXE CORP,2780,"Blankbooks, Looseleaf Binders & Bookbindg & Relatd Work"
29534,DOLLAR GENERAL CORP,5331,Retail-Variety Stores
29644,DONALDSON Co INC,3564,Industrial & Commercial Fans & Blowers & Air Purifing Equip
29905,DOVER Corp,3530,"Construction, Mining & Materials Handling Machinery & Equip"
29989,OMNICOM GROUP INC.,7311,Services-Advertising Agencies
30625,FLOWSERVE CORP,3561,Pumps & Pumping Equipment
30697,Wendy's Co,5810,Retail-Eating & Drinking Places
31462,ECOLAB INC.,2840,"Soap, Detergents, Cleang Preparations, Perfumes, Cosmetics"
31791,"REVVITY, INC.",3826,Laboratory Analytical Instruments
32604,EMERSON ELECTRIC CO,3600,Electronic & Other Electrical Equipment (No Computer Equip)
33185,EQUIFAX INC,7320,"Services-Consumer Credit Reporting, Collection Agencies"
33213,EQT Corp,1311,Crude Petroleum & Natural Gas
34903,FEDERAL REALTY INVESTMENT TRUST,6798,Real Estate Investment Trusts
35527,FIFTH THIRD BANCORP,6022,State Commercial Banks
36104,US BANCORP \DE\,6021,National Commercial Banks
36270,M&T BANK CORP,6022,State Commercial Banks
37785,FMC CORP,2800,Chemicals & Allied Products
37996,FORD MOTOR CO,3711,Motor Vehicles & Passenger Car Bodies
38777,FRANKLIN TEMPLETON INC,6282,Investment Advice
39911,GAP INC,5651,Retail-Family Clothing Stores
40533,GENERAL DYNAMICS CORP,3730,Ship & Boat Building & Repairing
40545,GENERAL ELECTRIC CO,3600,Electronic & Other Electrical Equipment (No Computer Equip)
40704,GENERAL MILLS INC,2040,Grain Mill Products
40729,Ally Financial Inc.,6022,State Commercial Banks
40987,GENUINE PARTS CO,5013,Wholesale-Motor Vehicle Supplies & New Parts
42888,GRACO INC,3561,Pumps & Pumping Equipment
45012,HALLIBURTON CO,1389,"Oil & Gas Field Services, NEC"
46080,"HASBRO, INC.",3944,"Games, Toys & Children's Vehicles (No Dolls & Bicycles)"
46619,HEICO CORP,3724,Aircraft Engines & Engine Parts
46765,"Helmerich & Payne, Inc.",1381,Drilling Oil & Gas Wells
47111,HERSHEY CO,2060,Sugar & Confectionery Products
47217,HP INC,3570,Computer & office Equipment
48465,HORMEL FOODS CORP /DE/,2011,Meat Packing Plants
48898,HUBBELL INC,3670,Electronic Components & Accessories
49071,HUMANA INC,6324,Hospital & Medical Service Plans
49196,HUNTINGTON BANCSHARES INC /MD/,6021,National Commercial Banks
49826,ILLINOIS TOOL WORKS INC,3560,General Industrial Machinery & Equipment
50863,INTEL CORP,3674,Semiconductors & Related Devices
51143,INTERNATIONAL BUSINESS MACHINES CORP,3570,Computer & office Equipment
51253,INTERNATIONAL FLAVORS & FRAGRANCES INC,2860,Industrial Organic Chemicals
51434,INTERNATIONAL PAPER CO /NEW/,2621,Paper Mills
52988,JACOBS SOLUTIONS INC.,1600,Heavy Construction Other Than Bldg Const - Contractors
55785,KIMBERLY CLARK CORP,2670,Converted Paper & Paperboard Prods (No Contaners/Boxes)
56873,KROGER CO,5411,Retail-Grocery Stores
59478,ELI LILLY & Co,2834,Pharmaceutical Preparations
59527,LINCOLN ELECTRIC HOLDINGS INC,3540,Metalworkg Machinery & Equipment
59558,LINCOLN NATIONAL CORP,6311,Life Insurance
60086,LOEWS CORP,6331,"Fire, Marine & Casualty Insurance"
60519,LOUISIANA-PACIFIC CORP,2400,Lumber & Wood Products (No Furniture)
60667,LOWES COMPANIES INC,5211,Retail-Lumber & Other Building Materials Dealers
61986,MANITOWOC CO INC,3531,Construction Machinery & Equip
62709,"MARSH & MCLENNAN COMPANIES, INC.",6411,"Insurance Agents, Brokers & Service"
62996,MASCO CORP /DE/,3430,"Heating Equip, Except Elec & Warm Air; & Plumbing Fixtures"
63276,MATTEL INC /DE/,3942,Dolls & Stuffed Toys
63754,MCCORMICK & CO INC,2090,Miscellaneous Food Preparations & Kindred Products
63908,MCDONALDS CORP,5812,Retail-Eating  Places
64040,S&P Global Inc.,7320,"Services-Consumer Credit Reporting, Collection Agencies"
64803,CVS HEALTH Corp,5912,Retail-Drug Stores and Proprietary Stores
65984,ENTERGY CORP /DE/,4911,Electric Services
66382,"MILLERKNOLL, INC.",2520,Office Furniture
66570,MSA Safety Inc,3842,"Orthopedic, Prosthetic & Surgical Appliances & Supplies"
66740,3M CO,3841,Surgical & Medical Instruments & Apparatus
67215,DYCOM INDUSTRIES INC,1623,"Water, Sewer, Pipeline, Comm & Power Line Construction"
67347,MODINE MANUFACTURING CO,3714,Motor Vehicle Parts & Accessories
68505,"Motorola Solutions, Inc.",3663,Radio & Tv Broadcasting & Communications Equipment
69633,"NAPCO SECURITY TECHNOLOGIES, INC",3669,"Communications Equipment, NEC"
70145,NATIONAL FUEL GAS CO,4924,Natural Gas Distribution
70858,BANK OF AMERICA CORP /DE/,6021,National Commercial Banks
70866,NCR Voyix Corp,3578,Calculating & Accounting Machines (No Electronic Computers)
71691,NEW YORK TIMES CO,2711,Newspapers: Publishing or  Publishing & Printing
72331,NORDSON CORP,3569,"General Industrial Machinery & Equipment, NEC"
72741,EVERSOURCE ENERGY,4911,Electric Services
72903,XCEL ENERGY INC,4931,Electric & Other Services Combined
72971,WELLS FARGO & COMPANY/MN,6021,National Commercial Banks
73124,NORTHERN TRUST CORP,6022,State Commercial Banks
73309,NUCOR CORP,3312,"Steel Works, Blast Furnaces & Rolling Mills (Coke Ovens)"
74208,"UDR, Inc.",6798,Real Estate Investment Trusts
74303,OLIN Corp,2800,Chemicals & Allied Products
75362,PACCAR INC,3711,Motor Vehicles & Passenger Car Bodies
75677,PACKAGING CORP OF AMERICA,2650,Paperboard Containers & Boxes
76334,Parker-Hannifin Corp,3490,Miscellaneous Fabricated Metal Products
77360,PENTAIR plc,3550,Special Industry Machinery (No Metalworking Machinery)
77476,PEPSICO INC,2080,Beverages
78003,PFIZER INC,2834,Pharmaceutical Preparations
78239,PVH CORP. /DE/,2320,"Men's & Boys' Furnishgs, Work Clothg, & Allied Garments"
78814,PITNEY BOWES INC /DE/,3579,"Office Machines, NEC"
79282,"BROWN & BROWN, INC.",6411,"Insurance Agents, Brokers & Service"
79879,PPG INDUSTRIES INC,2851,"Paints, Varnishes, Lacquers, Enamels & Allied Prods"
80035,PREFORMED LINE PRODUCTS CO,1623,"Water, Sewer, Pipeline, Comm & Power Line Construction"
80420,POWELL INDUSTRIES INC,3613,Switchgear & Switchboard Apparatus
80424,PROCTER & GAMBLE Co,2840,"Soap, Detergents, Cleang Preparations, Perfumes, Cosmetics"
80661,PROGRESSIVE CORP/OH/,6331,"Fire, Marine & Casualty Insurance"
82811,REGAL REXNORD CORP,3569,"General Industrial Machinery & Equipment, NEC"
84246,RLI CORP,6331,"Fire, Marine & Casualty Insurance"
84839,ROLLINS INC,7340,Services-To Dwellings & Other Buildings
85535,ROYAL GOLD INC,6795,Mineral Royalty Traders
86312,"TRAVELERS COMPANIES, INC.",6331,"Fire, Marine & Casualty Insurance"
87347,SLB LIMITED/NV,1389,"Oil & Gas Field Services, NEC"
88941,SEMTECH CORP,3674,Semiconductors & Related Devices
89089,SERVICE CORP INTERNATIONAL,7200,Services-Personal Services
89439,MUELLER INDUSTRIES INC,3350,Rolling Drawing & Extruding of  Nonferrous Metals
89800,SHERWIN WILLIAMS CO,5200,"Retail-Building Materials, Hardware, Garden Supply"
91142,SMITH A O CORP,3630,Household Appliances
91419,J M SMUCKER Co,2033,"Canned, Fruits, Veg, Preserves, Jams & Jellies"
91440,Snap-on Inc,3420,"Cutlery, Handtools & General Hardware"
91576,KEYCORP /NEW/,6021,National Commercial Banks
92122,SOUTHERN CO,4911,Electric Services
92230,TRUIST FINANCIAL CORP,6021,National Commercial Banks
92380,SOUTHWEST AIRLINES CO,4512,"Air Transportation, Scheduled"
93410,CHEVRON CORP,2911,Petroleum Refining
93556,"STANLEY BLACK & DECKER, INC.",3420,"Cutlery, Handtools & General Hardware"
93751,STATE STREET CORP,6022,State Commercial Banks
94845,LEVI STRAUSS & CO,2300,Apparel & Other Finishd Prods of  Fabrics & Similar Matl
96021,SYSCO CORP,5140,Wholesale-Groceries & Related Products
96223,Jefferies Financial Group Inc.,6211,"Security Brokers, Dealers & Flotation Companies"
96943,TELEFLEX INC,3841,Surgical & Medical Instruments & Apparatus
97210,"TERADYNE, INC",3825,Instruments For Meas & Testing of  Electricity & Elec Signals
97476,TEXAS INSTRUMENTS INC,3674,Semiconductors & Related Devices
97745,THERMO FISHER SCIENTIFIC INC.,3829,"Measuring & Controlling Devices, NEC"
100493,"TYSON FOODS, INC.",2015,Poultry Slaughtering and Processing
100517,"United Airlines Holdings, Inc.",4512,"Air Transportation, Scheduled"
100591,ARGAN INC,1700,Construction - Special Trade Contractors
100885,UNION PACIFIC CORP,4011,"Railroads, Line-Haul Operating"
101829,RTX Corp,3724,Aircraft Engines & Engine Parts
102729,VALMONT INDUSTRIES INC,3440,Fabricated Structural Metal Products
102752,VSE CORP,8711,Services-Engineering Services
103145,VEECO INSTRUMENTS INC,3559,"Special Industry Machinery, NEC"
103379,V F CORP,2320,"Men's & Boys' Furnishgs, Work Clothg, & Allied Garments"
104169,Walmart Inc.,5331,Retail-Variety Stores
105016,WATSCO INC,5070,Wholesale-Hardware & Plumbing & Heating Equipment & Supplies
105132,WD 40 CO,2890,Miscellaneous Chemical Products
105634,"EMCOR Group, Inc.",1731,Electrical Work
105770,WEST PHARMACEUTICAL SERVICES INC,3841,Surgical & Medical Instruments & Apparatus
106040,WESTERN DIGITAL CORP,3572,Computer Storage Devices
106535,WEYERHAEUSER CO,6798,Real Estate Investment Trusts
106640,WHIRLPOOL CORP /DE/,3630,Household Appliances
107263,"WILLIAMS COMPANIES, INC.",4922,Natural Gas Transmission
108312,"Woodward, Inc.",3620,Electrical Industrial Apparatus
109198,TJX COMPANIES INC /DE/,5651,Retail-Family Clothing Stores
109380,"ZIONS BANCORPORATION, NATIONAL ASSOCIATION /UT/",6021,National Commercial Banks
109563,APPLIED INDUSTRIAL TECHNOLOGIES INC,5080,"Wholesale-Machinery, Equipment & Supplies"
110621,RPM INTERNATIONAL INC/DE/,2851,"Paints, Varnishes, Lacquers, Enamels & Allied Prods"
200406,JOHNSON & JOHNSON,2834,Pharmaceutical Preparations
202058,"L3HARRIS TECHNOLOGIES, INC. /DE/",3812,"Search, Detection, Navigation, Guidance, Aeronautical Sys"
217346,TEXTRON INC,3720,Aircraft & Parts
277135,"W.W. GRAINGER, INC.",5000,Wholesale-Durable Goods
277948,CSX CORP,4011,"Railroads, Line-Haul Operating"
310158,"Merck & Co., Inc.",2834,Pharmaceutical Preparations
310764,STRYKER CORP,3841,Surgical & Medical Instruments & Apparatus
313143,HAEMONETICS CORP,3841,Surgical & Medical Instruments & Apparatus
313616,DANAHER CORP /DE/,3823,"Industrial Instruments For Measurement, Display, and Control"
313927,CHURCH & DWIGHT CO INC /DE/,2840,"Soap, Detergents, Cleang Preparations, Perfumes, Cosmetics"
315189,DEERE & CO,3523,Farm Machinery & Equipment
315213,ROBERT HALF INC.,7363,Services-Help Supply Services
315293,Aon plc,6411,"Insurance Agents, Brokers & Service"
315852,RANGE RESOURCES CORP,1311,Crude Petroleum & Natural Gas
316709,SCHWAB CHARLES CORP,6211,"Security Brokers, Dealers & Flotation Companies"
317540,"Coca-Cola Consolidated, Inc.",2086,Bottled & Canned Soft Drinks & Carbonated Waters
318154,AMGEN INC,2836,"Biological Products, (No Diagnostic Substances)"
319201,KLA CORP,3827,Optical Instruments & Lenses
320187,"NIKE, Inc.",3021,Rubber & Plastics Footwear
320193,Apple Inc.,3571,Electronic Computers
320335,GLOBE LIFE INC.,6311,Life Insurance
350894,SEI INVESTMENTS CO,6211,"Security Brokers, Dealers & Flotation Companies"
352541,ALLIANT ENERGY CORP,4931,Electric & Other Services Combined
352915,UNIVERSAL HEALTH SERVICES INC,8062,"Services-General Medical & Surgical Hospitals, NEC"
353278,NOVO NORDISK A S,2834,Pharmaceutical Preparations
354190,Arthur J. Gallagher & Co.,6411,"Insurance Agents, Brokers & Service"
354950,"HOME DEPOT, INC.",5211,Retail-Lumber & Other Building Materials Dealers
355811,GENTEX CORP,3714,Motor Vehicle Parts & Accessories
701347,CENTRAL PACIFIC FINANCIAL CORP,6022,State Commercial Banks
701985,"Bath & Body Works, Inc.",5990,"Retail-Retail Stores, NEC"
702165,NORFOLK SOUTHERN CORP,4011,"Railroads, Line-Haul Operating"
704532,ONTO INNOVATION INC.,3829,"Measuring & Controlling Devices, NEC"
707549,LAM RESEARCH CORP,3559,"Special Industry Machinery, NEC"
711377,NEOGEN CORP,2835,In Vitro & In Vivo Diagnostic Substances
711404,"COOPER COMPANIES, INC.",3851,Ophthalmic Goods
713676,"PNC FINANCIAL SERVICES GROUP, INC.",6021,National Commercial Banks
715957,"DOMINION ENERGY, INC",4911,Electric Services
716314,GRAHAM CORP,3560,General Industrial Machinery & Equipment
717605,HEXCEL CORP /DE/,2821,"Plastic Materials, Synth Resins & Nonvulcan Elastomers"
719413,HECLA MINING CO/DE/,1400,Mining & Quarrying of  Nonmetallic Minerals (No Fuels)
719955,WILLIAMS SONOMA INC,5700,"Retail-Home Furniture, Furnishings & Equipment Stores"
720005,RAYMOND JAMES FINANCIAL INC,6211,"Security Brokers, Dealers & Flotation Companies"
721371,CARDINAL HEALTH INC,5122,"Wholesale-Drugs, Proprietaries & Druggists' Sundries"
723125,MICRON TECHNOLOGY INC,3674,Semiconductors & Related Devices
723254,CINTAS CORP,2320,"Men's & Boys' Furnishgs, Work Clothg, & Allied Garments"
723531,PAYCHEX INC,8700,"Services-Engineering, Accounting, Research, Management"
723612,"AVIS BUDGET GROUP, INC.",7510,Services-Auto Rental & Leasing (No Drivers)
726728,REALTY INCOME CORP,6798,Real Estate Investment Trusts
726958,CASEYS GENERAL STORES INC,5500,Retail-Auto Dealers & Gasoline Stations
728535,HUNT J B TRANSPORT SERVICES INC,4213,Trucking (No Local)
729580,BEL FUSE INC /NJ,3677,"Electronic Coils, Transformers & Other Inductors"
730263,THOR INDUSTRIES INC,3716,Motor Homes
730272,REPLIGEN CORP,2836,"Biological Products, (No Diagnostic Substances)"
731766,UNITEDHEALTH GROUP INC,6324,Hospital & Medical Service Plans
731802,ATMOS ENERGY CORP,4924,Natural Gas Distribution
732712,VERIZON COMMUNICATIONS INC,4813,Telephone Communications (No Radiotelephone)
732717,AT&T INC.,4813,Telephone Communications (No Radiotelephone)
737758,TORO CO,3524,Lawn & Garden Tractors & Home Lawn & Gardens Equip
740260,"Ventas, Inc.",6798,Real Estate Investment Trusts
745732,"ROSS STORES, INC.",5651,Retail-Family Clothing Stores
746515,EXPEDITORS INTERNATIONAL OF WASHINGTON INC,4731,Arrangement of  Transportation of  Freight & Cargo
749251,GARTNER INC,8741,Services-Management Services
750004,"Light & Wonder, Inc.",7373,Services-Computer Integrated Systems Design
751978,VICOR CORP,3679,"Electronic Components, NEC"
753308,NEXTERA ENERGY INC,4911,Electric Services
759944,CITIZENS FINANCIAL GROUP INC/RI,6022,State Commercial Banks
763901,"POPULAR, INC.",6022,State Commercial Banks
764065,CLEVELAND-CLIFFS INC.,1000,Metal Mining
764180,"ALTRIA GROUP, INC.",2111,Cigarettes
764478,BEST BUY CO INC,5731,"Retail-Radio, Tv & Consumer Electronics Stores"
764622,PINNACLE WEST CAPITAL CORP,4911,Electric Services
765880,"HEALTHPEAK PROPERTIES, INC.",6798,Real Estate Investment Trusts
766421,"ALASKA AIR GROUP, INC.",4512,"Air Transportation, Scheduled"
766704,WELLTOWER INC.,6798,Real Estate Investment Trusts
769397,"Autodesk, Inc.",7372,Services-Prepackaged Software
769520,MIDDLEBY Corp,3580,Refrigeration & Service Industry Machinery
773840,HONEYWELL INTERNATIONAL INC,3724,Aircraft Engines & Engine Parts
779152,JACK HENRY & ASSOCIATES INC,7373,Services-Computer Integrated Systems Design
780571,"ITRON, INC.",3825,Instruments For Meas & Testing of  Electricity & Elec Signals
783325,"WEC ENERGY GROUP, INC.",4931,Electric & Other Services Combined
784199,"ARTIVION, INC.",3841,Surgical & Medical Instruments & Apparatus
785161,Encompass Health Corp,8060,Services-Hospitals
788784,PUBLIC SERVICE ENTERPRISE GROUP INC,4931,Electric & Other Services Combined
789019,MICROSOFT CORP,7372,Services-Prepackaged Software
789570,MGM Resorts International,7011,Hotels & Motels
790051,CARLISLE COMPANIES INC,3060,"Fabricated Rubber Products, NEC"
791963,OPPENHEIMER HOLDINGS INC,6211,"Security Brokers, Dealers & Flotation Companies"
792987,ASTEC INDUSTRIES INC,3531,Construction Machinery & Equip
793733,SKYWEST INC,4512,"Air Transportation, Scheduled"
793952,"HARLEY-DAVIDSON, INC.",3751,"Motorcycles, Bicycles & Parts"
794170,"Toll Brothers, Inc.",1531,Operative Builders
794367,"Macy's, Inc.",5311,Retail-Department Stores
796343,ADOBE INC.,7372,Services-Prepackaged Software
797468,OCCIDENTAL PETROLEUM CORP /DE/,1311,Crude Petroleum & Natural Gas
798354,FISERV INC,7389,"Services-Business Services, NEC"
798941,FIRST CITIZENS BANCSHARES INC /DE/,6022,State Commercial Banks
802481,PILGRIMS PRIDE CORP,2015,Poultry Slaughtering and Processing
804328,QUALCOMM INC/DE,3663,Radio & Tv Broadcasting & Communications Equipment
807863,MITEK SYSTEMS INC,3577,"Computer Peripheral Equipment, NEC"
811156,CMS ENERGY CORP,4931,Electric & Other Services Combined
812011,VAIL RESORTS INC,7990,Services-Miscellaneous Amusement & Recreation
813672,CADENCE DESIGN SYSTEMS INC,7372,Services-Prepackaged Software
814453,NEWELL BRANDS INC.,3089,"Plastics Products, NEC"
814547,FAIR ISAAC CORP,7389,"Services-Business Services, NEC"
815097,Carnival Corp Ltd.,4400,Water Transportation
815556,FASTENAL CO,5200,"Retail-Building Materials, Hardware, Garden Supply"
816761,TERADATA CORP /DE/,7372,Services-Prepackaged Software
818479,DENTSPLY SIRONA Inc.,3843,Dental Equipment & Supplies
820027,AMERIPRISE FINANCIAL INC,6282,Investment Advice
820313,AMPHENOL CORP /DE/,3678,Electronic Connectors
820318,COHERENT CORP.,3827,Optical Instruments & Lenses
821189,EOG RESOURCES INC,1311,Crude Petroleum & Natural Gas
822416,PULTEGROUP INC/MI/,1531,Operative Builders
822818,CLEAN HARBORS INC,4955,Hazardous Waste Management
823768,WASTE MANAGEMENT INC,4953,Refuse Systems
824142,"AAON, INC.",3585,Air-Cond & Warm Air Heatg Equip & Comm & Indl Refrig Equip
825542,SCOTTS MIRACLE-GRO CO,2870,Agricultural Chemicals
827052,EDISON INTERNATIONAL,4911,Electric Services
827054,MICROCHIP TECHNOLOGY INC,3674,Semiconductors & Related Devices
829224,STARBUCKS CORP,5810,Retail-Eating & Drinking Places
831001,CITIGROUP INC,6021,National Commercial Banks
831259,FREEPORT-MCMORAN INC,1000,Metal Mining
831641,TETRA TECH INC,8711,Services-Engineering Services
832101,IDEX CORP /DE/,3561,Pumps & Pumping Equipment
833444,Johnson Controls International plc,3585,Air-Cond & Warm Air Heatg Equip & Comm & Indl Refrig Equip
837465,Callaway Golf Co,3949,"Sporting & Athletic Goods, NEC"
842023,BIO-TECHNE Corp,2836,"Biological Products, (No Diagnostic Substances)"
849395,CRH PUBLIC LTD CO,3241,"Cement, Hydraulic"
849399,Gen Digital Inc.,7372,Services-Prepackaged Software
851205,COGNEX CORP,3823,"Industrial Instruments For Measurement, Display, and Control"
851520,EXPONENT INC,8742,Services-Management Consulting Services
851968,MOHAWK INDUSTRIES INC,2273,Carpets & Rugs
853816,LANDSTAR SYSTEM INC,4213,Trucking (No Local)
855658,LATTICE SEMICONDUCTOR CORP,3674,Semiconductors & Related Devices
857005,PTC INC.,7372,Services-Prepackaged Software
858877,"CISCO SYSTEMS, INC.",3576,Computer Communications Equipment
860730,"HCA Healthcare, Inc.",8062,"Services-General Medical & Surgical Hospitals, NEC"
860731,TYLER TECHNOLOGIES INC,7372,Services-Prepackaged Software
860748,KEMPER Corp,6331,"Fire, Marine & Casualty Insurance"
861884,"RELIANCE, INC.",5051,Wholesale-Metals Service Centers & of fices
864749,TRIMBLE INC.,3829,"Measuring & Controlling Devices, NEC"
865752,Monster Beverage Corp,2086,Bottled & Canned Soft Drinks & Carbonated Waters
866291,"ALLEGRO MICROSYSTEMS, INC.",3674,Semiconductors & Related Devices
866374,FLEX LTD.,3672,Printed Circuit Boards
866787,AUTOZONE INC,5531,Retail-Auto & Home Supply Stores
868857,AECOM,8711,Services-Engineering Services
872589,"REGENERON PHARMACEUTICALS, INC.",2834,Pharmaceutical Preparations
873303,"Sarepta Therapeutics, Inc.",2834,Pharmaceutical Preparations
874015,IONIS PHARMACEUTICALS INC,2834,Pharmaceutical Preparations
874238,"STERLING INFRASTRUCTURE, INC.",1600,Heavy Construction Other Than Bldg Const - Contractors
874716,IDEXX LABORATORIES INC /DE,2835,In Vitro & In Vivo Diagnostic Substances
874761,AES CORP,4991,Cogeneration Services & Small Power Producers
874766,"HARTFORD INSURANCE GROUP, INC.",6331,"Fire, Marine & Casualty Insurance"
875045,BIOGEN INC.,2836,"Biological Products, (No Diagnostic Substances)"
875320,VERTEX PHARMACEUTICALS INC / MA,2834,Pharmaceutical Preparations
877212,ZEBRA TECHNOLOGIES CORP,3560,General Industrial Machinery & Equipment
878927,"OLD DOMINION FREIGHT LINE, INC.",4213,Trucking (No Local)
879101,KIMCO REALTY CORP,6798,Real Estate Investment Trusts
879169,INCYTE CORP,8731,Services-Commercial Physical & Biological Research
879407,"ARROWHEAD PHARMACEUTICALS, INC.",2834,Pharmaceutical Preparations
880266,AGCO CORP /DE,3523,Farm Machinery & Equipment
880631,"WisdomTree, Inc.",6211,"Security Brokers, Dealers & Flotation Companies"
880807,AMERICAN SUPERCONDUCTOR CORP /DE/,3621,Motors & Generators
882095,"GILEAD SCIENCES, INC.",2836,"Biological Products, (No Diagnostic Substances)"
882184,HORTON D R INC /DE/,1531,Operative Builders
882835,ROPER TECHNOLOGIES INC,3823,"Industrial Instruments For Measurement, Display, and Control"
883241,SYNOPSYS INC,7372,Services-Prepackaged Software
883984,ICU MEDICAL INC/DE,3841,Surgical & Medical Instruments & Apparatus
884219,"Pursuit Attractions & Hospitality, Inc.",7990,Services-Miscellaneous Amusement & Recreation
884394,SPDR S&P 500 ETF TRUST,,
884887,ROYAL CARIBBEAN CRUISES LTD,4400,Water Transportation
885550,CREDIT ACCEPTANCE CORP,6141,Personal Credit Institutions
885639,KOHLS Corp,5311,Retail-Department Stores
885725,BOSTON SCIENTIFIC CORP,3841,Surgical & Medical Instruments & Apparatus
885978,U S PHYSICAL THERAPY INC /NV,8000,Services-Health Services
886982,GOLDMAN SACHS GROUP INC,6211,"Security Brokers, Dealers & Flotation Companies"
887596,CHEESECAKE FACTORY INC,5812,Retail-Eating  Places
887936,"FTI CONSULTING, INC",8742,Services-Management Consulting Services
889331,LITTELFUSE INC /DE,3613,Switchgear & Switchboard Apparatus
889971,LIGHTPATH TECHNOLOGIES INC,3674,Semiconductors & Related Devices
891103,"Match Group, Inc.",7370,"Services-Computer Programming, Data Processing, Etc."
895126,EXPAND ENERGY Corp,1311,Crude Petroleum & Natural Gas
895417,EQUITY LIFESTYLE PROPERTIES INC,6798,Real Estate Investment Trusts
895419,"WOLFSPEED, INC.",3674,Semiconductors & Related Devices
895421,MORGAN STANLEY,6211,"Security Brokers, Dealers & Flotation Companies"
896159,Chubb Ltd,6331,"Fire, Marine & Casualty Insurance"
896622,"APTARGROUP, INC.",3089,"Plastics Products, NEC"
896878,INTUIT INC.,7372,Services-Prepackaged Software
897723,SANMINA CORP,3672,Printed Circuit Boards
898173,O REILLY AUTOMOTIVE INC,5531,Retail-Auto & Home Supply Stores
898293,JABIL INC,3672,Printed Circuit Boards
899051,ALLSTATE CORP,6331,"Fire, Marine & Casualty Insurance"
899689,VORNADO REALTY TRUST,6798,Real Estate Investment Trusts
900075,COPART INC,5500,Retail-Auto Dealers & Gasoline Stations
902791,BARRETT BUSINESS SERVICES INC,7363,Services-Help Supply Services
904851,YPF SOCIEDAD ANONIMA,2911,Petroleum Refining
906107,VIVMARK RESIDENTIAL,6798,Real Estate Investment Trusts
906163,NVR INC,1531,Operative Builders
906345,CAMDEN PROPERTY TRUST,6798,Real Estate Investment Trusts
906553,BOYD GAMING CORP,7011,Hotels & Motels
906709,NEKTAR THERAPEUTICS,2834,Pharmaceutical Preparations
908255,BORGWARNER INC,3714,Motor Vehicle Parts & Accessories
908315,WINMARK CORP,5900,Retail-Miscellaneous Retail
908937,SIRIUS XM HOLDINGS INC.,4832,Radio Broadcasting Stations
909832,COSTCO WHOLESALE CORP /NEW,5331,Retail-Variety Stores
910329,MEDIFAST INC,2090,Miscellaneous Food Preparations & Kindred Products
910521,DECKERS OUTDOOR CORP,3021,Rubber & Plastics Footwear
910606,REGENCY CENTERS CORP,6798,Real Estate Investment Trusts
912093,VIAVI SOLUTIONS INC.,3674,Semiconductors & Related Devices
912242,MACERICH CO,6798,Real Estate Investment Trusts
912593,SUN COMMUNITIES INC,6798,Real Estate Investment Trusts
912595,MID AMERICA APARTMENT COMMUNITIES INC.,6798,Real Estate Investment Trusts
913142,BELDEN INC.,3357,Drawing & Insulating of  Nonferrous Wire
913144,RENAISSANCERE HOLDINGS LTD,6331,"Fire, Marine & Casualty Insurance"
913353,Colliers International Group Inc.,6500,Real Estate
914208,Invesco Ltd.,6282,Investment Advice
914475,NEUROCRINE BIOSCIENCES INC,2836,"Biological Products, (No Diagnostic Substances)"
915389,EASTMAN CHEMICAL CO,2821,"Plastic Materials, Synth Resins & Nonvulcan Elastomers"
915913,ALBEMARLE CORP,2821,"Plastic Materials, Synth Resins & Nonvulcan Elastomers"
916076,MARTIN MARIETTA MATERIALS INC,1400,Mining & Quarrying of  Nonmetallic Minerals (No Fuels)
916365,TRACTOR SUPPLY CO /DE/,5200,"Retail-Building Materials, Hardware, Garden Supply"
916540,DARLING INGREDIENTS INC.,2070,Fats & Oils
917273,RAMBUS INC,3674,Semiconductors & Related Devices
918646,EAGLE MATERIALS INC,3241,"Cement, Hydraulic"
920148,LABCORP HOLDINGS INC.,8071,Services-Medical Laboratories
920371,"Simpson Manufacturing Co., Inc.",3420,"Cutlery, Handtools & General Hardware"
920522,"ESSEX PROPERTY TRUST, INC.",6798,Real Estate Investment Trusts
920760,LENNAR CORP /NEW/,1520,General Bldg Contractors - Residential Bldgs
921738,"PENN Entertainment, Inc.",7011,Hotels & Motels
922224,PPL Corp,4911,Electric Services
922621,ERIE INDEMNITY CO,6411,"Insurance Agents, Brokers & Service"
922864,APARTMENT INVESTMENT & MANAGEMENT CO,6798,Real Estate Investment Trusts
924805,Freedom Holding Corp.,6211,"Security Brokers, Dealers & Flotation Companies"
924822,MILLER INDUSTRIES INC /TN/,3713,Truck & Bus Bodies
926282,"ADTRAN Holdings, Inc.",3661,Telephone & Telegraph Apparatus
927003,ADVANCED ENERGY INDUSTRIES INC,3679,"Electronic Components, NEC"
927066,DAVITA INC.,8090,"Services-Misc Health & Allied Services, NEC"
927628,CAPITAL ONE FINANCIAL CORP,6021,National Commercial Banks
927653,MCKESSON CORP,5122,"Wholesale-Drugs, Proprietaries & Druggists' Sundries"
928054,FLOTEK INDUSTRIES INC/CN/,2890,Miscellaneous Chemical Products
928658,"COVENANT LOGISTICS GROUP, INC.",4213,Trucking (No Local)
929008,WESCO INTERNATIONAL INC,5063,"Wholesale-Electrical Apparatus & Equipment, Wiring Supplies "
929869,RELX PLC,7389,"Services-Business Services, NEC"
931015,Polaris Inc.,3790,Miscellaneous Transportation Equipment
932696,INSIGHT ENTERPRISES INC,5961,Retail-Catalog & Mail-Order Houses
933267,IRSA INVESTMENTS & REPRESENTATIONS INC,6552,Land Subdividers & Developers (No Cemeteries)
933974,"Azenta, Inc.",3559,"Special Industry Machinery, NEC"
935703,"DOLLAR TREE, INC.",5331,Retail-Variety Stores
936340,DTE ENERGY CO,4911,Electric Services
936395,CIENA CORP,3661,Telephone & Telegraph Apparatus
936468,LOCKHEED MARTIN CORP,3760,Guided Missiles & Space Vehicles & Parts
939767,"EXELIXIS, INC.",2836,"Biological Products, (No Diagnostic Substances)"
940944,DARDEN RESTAURANTS INC,5812,Retail-Eating  Places
943452,WESTINGHOUSE AIR BRAKE TECHNOLOGIES CORP,3743,Railroad Equipment
943819,RESMED INC,3841,Surgical & Medical Instruments & Apparatus
945841,POOL CORP,5090,Wholesale-Misc Durable Goods
946581,TAKE TWO INTERACTIVE SOFTWARE INC,7372,Services-Prepackaged Software
947484,ARCH CAPITAL GROUP LTD.,6331,"Fire, Marine & Casualty Insurance"
949870,BOSTON BEER CO INC,2082,Malt Beverages
1000184,SAP SE,7372,Services-Prepackaged Software
1000228,HENRY SCHEIN INC,5047,"Wholesale-Medical, Dental & Hospital Equipment & Supplies"
1000694,NOVAVAX INC,2836,"Biological Products, (No Diagnostic Substances)"
1000697,WATERS CORP /DE/,3826,Laboratory Analytical Instruments
1001085,BROOKFIELD Corp /ON/,6512,Opeators of  Nonresidential Buildings
1001250,ESTEE LAUDER COMPANIES INC,2844,"Perfumes, Cosmetics & Other Toilet Preparations"
1001316,"TG THERAPEUTICS, INC.",2834,Pharmaceutical Preparations
1001838,SOUTHERN COPPER CORP/,1000,Metal Mining
1002047,"NetApp, Inc.",3572,Computer Storage Devices
1002910,AMEREN CORP,4931,Electric & Other Services Combined
1004434,"AFFILIATED MANAGERS GROUP, INC.",6282,Investment Advice
1004980,PG&E Corp,4931,Electric & Other Services Combined
1005284,UNIVERSAL DISPLAY CORP \PA\,3670,Electronic Components & Accessories
1009001,CAMECO CORP,1090,Miscellaneous Metal Ores
1013237,FACTSET RESEARCH SYSTEMS INC,7370,"Services-Computer Programming, Data Processing, Etc."
1013857,PEGASYSTEMS INC,7374,Services-Computer Processing & Data Preparation
1013871,"NRG ENERGY, INC.",4911,Electric Services
1014473,VERISIGN INC/CA,7371,Services-Computer Programming Services
1014739,"Option Care Health, Inc.",8082,Services-Home Health Care Services
1018164,WILLIS LEASE FINANCE CORP,5080,"Wholesale-Machinery, Equipment & Supplies"
1018724,AMAZON COM INC,5961,Retail-Catalog & Mail-Order Houses
1018963,ATI INC,3317,Steel Pipe & Tubes
1020569,IRON MOUNTAIN INC,6798,Real Estate Investment Trusts
1021860,NOV Inc.,3533,Oil & Gas Field Machinery & Equipment
1022079,QUEST DIAGNOSTICS INC,8071,Services-Medical Laboratories
1022671,STEEL DYNAMICS INC,3312,"Steel Works, Blast Furnaces & Rolling Mills (Coke Ovens)"
1023024,ANI PHARMACEUTICALS INC,2834,Pharmaceutical Preparations
1023128,LITHIA MOTORS INC,5500,Retail-Auto Dealers & Gasoline Stations
1023459,"Simulations Plus, Inc.",7373,Services-Computer Integrated Systems Design
1024305,COTY INC.,2844,"Perfumes, Cosmetics & Other Toilet Preparations"
1024478,"ROCKWELL AUTOMATION, INC",3829,"Measuring & Controlling Devices, NEC"
1029199,"EURONET WORLDWIDE, INC.",6099,"Functions Related To Depository Banking, NEC"
1031296,FIRSTENERGY CORP,4911,Electric Services
1031308,BENTLEY SYSTEMS INC,7372,Services-Prepackaged Software
1032033,SLM Corp,6141,Personal Credit Institutions
1032208,SEMPRA,4932,Gas & Other Services Combined
1032220,"MAXIMUS, INC.",7389,"Services-Business Services, NEC"
1034054,SBA COMMUNICATIONS CORP,6798,Real Estate Investment Trusts
1035002,VALERO ENERGY CORP/TX,2911,Petroleum Refining
1035267,INTUITIVE SURGICAL INC,3842,"Orthopedic, Prosthetic & Surgical Appliances & Supplies"
1035443,"ALEXANDRIA REAL ESTATE EQUITIES, INC.",6798,Real Estate Investment Trusts
1035983,COMFORT SYSTEMS USA INC,1731,Electrical Work
1037038,RALPH LAUREN CORP,2320,"Men's & Boys' Furnishgs, Work Clothg, & Allied Garments"
1037540,"BXP, Inc.",6798,Real Estate Investment Trusts
1037646,METTLER TOLEDO INTERNATIONAL INC/,3826,Laboratory Analytical Instruments
1037868,AMETEK INC/,3823,"Industrial Instruments For Measurement, Display, and Control"
1037976,JONES LANG LASALLE INC,6531,Real Estate Agents & Managers (For Others)
1039399,FORMFACTOR INC,3674,Semiconductors & Related Devices
1040470,AEHR TEST SYSTEMS,3825,Instruments For Meas & Testing of  Electricity & Elec Signals
1040971,SL GREEN REALTY CORP,6798,Real Estate Investment Trusts
1041061,YUM BRANDS INC,5812,Retail-Eating  Places
1043277,"C. H. ROBINSON WORLDWIDE, INC.",4731,Arrangement of  Transportation of  Freight & Cargo
1045609,"Prologis, Inc.",6798,Real Estate Investment Trusts
1045810,NVIDIA CORP,3674,Semiconductors & Related Devices
1046102,RB GLOBAL INC.,7389,"Services-Business Services, NEC"
1046179,TAIWAN SEMICONDUCTOR MANUFACTURING CO LTD,3674,Semiconductors & Related Devices
1046311,CHOICE HOTELS INTERNATIONAL INC /DE,7011,Hotels & Motels
1047862,CONSOLIDATED EDISON INC,4931,Electric & Other Services Combined
1048268,"IES Holdings, Inc.",1731,Electrical Work
1048286,MARRIOTT INTERNATIONAL INC /MD/,7011,Hotels & Motels
1048477,BIOMARIN PHARMACEUTICAL INC,2834,Pharmaceutical Preparations
1048695,"F5, INC.",3576,Computer Communications Equipment
1048911,FEDEX CORP,4513,Air Courier Services
1049502,MKS INC,3823,"Industrial Instruments For Measurement, Display, and Control"
1049521,MERCURY SYSTEMS INC,3670,Electronic Components & Accessories
1050140,DESCARTES SYSTEMS GROUP INC,7372,Services-Prepackaged Software
1050446,Strategy Inc,6199,Finance Services
1050797,COLUMBIA SPORTSWEAR CO,2300,Apparel & Other Finishd Prods of  Fabrics & Similar Matl
1050915,"QUANTA SERVICES, INC.",1731,Electrical Work
1051470,CROWN CASTLE INC.,6798,Real Estate Investment Trusts
1051627,AXT INC,3674,Semiconductors & Related Devices
1053507,AMERICAN TOWER CORP /MA/,6798,Real Estate Investment Trusts
1056696,MANHATTAN ASSOCIATES INC,7372,Services-Prepackaged Software
1057060,MARINEMAX INC,5531,Retail-Auto & Home Supply Stores
1057352,"COSTAR GROUP, INC.",7389,"Services-Business Services, NEC"
1058090,CHIPOTLE MEXICAN GRILL INC,5812,Retail-Eating  Places
1058290,COGNIZANT TECHNOLOGY SOLUTIONS CORP,7371,Services-Computer Programming Services
1059556,MOODYS CORP /DE/,7320,"Services-Consumer Credit Reporting, Collection Agencies"
1060391,"REPUBLIC SERVICES, INC.",4953,Refuse Systems
1060822,CARTERS INC,2300,Apparel & Other Finishd Prods of  Fabrics & Similar Matl
1060955,ICON PLC,8731,Services-Commercial Physical & Biological Research
1061983,CYTOKINETICS INC,2834,Pharmaceutical Preparations
1063761,SIMON PROPERTY GROUP INC.,6798,Real Estate Investment Trusts
1065088,EBAY INC,7389,"Services-Business Services, NEC"
1065280,NETFLIX INC,7841,Services-Video Tape Rental
1065696,LKQ CORP,5010,Wholesale-Motor Vehicles & Motor Vehicle Parts & Supplies
1067294,"CRACKER BARREL OLD COUNTRY STORE, INC",5812,Retail-Eating  Places
1067701,"UNITED RENTALS, INC.",7359,"Services-Equipment Rental & Leasing, NEC"
1067983,BERKSHIRE HATHAWAY INC,6331,"Fire, Marine & Casualty Insurance"
1068851,PROSPERITY BANCSHARES INC,6022,State Commercial Banks
1069183,"AXON ENTERPRISE, INC.",3480,"Ordnance & Accessories, (No Vehicles/Guided Missiles)"
1069202,LENNOX INTERNATIONAL INC,3585,Air-Cond & Warm Air Heatg Equip & Comm & Indl Refrig Equip
1069258,"KRATOS DEFENSE & SECURITY SOLUTIONS, INC.",3760,Guided Missiles & Space Vehicles & Parts
1069878,TREX CO INC,2400,Lumber & Wood Products (No Furniture)
1069899,PHIBRO ANIMAL HEALTH CORP,2834,Pharmaceutical Preparations
1070081,"PTC THERAPEUTICS, INC.",2834,Pharmaceutical Preparations
1070494,ACADIA PHARMACEUTICALS INC,2834,Pharmaceutical Preparations
1070750,"HOST HOTELS & RESORTS, INC.",6798,Real Estate Investment Trusts
1071739,CENTENE CORP,6324,Hospital & Medical Service Plans
1075531,Booking Holdings Inc.,4700,Transportation Services
1076930,NOVANTA INC,3690,"Miscellaneous Electrical Machinery, Equipment & Supplies"
1083301,TERAWULF INC.,6199,Finance Services
1086222,AKAMAI TECHNOLOGIES INC,7389,"Services-Business Services, NEC"
1088856,CORCEPT THERAPEUTICS INC,2834,Pharmaceutical Preparations
1089063,"DICK'S SPORTING GOODS, INC.",5940,Retail-Miscellaneous Shopping Goods Stores
1090012,DEVON ENERGY CORP/DE,1311,Crude Petroleum & Natural Gas
1090425,LAMAR ADVERTISING CO/NEW,6798,Real Estate Investment Trusts
1090727,UNITED PARCEL SERVICE INC,4210,Trucking & Courier Services (No Air)
1090872,"AGILENT TECHNOLOGIES, INC.",3826,Laboratory Analytical Instruments
1091667,"CHARTER COMMUNICATIONS, INC. /MO/",4841,Cable & Other Pay Television Services
1093557,DEXCOM INC,3841,Surgical & Medical Instruments & Apparatus
1093691,PLUG POWER INC,3620,Electrical Industrial Apparatus
1094285,TELEDYNE TECHNOLOGIES INC,3812,"Search, Detection, Navigation, Guidance, Aeronautical Sys"
1095073,"EVEREST GROUP, LTD.",6331,"Fire, Marine & Casualty Insurance"
1096343,MARKEL GROUP INC.,6331,"Fire, Marine & Casualty Insurance"
1097149,ALIGN TECHNOLOGY INC,3842,"Orthopedic, Prosthetic & Surgical Appliances & Supplies"
1097864,ON SEMICONDUCTOR CORP,3674,Semiconductors & Related Devices
1099219,METLIFE INC,6311,Life Insurance
1099590,MERCADOLIBRE INC,7389,"Services-Business Services, NEC"
1099800,Edwards Lifesciences Corp,3842,"Orthopedic, Prosthetic & Surgical Appliances & Supplies"
1100682,"CHARLES RIVER LABORATORIES INTERNATIONAL, INC.",8731,Services-Commercial Physical & Biological Research
1101215,"BREAD FINANCIAL HOLDINGS, INC.",6141,Personal Credit Institutions
1101239,EQUINIX INC,6798,Real Estate Investment Trusts
1101302,ENTEGRIS INC,3089,"Plastics Products, NEC"
1103838,ICICI BANK LTD,6029,"Commercial Banks, NEC"
1103982,"Mondelez International, Inc.",2000,Food and Kindred Products
1104506,INSMED Inc,2834,Pharmaceutical Preparations
1107843,"QUALYS, INC.",7372,Services-Prepackaged Software
1108524,"Salesforce, Inc.",7372,Services-Prepackaged Software
1109116,ENTRAVISION COMMUNICATIONS CORP,4833,Television Broadcasting Stations
1109354,BRUKER CORP,3826,Laboratory Analytical Instruments
1109357,EXELON CORP,4931,Electric & Other Services Combined
1110646,"NetEase, Inc.",7372,Services-Prepackaged Software
1110803,"ILLUMINA, INC.",3826,Laboratory Analytical Instruments
1111711,NISOURCE INC.,4931,Electric & Other Services Combined
1111928,IPG PHOTONICS CORP,3674,Semiconductors & Related Devices
1113169,PRICE T ROWE GROUP INC,6282,Investment Advice
1114700,GRUPO FINANCIERO GALICIA SA,6029,"Commercial Banks, NEC"
1116132,"TAPESTRY, INC.",3100,Leather & Leather Products
1116942,TTM TECHNOLOGIES INC,3672,Printed Circuit Boards
1120193,"NASDAQ, INC.",6200,"Security & Commodity Brokers, Dealers, Exchanges & Services"
1121788,GARMIN LTD,3812,"Search, Detection, Navigation, Guidance, Aeronautical Sys"
1123360,GLOBAL PAYMENTS INC,7389,"Services-Business Services, NEC"
1124198,FLUOR CORP,1600,Heavy Construction Other Than Bldg Const - Contractors
1124796,"NLIGHT, INC.",3674,Semiconductors & Related Devices
1126328,PRINCIPAL FINANCIAL GROUP INC,6321,Accident & Health Insurance
1130310,CENTERPOINT ENERGY INC,4911,Electric Services
1130713,"NEIGHBORHOOD INTELLIGENCE, INC.",5961,Retail-Catalog & Mail-Order Houses
1133421,NORTHROP GRUMMAN CORP /DE/,3812,"Search, Detection, Navigation, Guidance, Aeronautical Sys"
1136869,"ZIMMER BIOMET HOLDINGS, INC.",3842,"Orthopedic, Prosthetic & Surgical Appliances & Supplies"
1136893,"Fidelity National Information Services, Inc.",7389,"Services-Business Services, NEC"
1137774,PRUDENTIAL FINANCIAL INC,6311,Life Insurance
1137789,Seagate Technology Holdings plc,3572,Computer Storage Devices
1138118,"CBRE GROUP, INC.",6500,Real Estate
1140536,WILLIS TOWERS WATSON PLC,6411,"Insurance Agents, Brokers & Service"
1140859,"Cencora, Inc.",5122,"Wholesale-Drugs, Proprietaries & Druggists' Sundries"
1141391,Mastercard Inc,7389,"Services-Business Services, NEC"
1142417,"NEXSTAR MEDIA GROUP, INC.",4833,Television Broadcasting Stations
1142750,AMN HEALTHCARE SERVICES INC,7363,Services-Help Supply Services
1144215,ACUITY INC. (DE),3640,Electric Lighting & Wiring Equipment
1144879,Applied Digital Corp.,7374,Services-Computer Processing & Data Preparation
1144967,HDFC BANK LTD,6029,"Commercial Banks, NEC"
1145197,INSULET CORP,3841,Surgical & Medical Instruments & Apparatus
1156039,"Elevance Health, Inc.",6324,Hospital & Medical Service Plans
1156375,CME GROUP INC.,6200,"Security & Commodity Brokers, Dealers, Exchanges & Services"
1157408,"Stride, Inc.",8200,Services-Educational Services
1157601,"MADRIGAL PHARMACEUTICALS, INC.",2834,Pharmaceutical Preparations
1158114,"APPLIED OPTOELECTRONICS, INC.",3674,Semiconductors & Related Devices
1158449,ADVANCE AUTO PARTS INC,5531,Retail-Auto & Home Supply Stores
1158463,JETBLUE AIRWAYS CORP,4512,"Air Transportation, Scheduled"
1158895,LEMAITRE VASCULAR INC,3841,Surgical & Medical Instruments & Apparatus
1159036,"HALOZYME THERAPEUTICS, INC.",2836,"Biological Products, (No Diagnostic Substances)"
1159152,James Hardie Industries plc,3272,"Concrete Products, Except Block & Brick"
1163165,CONOCOPHILLIPS,2911,Petroleum Refining
1164727,NEWMONT Corp /DE/,1040,Gold and Silver Ores
1166003,"XPO, Inc.",4700,Transportation Services
1166691,COMCAST CORP,4841,Cable & Other Pay Television Services
1169561,COMMVAULT SYSTEMS INC,7372,Services-Prepackaged Software
1170010,CARMAX INC,5500,Retail-Auto Dealers & Gasoline Stations
1174922,WYNN RESORTS LTD,7011,Hotels & Motels
1175454,"CORPAY, INC.",7389,"Services-Business Services, NEC"
1176948,Ares Management Corp,6282,Investment Advice
1177609,"FIVE BELOW, INC",5331,Retail-Variety Stores
1177702,SAIA INC,4213,Trucking (No Local)
1178670,"ALNYLAM PHARMACEUTICALS, INC.",2834,Pharmaceutical Preparations
1179929,"MOLINA HEALTHCARE, INC.",6324,Hospital & Medical Service Plans
1180262,HERBALIFE LTD.,5122,"Wholesale-Drugs, Proprietaries & Druggists' Sundries"
1181412,SPACE EXPLORATION TECHNOLOGIES CORP,7370,"Services-Computer Programming, Data Processing, Etc."
1192448,GLAUKOS Corp,3841,Surgical & Medical Instruments & Apparatus
1201792,AMERICAN PUBLIC EDUCATION INC,8200,Services-Educational Services
1206264,SOMNIGROUP INTERNATIONAL INC.,2510,Household Furniture
1212545,WESTERN ALLIANCE BANCORPORATION,6022,State Commercial Banks
1214816,AXIS CAPITAL HOLDINGS LTD,6331,"Fire, Marine & Casualty Insurance"
1219601,"CROWN HOLDINGS, INC.",3411,Metal Cans
1232524,Jazz Pharmaceuticals plc,2834,Pharmaceutical Preparations
1235468,LIQUIDITY SERVICES INC,7389,"Services-Business Services, NEC"
1236275,"QXO, Inc.",5030,Wholesale-Lumber & Other Construction Materials
1237831,GLOBUS MEDICAL INC,3841,Surgical & Medical Instruments & Apparatus
1260221,TransDigm Group INC,3728,"Aircraft Parts & Auxiliary Equipment, NEC"
1261333,"DOCUSIGN, INC.",7372,Services-Prepackaged Software
1261654,UNIVERSAL TECHNICAL INSTITUTE INC,8200,Services-Educational Services
1262039,"Fortinet, Inc.",3577,"Computer Peripheral Equipment, NEC"
1262823,WESTLAKE CORP,2860,Industrial Organic Chemicals
1267238,"ASSURANT, INC.",6399,"Insurance Carriers, NEC"
1274494,"FIRST SOLAR, INC.",3674,Semiconductors & Related Devices
1278021,MARKETAXESS HOLDINGS INC,6211,"Security Brokers, Dealers & Flotation Companies"
1280058,BLACKBAUD INC,7372,Services-Prepackaged Software
1280452,"MONOLITHIC POWER SYSTEMS, INC.",3674,Semiconductors & Related Devices
1281761,REGIONS FINANCIAL CORP,6021,National Commercial Banks
1282637,NEWMARKET CORP,2860,Industrial Organic Chemicals
1283699,"T-Mobile US, Inc.",4812,Radiotelephone Communications
1285785,MOSAIC CO,2870,Agricultural Chemicals
1286139,"LEGALZOOM.COM, INC.",7374,Services-Computer Processing & Data Preparation
1286681,DOMINOS PIZZA INC,5140,Wholesale-Groceries & Related Products
1288847,"Five9, Inc.",7374,Services-Computer Processing & Data Preparation
1289419,"Morningstar, Inc.",6282,Investment Advice
1289460,"Texas Roadhouse, Inc.",5812,Retail-Eating  Places
1289490,Extra Space Storage Inc.,6798,Real Estate Investment Trusts
1289848,Huron Consulting Group Inc.,8742,Services-Management Consulting Services
1297989,"ExlService Holdings, Inc.",7389,"Services-Business Services, NEC"
1297996,"DIGITAL REALTY TRUST, INC.",6798,Real Estate Investment Trusts
1299130,"PACIFIC BIOSCIENCES OF CALIFORNIA, INC.",3826,Laboratory Analytical Instruments
1299709,"Axos Financial, Inc.",6035,"Savings Institution, Federally Chartered"
1300514,LAS VEGAS SANDS CORP,7011,Hotels & Motels
1302215,"HOULIHAN LOKEY, INC.",6282,Investment Advice
1306830,Celanese Corp,2820,"Plastic Material, Synth Resin/Rubber, Cellulos (No Glass)"
1308547,"Dolby Laboratories, Inc.",6794,Patent Owners & Lessors
1309108,WEX Inc.,7389,"Services-Business Services, NEC"
1311370,"Lazard, Inc.",6282,Investment Advice
1315098,Roblox Corp,7372,Services-Prepackaged Software
1316835,"Builders FirstSource, Inc.",5211,Retail-Lumber & Other Building Materials Dealers
1317685,Alliance Laundry Holdings Inc.,3580,Refrigeration & Service Industry Machinery
1318605,"Tesla, Inc.",3711,Motor Vehicles & Passenger Car Bodies
1320461,Cooper-Standard Holdings Inc.,3714,Motor Vehicle Parts & Accessories
1321655,Palantir Technologies Inc.,7372,Services-Prepackaged Software
1321732,Penumbra Inc,3841,Surgical & Medical Instruments & Apparatus
1324404,"CF Industries Holdings, Inc.",2870,Agricultural Chemicals
1324424,"Expedia Group, Inc.",4700,Transportation Services
1324948,RBC Bearings INC,3562,Ball & Roller Bearings
1325618,IRADIMED CORP,3841,Surgical & Medical Instruments & Apparatus
1326160,Duke Energy CORP,4931,Electric & Other Services Combined
1326380,GameStop Corp.,5734,Retail-Computer & Computer Software Stores
1326801,"Meta Platforms, Inc.",7370,"Services-Computer Programming, Data Processing, Etc."
1327567,Palo Alto Networks Inc,3577,"Computer Peripheral Equipment, NEC"
1327688,OOMA INC,7374,Services-Computer Processing & Data Preparation
1327811,"Workday, Inc.",7374,Services-Computer Processing & Data Preparation
1329099,"Baidu, Inc.",7370,"Services-Computer Programming, Data Processing, Etc."
1332349,Brookdale Senior Living Inc.,8050,Services-Nursing & Personal Care Facilities
1333986,"Equitable Holdings, Inc.",6411,"Insurance Agents, Brokers & Service"
1334036,"Crocs, Inc.",3021,Rubber & Plastics Footwear
1334978,"Clear Channel Outdoor Holdings, Inc.",7310,Services-Advertising
1335258,"Live Nation Entertainment, Inc.",7900,Services-Amusement & Recreation Services
1336917,"Under Armour, Inc.",2300,Apparel & Other Finishd Prods of  Fabrics & Similar Matl
1336920,"Leidos Holdings, Inc.",7373,Services-Computer Integrated Systems Design
1341439,ORACLE CORP,7372,Services-Prepackaged Software
1341766,"Celsius Holdings, Inc.",2086,Bottled & Canned Soft Drinks & Carbonated Waters
1345099,MESOBLAST LTD,2836,"Biological Products, (No Diagnostic Substances)"
1350653,"Alphatec Holdings, Inc.",3841,Surgical & Medical Instruments & Apparatus
1352010,"EPAM Systems, Inc.",7371,Services-Computer Programming Services
1355444,EMBRAER S.A.,3721,Aircraft
1356090,"PRECIGEN, INC.",2834,Pharmaceutical Preparations
1357615,"KBR, INC.",1600,Heavy Construction Other Than Bldg Const - Contractors
1360901,Evercore Inc.,6282,Investment Advice
1361538,Primoris Services Corp,1623,"Water, Sewer, Pipeline, Comm & Power Line Construction"
1361658,Travel & Leisure Co.,7011,Hotels & Motels
1364954,"CHEGG, INC",8200,Services-Educational Services
1365135,Western Union CO,7389,"Services-Business Services, NEC"
1366868,"Globalstar, Inc.",4899,"Communications Services, NEC"
1368514,"ADMA BIOLOGICS, INC.",2836,"Biological Products, (No Diagnostic Substances)"
1368622,AeroVironment Inc,3721,Aircraft
1370637,ETSY INC,7389,"Services-Business Services, NEC"
1371285,"TRUPANION, INC.",6324,Hospital & Medical Service Plans
1372920,New Oriental Education & Technology Group Inc.,8200,Services-Educational Services
1373670,"Green Brick Partners, Inc.",1531,Operative Builders
1373715,"ServiceNow, Inc.",7372,Services-Prepackaged Software
1374310,"Cboe Global Markets, Inc.",6200,"Security & Commodity Brokers, Dealers, Exchanges & Services"
1375365,"Super Micro Computer, Inc.",3571,Electronic Computers
1375877,Canadian Solar Inc.,3674,Semiconductors & Related Devices
1377121,"Protagonist Therapeutics, Inc",2834,Pharmaceutical Preparations
1381197,"Interactive Brokers Group, Inc.",6211,"Security Brokers, Dealers & Flotation Companies"
1383312,"BROADRIDGE FINANCIAL SOLUTIONS, INC.",7389,"Services-Business Services, NEC"
1384905,"RingCentral, Inc.",7374,Services-Computer Processing & Data Preparation
1385157,TE Connectivity plc,5065,"Wholesale-Electronic Parts & Equipment, NEC"
1389170,Targa Resources Corp.,4922,Natural Gas Transmission
1390777,Bank of New York Mellon Corp,6022,State Commercial Banks
1393052,VEEVA SYSTEMS INC,7372,Services-Prepackaged Software
1393311,Public Storage,6798,Real Estate Investment Trusts
1393584,American Well Corp,7389,"Services-Business Services, NEC"
1393818,Blackstone Inc.,6282,Investment Advice
1395942,"OPENLANE, Inc.",5500,Retail-Auto Dealers & Gasoline Stations
1396009,Vulcan Materials CO,1400,Mining & Quarrying of  Nonmetallic Minerals (No Fuels)
1397187,lululemon athletica inc.,2300,Apparel & Other Finishd Prods of  Fabrics & Similar Matl
1397911,LPL Financial Holdings Inc.,6200,"Security & Commodity Brokers, Dealers, Exchanges & Services"
1398659,Genpact LTD,8742,Services-Management Consulting Services
1400810,"HCI Group, Inc.",6331,"Fire, Marine & Casualty Insurance"
1400891,"iHeartMedia, Inc.",4832,Radio Broadcasting Stations
1401257,"FORUM ENERGY TECHNOLOGIES, INC.",3533,Oil & Gas Field Machinery & Equipment
1402057,CDW Corp,5961,Retail-Catalog & Mail-Order Houses
1402436,SS&C Technologies Holdings Inc,7372,Services-Prepackaged Software
1402829,Orion Group Holdings Inc,1600,Heavy Construction Other Than Bldg Const - Contractors
1403161,VISA INC.,7389,"Services-Business Services, NEC"
1403568,"Ulta Beauty, Inc.",5990,"Retail-Retail Stores, NEC"
1404655,HUBSPOT INC,7372,Services-Prepackaged Software
1404912,KKR & Co. Inc.,6282,Investment Advice
1408075,GRAPHIC PACKAGING HOLDING CO,2650,Paperboard Containers & Boxes
1408198,MSCI Inc.,7389,"Services-Business Services, NEC"
1408710,Fabrinet,3661,Telephone & Telegraph Apparatus
1410636,"American Water Works Company, Inc.",4941,Water Supply
1411207,Allison Transmission Holdings Inc,3714,Motor Vehicle Parts & Accessories
1412408,"Phreesia, Inc.",7389,"Services-Business Services, NEC"
1413329,Philip Morris International Inc.,2111,Cigarettes
1413447,NXP Semiconductors N.V.,3674,Semiconductors & Related Devices
1415404,EchoStar CORP,4899,"Communications Services, NEC"
1418135,Keurig Dr Pepper Inc.,2080,Beverages
1418819,Iridium Communications Inc.,4899,"Communications Services, NEC"
1419612,"SOLAREDGE TECHNOLOGIES, INC.",3674,Semiconductors & Related Devices
1422143,"Kura Oncology, Inc.",2834,Pharmaceutical Preparations
1424929,FOX FACTORY HOLDING CORP,3751,"Motorcycles, Bicycles & Parts"
1425205,"IOVANCE BIOTHERAPEUTICS, INC.",2836,"Biological Products, (No Diagnostic Substances)"
1428336,"HEALTHEQUITY, INC.",7389,"Services-Business Services, NEC"
1428439,"ROKU, INC",4841,Cable & Other Pay Television Services
1433195,APPFOLIO INC,7372,Services-Prepackaged Software
1433270,ANTERO RESOURCES Corp,1311,Crude Petroleum & Natural Gas
1433642,Hamilton Lane INC,6282,Investment Advice
1434588,"Grand Canyon Education, Inc.",8200,Services-Educational Services
1434621,"LendingTree, Inc.",6163,Loan Brokers
1437107,"Warner Bros. Discovery, Inc.",4841,Cable & Other Pay Television Services
1437578,BRIGHT HORIZONS FAMILY SOLUTIONS INC.,8351,Services-Child Day Care Services
1438133,TANDEM DIABETES CARE INC,3841,Surgical & Medical Instruments & Apparatus
1438533,"Travere Therapeutics, Inc.",2834,Pharmaceutical Preparations
1439222,"AGIOS PHARMACEUTICALS, INC.",2834,Pharmaceutical Preparations
1441683,APPIAN CORP,7372,Services-Prepackaged Software
1441816,"MongoDB, Inc.",7372,Services-Prepackaged Software
1442145,"Verisk Analytics, Inc.",7374,Services-Computer Processing & Data Preparation
1443646,Booz Allen Hamilton Holding Corp,8742,Services-Management Consulting Services
1443669,Proto Labs Inc,3440,Fabricated Structural Metal Products
1445930,KB Financial Group Inc.,6029,"Commercial Banks, NEC"
1447669,TWILIO INC,7372,Services-Prepackaged Software
1451809,SITIME Corp,3674,Semiconductors & Related Devices
1455863,AMERICOLD REALTY TRUST,6798,Real Estate Investment Trusts
1459200,"Alarm.com Holdings, Inc.",7372,Services-Prepackaged Software
1462056,"Backblaze, Inc.",7372,Services-Prepackaged Software
1463101,"Enphase Energy, Inc.",3674,Semiconductors & Related Devices
1466258,Trane Technologies plc,3822,Auto Controls For Regulating Residential & Comml Environments
1467373,Accenture plc,7389,"Services-Business Services, NEC"
1467623,"DROPBOX, INC.",7372,Services-Prepackaged Software
1467858,General Motors Co,3711,Motor Vehicles & Passenger Car Bodies
1468174,Hyatt Hotels Corp,7011,Hotels & Motels
1468642,Aura Minerals Inc.,1000,Metal Mining
1468748,Kodiak Sciences Inc.,2836,"Biological Products, (No Diagnostic Substances)"
1474432,"Everpure, Inc.",3572,Computer Storage Devices
1474735,GENERAC HOLDINGS INC.,3621,Motors & Generators
1475922,"Primerica, Inc.",6311,Life Insurance
1477294,Sensata Technologies Holding plc,3823,"Industrial Instruments For Measurement, Display, and Control"
1477333,"Cloudflare, Inc.",7372,Services-Prepackaged Software
1477449,"Teladoc Health, Inc.",8011,Services-Offices & Clinics of  Doctors of  Medicine
1477815,"Sweetgreen, Inc.",5812,Retail-Eating  Places
1478242,IQVIA HOLDINGS INC.,8731,Services-Commercial Physical & Biological Research
1478320,Adaptive Biotechnologies Corp,2836,"Biological Products, (No Diagnostic Substances)"
1484778,ThredUp Inc.,5961,Retail-Catalog & Mail-Order Houses
1486957,"BWX Technologies, Inc.",3510,Engines & Turbines
1487952,"Vishay Precision Group, Inc.",3670,Electronic Components & Accessories
1489393,LyondellBasell Industries N.V.,2860,Industrial Organic Chemicals
1493594,"MACOM Technology Solutions Holdings, Inc.",3674,Semiconductors & Related Devices
1494582,BOSTON OMAHA Corp,6510,Real Estate Operators (No Developers) & Lessors
1499620,TAL Education Group,8200,Services-Educational Services
1501585,"HUNTINGTON INGALLS INDUSTRIES, INC.",3730,Ship & Boat Building & Repairing
1504776,Warby Parker Inc.,3851,Ophthalmic Goods
1506293,"PINTEREST, INC.",7370,"Services-Computer Programming, Data Processing, Etc."
1506307,"KINDER MORGAN, INC.",4922,Natural Gas Transmission
1507079,"Floor & Decor Holdings, Inc.",5211,Retail-Lumber & Other Building Materials Dealers
1510295,Marathon Petroleum Corp,2911,Petroleum Refining
1511737,Ubiquiti Inc.,3663,Radio & Tv Broadcasting & Communications Equipment
1512499,"LINDBLAD EXPEDITIONS HOLDINGS, INC.",4700,Transportation Services
1512673,"Block, Inc.",7372,Services-Prepackaged Software
1513761,Norwegian Cruise Line Holdings Ltd.,4400,Water Transportation
1514991,AMC Global Media Inc.,4841,Cable & Other Pay Television Services
1515673,Ultragenyx Pharmaceutical Inc.,2834,Pharmaceutical Preparations
1516513,"Doximity, Inc.",7371,Services-Computer Programming Services
1517175,"Chefs' Warehouse, Inc.",5141,"Wholesale-Groceries, General Line"
1517228,"Vistance Networks, Inc.",3663,Radio & Tv Broadcasting & Communications Equipment
1517399,Grupo Supervielle S.A.,6029,"Commercial Banks, NEC"
1517413,"Fastly, Inc.",7372,Services-Prepackaged Software
1519751,"Fortune Brands Innovations, Inc.",2430,"Millwood, Veneer, Plywood, & Structural Wood Members"
1520006,Matador Resources Co,1311,Crude Petroleum & Natural Gas
1520358,"Mama's Creations, Inc.",2013,Sausages & Other Prepared Meat Products
1521332,Aptiv PLC,3714,Motor Vehicle Parts & Accessories
1524472,Xylem Inc.,3561,Pumps & Pumping Equipment
1525221,Bristow Group Inc.,4522,"Air Transportation, Nonscheduled"
1526520,"TripAdvisor, Inc.",7370,"Services-Computer Programming, Data Processing, Etc."
1527166,Carlyle Group Inc.,6282,Investment Advice
1527636,Autohome Inc.,7374,Services-Computer Processing & Data Preparation
1527753,"Personalis, Inc.",8071,Services-Medical Laboratories
1528115,"Annexon, Inc.",2834,Pharmaceutical Preparations
1528396,"Guidewire Software, Inc.",7372,Services-Prepackaged Software
1528849,RH,5712,Retail-Furniture Stores
1529274,"ALKAMI TECHNOLOGY, INC.",7372,Services-Prepackaged Software
1530721,Capri Holdings Ltd,3100,Leather & Leather Products
1530950,"Post Holdings, Inc.",2040,Grain Mill Products
1530979,"Honest Company, Inc.",5961,Retail-Catalog & Mail-Order Houses
1531031,"Esquire Financial Holdings, Inc.",6029,"Commercial Banks, NEC"
1531152,"BJ's Wholesale Club Holdings, Inc.",5331,Retail-Variety Stores
1534701,Phillips 66,2911,Petroleum Refining
1535527,"CrowdStrike Holdings, Inc.",7372,Services-Prepackaged Software
1535929,"Voya Financial, Inc.",6311,Life Insurance
1539838,"Diamondback Energy, Inc.",1311,Crude Petroleum & Natural Gas
1543151,"Uber Technologies, Inc",7389,"Services-Business Services, NEC"
1547459,"Natural Grocers by Vitamin Cottage, Inc.",5411,Retail-Grocery Stores
1551152,AbbVie Inc.,2834,Pharmaceutical Preparations
1551182,Eaton Corp plc,3590,Misc Industrial & Commercial Machinery & Equipment
1551306,"Progyny, Inc.",8090,"Services-Misc Health & Allied Services, NEC"
1552033,TransUnion,7320,"Services-Consumer Credit Reporting, Collection Agencies"
1555280,Zoetis Inc.,2834,Pharmaceutical Preparations
1557860,Globant S.A.,7374,Services-Computer Processing & Data Preparation
1559720,"Airbnb, Inc.",7340,Services-To Dwellings & Other Buildings
1559865,"EVERTEC, Inc.",7374,Services-Computer Processing & Data Preparation
1560385,Liberty Media Corp,4833,Television Broadcasting Stations
1561550,"Datadog, Inc.",7372,Services-Prepackaged Software
1562088,"Duolingo, Inc.",7372,Services-Prepackaged Software
1562401,American Homes 4 Rent,6798,Real Estate Investment Trusts
1564708,NEWS CORP,2711,Newspapers: Publishing or  Publishing & Printing
1565687,"Intapp, Inc.",7372,Services-Prepackaged Software
1568100,"PagerDuty, Inc.",7372,Services-Prepackaged Software
1568651,"Oscar Health, Inc.",6324,Hospital & Medical Service Plans
1570827,"Victory Capital Holdings, Inc.",6282,Investment Advice
1571123,Science Applications International Corp,7373,Services-Computer Integrated Systems Design
1571949,"Intercontinental Exchange, Inc.",6200,"Security & Commodity Brokers, Dealers, Exchanges & Services"
1571996,Dell Technologies Inc.,3571,Electronic Computers
1573221,"TheRealReal, Inc.",5900,Retail-Miscellaneous Retail
1573516,Murphy USA Inc.,5500,Retail-Auto Dealers & Gasoline Stations
1575515,"Sprouts Farmers Market, Inc.",5411,Retail-Grocery Stores
1576280,"Guardant Health, Inc.",8071,Services-Medical Laboratories
1576789,Wix.com Ltd.,7370,"Services-Computer Programming, Data Processing, Etc."
1577526,"C3.ai, Inc.",7372,Services-Prepackaged Software
1577552,Alibaba Group Holding Ltd,7389,"Services-Business Services, NEC"
1579091,Maplebear Inc.,7389,"Services-Business Services, NEC"
1579241,Allegion plc,7381,"Services-Detective, Guard & Armored Car Services"
1579298,"Burlington Stores, Inc.",5311,Retail-Department Stores
1579428,"Axsome Therapeutics, Inc.",2834,Pharmaceutical Preparations
1579877,OUTFRONT Media Inc.,6798,Real Estate Investment Trusts
1580670,"LGI Homes, Inc.",1531,Operative Builders
1580905,"Installed Building Products, Inc.",1520,General Bldg Contractors - Residential Bldgs
1581280,Twist Bioscience Corp,2836,"Biological Products, (No Diagnostic Substances)"
1582961,"DigitalOcean Holdings, Inc.",7370,"Services-Computer Programming, Data Processing, Etc."
1583708,"SentinelOne, Inc.",7372,Services-Prepackaged Software
1585364,PERRIGO Co plc,2834,Pharmaceutical Preparations
1585521,"Zoom Communications, Inc.",7370,"Services-Computer Programming, Data Processing, Etc."
1585689,Hilton Worldwide Holdings Inc.,7011,Hotels & Motels
1587523,Knowles Corp,3651,Household Audio & Video Equipment
1590364,FTAI Aviation Ltd.,7350,Services-Miscellaneous Equipment Rental & Leasing
1590714,Element Solutions Inc,2890,Miscellaneous Chemical Products
1590895,"Caesars Entertainment, Inc.",7011,Hotels & Motels
1590955,"Paycom Software, Inc.",7372,Services-Prepackaged Software
1590976,"MALIBU BOATS, INC.",3730,Ship & Boat Building & Repairing
1591698,Paylocity Holding Corp,7372,Services-Prepackaged Software
1592386,"Virtu Financial, Inc.",6211,"Security Brokers, Dealers & Flotation Companies"
1594805,SHOPIFY INC.,7372,Services-Prepackaged Software
1596532,"Arista Networks, Inc.",3576,Computer Communications Equipment
1597033,Sabre Corp,7370,"Services-Computer Programming, Data Processing, Etc."
1599298,Summit Therapeutics Inc.,2834,Pharmaceutical Preparations
1600033,"e.l.f. Beauty, Inc.",2844,"Perfumes, Cosmetics & Other Toilet Preparations"
1601046,"Keysight Technologies, Inc.",3823,"Industrial Instruments For Measurement, Display, and Control"
1601712,Synchrony Financial,6199,Finance Services
1603454,Celcuity Inc.,8071,Services-Medical Laboratories
1603923,Weatherford International plc,3533,Oil & Gas Field Machinery & Equipment
1604028,"ADVANCED DRAINAGE SYSTEMS, INC.",3086,Plastics Foam Products
1604778,"Qorvo, Inc.",3674,Semiconductors & Related Devices
1604821,"Natera, Inc.",8071,Services-Medical Laboratories
1606163,"Limbach Holdings, Inc.",1700,Construction - Special Trade Contractors
1606366,"El Pollo Loco Holdings, Inc.",5812,Retail-Eating  Places
1607678,"Viking Therapeutics, Inc.",2834,Pharmaceutical Preparations
1609550,"Inspire Medical Systems, Inc.",3841,Surgical & Medical Instruments & Apparatus
1609711,GoDaddy Inc.,7373,Services-Computer Integrated Systems Design
1611052,"PROCORE TECHNOLOGIES, INC.",7372,Services-Prepackaged Software
1611647,"Freshpet, Inc.",2040,Grain Mill Products
1612042,Ascendis Pharma A/S,2834,Pharmaceutical Preparations
1613103,Medtronic plc,3845,Electromedical & Electrotherapeutic Apparatus
1616533,"Penguin Solutions, Inc.",3674,Semiconductors & Related Devices
1616707,Wayfair Inc.,5961,Retail-Catalog & Mail-Order Houses
1616862,Axalta Coating Systems Ltd.,2851,"Paints, Varnishes, Lacquers, Enamels & Allied Prods"
1617640,"ZILLOW GROUP, INC.",7389,"Services-Business Services, NEC"
1618673,Performance Food Group Co,5141,"Wholesale-Groceries, General Line"
1618732,"Nutanix, Inc.",7372,Services-Prepackaged Software
1618756,Restaurant Brands International Inc.,5812,Retail-Eating  Places
1620533,Shake Shack Inc.,5810,Retail-Eating & Drinking Places
1622536,Talen Energy Corp,4911,Electric Services
1623925,Antero Midstream Corp,4922,Natural Gas Transmission
1626450,"Commerce.com, Inc.",7372,Services-Prepackaged Software
1627223,Chemours Co,2800,Chemicals & Allied Products
1627475,"UPWORK, INC",7374,Services-Computer Processing & Data Preparation
1628171,"Revolution Medicines, Inc.",2836,"Biological Products, (No Diagnostic Substances)"
1630805,"Babcock & Wilcox Enterprises, Inc.",3433,"Heating Equipment, Except Electric & Warm Air Furnaces"
1632127,"Cable One, Inc.",4841,Cable & Other Pay Television Services
1632790,"ENERGIZER HOLDINGS, INC.",3690,"Miscellaneous Electrical Machinery, Equipment & Supplies"
1633917,"PayPal Holdings, Inc.",7389,"Services-Business Services, NEC"
1633978,Lumentum Holdings Inc.,3669,"Communications Equipment, NEC"
1635088,Roivant Sciences Ltd.,2834,Pharmaceutical Preparations
1635327,Flutter Entertainment plc,7370,"Services-Computer Programming, Data Processing, Etc."
1636222,Wingstop Inc.,5812,Retail-Eating  Places
1636519,Madison Square Garden Sports Corp.,7990,Services-Miscellaneous Amusement & Recreation
1637207,"Planet Fitness, Inc.",7997,Services-Membership Sports & Recreation Clubs
1637459,Kraft Heinz Co,2030,"Canned, Frozen & Preservd Fruit, Veg & Food Specialties"
1637810,FirstService Corp,6500,Real Estate
1638826,"ServiceTitan, Inc.",7372,Services-Prepackaged Software
1639300,"Ollie's Bargain Outlet Holdings, Inc.",5331,Retail-Variety Stores
1639438,"CAVA GROUP, INC.",5812,Retail-Eating  Places
1639825,"PELOTON INTERACTIVE, INC.",3949,"Sporting & Athletic Goods, NEC"
1639920,Spotify Technology S.A.,4832,Radio Broadcasting Stations
1640147,Snowflake Inc.,7372,Services-Prepackaged Software
1640428,"EverQuote, Inc.",7370,"Services-Computer Programming, Data Processing, Etc."
1642896,Samsara Inc.,7373,Services-Computer Integrated Systems Design
1645113,NovoCure Ltd,3841,Surgical & Medical Instruments & Apparatus
1645590,Hewlett Packard Enterprise Co,3570,Computer & office Equipment
1646972,"Albertsons Companies, Inc.",5411,Retail-Grocery Stores
1647088,WillScot Holdings Corp,7350,Services-Miscellaneous Equipment Rental & Leasing
1647639,"Upstart Holdings, Inc.",6199,Finance Services
1650164,"Toast, Inc.",7374,Services-Computer Processing & Data Preparation
1650372,Atlassian Corp,7372,Services-Prepackaged Software
1650729,"SiteOne Landscape Supply, Inc.",5040,Wholesale-Professional & Commercial Equipment & Supplies
1652044,Alphabet Inc.,7370,"Services-Computer Programming, Data Processing, Etc."
1653482,Gitlab Inc.,7372,Services-Prepackaged Software
1656081,Endava plc,7371,Services-Computer Programming Services
1657573,"Xometry, Inc.",7389,"Services-Business Services, NEC"
1658566,Permian Resources Corp,1311,Crude Petroleum & Natural Gas
1659166,Fortive Corp,3823,"Industrial Instruments For Measurement, Display, and Control"
1660134,"Okta, Inc.",7372,Services-Prepackaged Software
1664703,Bloom Energy Corp,3620,Electrical Industrial Apparatus
1666134,"BLACKLINE, INC.",7372,Services-Prepackaged Software
1666700,"DuPont de Nemours, Inc.",2821,"Plastic Materials, Synth Resins & Nonvulcan Elastomers"
1668397,"Medpace Holdings, Inc.",8731,Services-Commercial Physical & Biological Research
1669162,"Kinsale Capital Group, Inc.",6331,"Fire, Marine & Casualty Insurance"
1670061,Almonty Industries Inc.,1000,Metal Mining
1670592,"YETI Holdings, Inc.",3949,"Sporting & Athletic Goods, NEC"
1671933,"Trade Desk, Inc.",7370,"Services-Computer Programming, Data Processing, Etc."
1673358,"Yum China Holdings, Inc.",5812,Retail-Eating  Places
1674101,Vertiv Holdings Co,3679,"Electronic Components, NEC"
1674168,Hilton Grand Vacations Inc.,7000,"Hotels, Rooming Houses, Camps & Other Lodging Places"
1674910,VALVOLINE INC,2990,Miscellaneous Products of  Petroleum & Coal
1675149,Alcoa Corp,3334,Primary Production of  Aluminum
1679273,"Lamb Weston Holdings, Inc.",2030,"Canned, Frozen & Preservd Fruit, Veg & Food Specialties"
1679688,"DigitalBridge Group, Inc.",6282,Investment Advice
1679788,"Coinbase Global, Inc.",6199,Finance Services
1681459,TechnipFMC plc,3533,Oil & Gas Field Machinery & Equipment
1682852,"Moderna, Inc.",2836,"Biological Products, (No Diagnostic Substances)"
1685040,"Brighthouse Financial, Inc.",6311,Life Insurance
1687187,"Ramaco Resources, Inc.",1220,Silver Ores
1687229,Invitation Homes Inc.,6510,Real Estate Operators (No Developers) & Lessors
1688568,DXC Technology Co,7374,Services-Computer Processing & Data Preparation
1689548,"Praxis Precision Medicines, Inc.",2834,Pharmaceutical Preparations
1690585,"Dianthus Therapeutics, Inc. /DE/",2834,Pharmaceutical Preparations
1690680,"NEWMARK GROUP, INC.",6531,Real Estate Agents & Managers (For Others)
1690820,CARVANA CO.,5500,Retail-Auto Dealers & Gasoline Stations
1691421,"Lemonade, Inc.",6331,"Fire, Marine & Casualty Insurance"
1691493,Nu Holdings Ltd.,6199,Finance Services
1692819,Vistra Corp.,4911,Electric Services
1696556,"Once Upon a Farm, PBC",2000,Food and Kindred Products
1697500,"Solaris Energy Infrastructure, Inc.",3533,Oil & Gas Field Machinery & Equipment
1698535,NexGen Energy Ltd.,1090,Miscellaneous Metal Ores
1699031,"GRAIL, Inc.",8071,Services-Medical Laboratories
1699150,Ingersoll Rand Inc.,3560,General Industrial Machinery & Equipment
1701605,Baker Hughes Co,3533,Oil & Gas Field Machinery & Equipment
1702780,"Optimum Communications, Inc.",4841,Cable & Other Pay Television Services
1703056,ADT Inc.,7381,"Services-Detective, Guard & Armored Car Services"
1703057,AbCellera Biologics Inc.,2834,Pharmaceutical Preparations
1703399,Sea Ltd,7380,Services-Miscellaneous Business Services
1705696,VICI PROPERTIES INC.,6798,Real Estate Investment Trusts
1707753,Elastic N.V.,7372,Services-Prepackaged Software
1707925,LINDE PLC,2810,Industrial Inorganic Chemicals
1708055,Ribbon Communications Inc.,7373,Services-Computer Integrated Systems Design
1709048,GLOBALFOUNDRIES Inc.,3674,Semiconductors & Related Devices
1710340,"Eton Pharmaceuticals, Inc.",2834,Pharmaceutical Preparations
1711269,"Evergy, Inc.",4931,Electric & Other Services Combined
1711375,Loma Negra Compania Industrial Argentina Sociedad Anonima,3241,"Cement, Hydraulic"
1713445,"Reddit, Inc.",7374,Services-Computer Processing & Data Preparation
1713683,"Zscaler, Inc.",7371,Services-Computer Programming Services
1714899,Denali Therapeutics Inc.,2836,"Biological Products, (No Diagnostic Substances)"
1717115,"Tempus AI, Inc.",7370,"Services-Computer Programming, Data Processing, Etc."
1717161,CENTRAL PUERTO S.A.,4911,Electric Services
1718227,"Construction Partners, Inc.",1600,Heavy Construction Other Than Bldg Const - Contractors
1720116,"Red Violet, Inc.",7372,Services-Prepackaged Software
1720635,nVent Electric plc,3550,Special Industry Machinery (No Metalworking Machinery)
1722387,Integra Resources Corp.,1040,Gold and Silver Ores
1722482,"Avantor, Inc.",3826,Laboratory Analytical Instruments
1722684,"WYNDHAM HOTELS & RESORTS, INC.",7011,Hotels & Motels
1726978,"Goosehead Insurance, Inc.",6411,"Insurance Agents, Brokers & Service"
1727196,Scholar Rock Holding Corp,2836,"Biological Products, (No Diagnostic Substances)"
1727263,"Frontdoor, Inc.",7340,Services-To Dwellings & Other Buildings
1730168,Broadcom Inc.,3674,Semiconductors & Related Devices
1734722,"UiPath, Inc.",7372,Services-Prepackaged Software
1736297,"Astera Labs, Inc.",3674,Semiconductors & Related Devices
1736946,"Arlo Technologies, Inc.",7381,"Services-Detective, Guard & Armored Car Services"
1737806,PDD Holdings Inc.,7389,"Services-Business Services, NEC"
1739940,Cigna Group,6324,Hospital & Medical Service Plans
1743725,"GRID DYNAMICS HOLDINGS, INC.",7372,Services-Prepackaged Software
1743881,"BridgeBio Pharma, Inc.",2834,Pharmaceutical Preparations
1744489,Walt Disney Co,7990,Services-Miscellaneous Amusement & Recreation
1744676,Tencent Music Entertainment Group,4832,Radio Broadcasting Stations
1745201,Viking Holdings Ltd,4400,Water Transportation
1745431,StoneCo Ltd.,7374,Services-Computer Processing & Data Preparation
1745999,Beam Therapeutics Inc.,2836,"Biological Products, (No Diagnostic Substances)"
1746618,"Revolve Group, Inc.",5961,Retail-Catalog & Mail-Order Houses
1748790,Amcor plc,3990,Miscellaneous Manufacturing Industries
1749723,New Fortress Energy Inc.,4924,Natural Gas Distribution
1750284,"Olema Pharmaceuticals, Inc.",2834,Pharmaceutical Preparations
1751008,AppLovin Corp,7370,"Services-Computer Programming, Data Processing, Etc."
1751788,DOW INC.,2821,"Plastic Materials, Synth Resins & Nonvulcan Elastomers"
1753539,BlackSky Technology Inc.,3663,Radio & Tv Broadcasting & Communications Equipment
1754301,Fox Corp,4833,Television Broadcasting Stations
1755672,"Corteva, Inc.",0100,Agricultural Production-Crops
1756262,"TransMedics Group, Inc.",3845,Electromedical & Electrotherapeutic Apparatus
1757073,Envista Holdings Corp,3843,Dental Equipment & Supplies
1757898,STERIS plc,3842,"Orthopedic, Prosthetic & Surgical Appliances & Supplies"
1758730,Tradeweb Markets Inc.,6200,"Security & Commodity Brokers, Dealers, Exchanges & Services"
1759425,"Mirum Pharmaceuticals, Inc.",2834,Pharmaceutical Preparations
1759509,"Lyft, Inc.",7389,"Services-Business Services, NEC"
1760689,"Microvast Holdings, Inc.",3690,"Miscellaneous Electrical Machinery, Equipment & Supplies"
1760965,"Kontoor Brands, Inc.",2320,"Men's & Boys' Furnishgs, Work Clothg, & Allied Garments"
1762506,"Vista Energy, S.A.B. de C.V.",1311,Crude Petroleum & Natural Gas
1766368,"Mayville Engineering Company, Inc.",3460,Metal Forgings & Stampings
1766400,"Pennant Group, Inc.",8000,Services-Health Services
1766502,"Chewy, Inc.",5961,Retail-Catalog & Mail-Order Houses
1767258,"XPEL, Inc.",3470,"Coating, Engraving & Allied Services"
1769628,"CoreWeave, Inc.",7372,Services-Prepackaged Software
1770121,"Sana Biotechnology, Inc.",2836,"Biological Products, (No Diagnostic Substances)"
1770450,Xerox Holdings Corp,3577,"Computer Peripheral Equipment, NEC"
1770787,"10x Genomics, Inc.",3826,Laboratory Analytical Instruments
1771515,Grocery Outlet Holding Corp.,5411,Retail-Grocery Stores
1772177,"KURA SUSHI USA, INC.",5812,Retail-Eating  Places
1773383,"Dynatrace, Inc.",7372,Services-Prepackaged Software
1773751,"Hims & Hers Health, Inc.",8011,Services-Offices & Clinics of  Doctors of  Medicine
1774675,Skillsoft Corp.,7372,Services-Prepackaged Software
1777393,"ChargePoint Holdings, Inc.",3690,"Miscellaneous Electrical Machinery, Equipment & Supplies"
1780312,"AST SpaceMobile, Inc.",4899,"Communications Services, NEC"
1781335,Otis Worldwide Corp,3600,Electronic & Other Electrical Equipment (No Computer Equip)
1783180,CARRIER GLOBAL Corp,3585,Air-Cond & Warm Air Heatg Equip & Comm & Indl Refrig Equip
1783398,UWM Holdings Corp,6162,Mortgage Bankers & Loan Correspondents
1783879,"Robinhood Markets, Inc.",6211,"Security Brokers, Dealers & Flotation Companies"
1784535,"Porch Group, Inc.",6321,Accident & Health Insurance
1786352,"BILL Holdings, Inc.",7372,Services-Prepackaged Software
1786431,Reynolds Consumer Products Inc.,2673,"Plastics, Foil & Coated Paper Bags"
1786842,Vontier Corp,3824,Totalizing Fluid Meters & Counting Devices
1787425,XP Inc.,6211,"Security Brokers, Dealers & Flotation Companies"
1792044,Viatris Inc,2834,Pharmaceutical Preparations
1792580,Ovintiv Inc.,1311,Crude Petroleum & Natural Gas
1792789,"DoorDash, Inc.",7389,"Services-Business Services, NEC"
1794515,ZoomInfo Technologies Inc.,7372,Services-Prepackaged Software
1794669,"Shift4 Payments, Inc.",7389,"Services-Business Services, NEC"
1795250,Sphere Entertainment Co.,7900,Services-Amusement & Recreation Services
1795586,"Chime Financial, Inc.",6199,Finance Services
1800667,JFrog Ltd,7372,Services-Prepackaged Software
1801169,Opendoor Technologies Inc.,6531,Real Estate Agents & Managers (For Others)
1801368,MP Materials Corp. / DE,1000,Metal Mining
1802768,Royalty Pharma plc,2834,Pharmaceutical Preparations
1803696,Adeia Inc.,4841,Cable & Other Pay Television Services
1804176,"Butterfly Network, Inc.",3844,X-Ray Apparatus & Tubes & Related Irradiation Apparatus
1804745,Driven Brands Holdings Inc.,7500,"Services-Automotive Repair, Services & Parking"
1805077,"Eos Energy Enterprises, Inc.",3690,"Miscellaneous Electrical Machinery, Equipment & Supplies"
1805284,"Rocket Companies, Inc.",6162,Mortgage Bankers & Loan Correspondents
1806310,"Taysha Gene Therapies, Inc.",2836,"Biological Products, (No Diagnostic Substances)"
1807794,Credo Technology Group Holding Ltd,3674,Semiconductors & Related Devices
1808805,"Nautilus Biotechnology, Inc.",3826,Laboratory Analytical Instruments
1809104,"Alight, Inc. / Delaware",7389,"Services-Business Services, NEC"
1809987,"Mirion Technologies, Inc.",3829,"Measuring & Controlling Devices, NEC"
1810019,"Rackspace Technology, Inc.",7370,"Services-Computer Programming, Data Processing, Etc."
1810806,Unity Software Inc.,7372,Services-Prepackaged Software
1811074,Texas Pacific Land Corp,6792,Oil Royalty Traders
1811210,"Lucid Group, Inc.",3711,Motor Vehicles & Passenger Car Bodies
1811414,QuantumScape Corp,3690,"Miscellaneous Electrical Machinery, Equipment & Supplies"
1818201,CCC Intelligent Solutions Holdings Inc.,7372,Services-Prepackaged Software
1818331,GeneDx Holdings Corp.,8000,Services-Health Services
1818502,OppFi Inc.,6199,Finance Services
1818874,"SoFi Technologies, Inc.",6199,Finance Services
1819142,SES AI Corp,3690,"Miscellaneous Electrical Machinery, Equipment & Supplies"
1819576,Liquidia Corp,2834,Pharmaceutical Preparations
1819928,"DoubleVerify Holdings, Inc.",7370,"Services-Computer Programming, Data Processing, Etc."
1819994,Rocket Lab Corp,3760,Guided Missiles & Space Vehicles & Parts
1820721,"Array Technologies, Inc.",3674,Semiconductors & Related Devices
1820953,"Affirm Holdings, Inc.",6141,Personal Credit Institutions
1821806,"Leslie's, Inc.",5990,"Retail-Retail Stores, NEC"
1821825,Organon & Co.,2834,Pharmaceutical Preparations
1822359,DocGo Inc.,8000,Services-Health Services
1822479,Sotera Health Co,8090,"Services-Misc Health & Allied Services, NEC"
1822928,Holley Inc.,3714,Motor Vehicle Parts & Accessories
1822966,NUSCALE POWER Corp,3443,Fabricated Plate Work (Boiler Shops)
1823144,"GPGI, Inc.",6199,Finance Services
1823239,"MARAVAI LIFESCIENCES HOLDINGS, INC.",2834,Pharmaceutical Preparations
1823593,TuSimple Holdings Inc.,7373,Services-Computer Integrated Systems Design
1823945,BLUE OWL CAPITAL INC.,6282,Investment Advice
1824502,Archer Aviation Inc.,3721,Aircraft
1824920,"IonQ, Inc.",7373,Services-Computer Integrated Systems Design
1825079,"Velo3D, Inc.",3559,"Special Industry Machinery, NEC"
1826470,"Petco Health & Wellness Company, Inc.",5990,"Retail-Retail Stores, NEC"
1827090,"Certara, Inc.",7372,Services-Prepackaged Software
1828016,Playtika Holding Corp.,7374,Services-Computer Processing & Data Preparation
1828108,"Aurora Innovation, Inc.",7373,Services-Computer Integrated Systems Design
1828318,Enovix Corp,3690,"Miscellaneous Electrical Machinery, Equipment & Supplies"
1830033,"PureCycle Technologies, Inc.",2821,"Plastic Materials, Synth Resins & Nonvulcan Elastomers"
1830043,Bumble Inc.,7370,"Services-Computer Programming, Data Processing, Etc."
1831097,"agilon health, inc.",8090,"Services-Misc Health & Allied Services, NEC"
1831651,"Shoals Technologies Group, Inc.",3674,Semiconductors & Related Devices
1831907,LuxExperience B.V.,5961,Retail-Catalog & Mail-Order Houses
1832483,Serve Robotics Inc. /DE/,3569,"General Industrial Machinery & Equipment, NEC"
1833197,"Latham Group, Inc.",3089,"Plastics Products, NEC"
1833756,"Leonardo DRS, Inc.",3812,"Search, Detection, Navigation, Guidance, Aeronautical Sys"
1834584,"Coupang, Inc.",5961,Retail-Catalog & Mail-Order Houses
1835632,"Marvell Technology, Inc.",3674,Semiconductors & Related Devices
1835830,"Klaviyo, Inc.",7372,Services-Prepackaged Software
1835856,Better Home & Finance Holding Co,6163,Loan Brokers
1836833,Planet Labs PBC,3663,Radio & Tv Broadcasting & Communications Equipment
1837240,Symbotic Inc.,3569,"General Industrial Machinery & Equipment, NEC"
1841408,Dave Inc./DE,6199,Finance Services
1841666,APA Corp,1311,Crude Petroleum & Natural Gas
1845097,Ardagh Metal Packaging S.A.,3411,Metal Cans
1846576,"FIGS, Inc.",2300,Apparel & Other Finishd Prods of  Fabrics & Similar Matl
1847590,Bowman Consulting Group Ltd.,8742,Services-Management Consulting Services
1849253,"RYAN SPECIALTY HOLDINGS, INC.",6411,"Insurance Agents, Brokers & Service"
1849635,Trump Media & Technology Group Corp.,7370,"Services-Computer Programming, Data Processing, Etc."
1850235,D-MARKET Electronic Services & Trading,5961,Retail-Catalog & Mail-Order Houses
1852244,"GXO Logistics, Inc.",4700,Transportation Services
1853860,Ero Copper Corp.,1000,Metal Mining
1855474,AirJoule Technologies Corp.,3585,Air-Cond & Warm Air Heatg Equip & Comm & Indl Refrig Equip
1856314,"Clear Secure, Inc.",7372,Services-Prepackaged Software
1856437,Victoria's Secret & Co.,5621,Retail-Women's Clothing Stores
1856525,"Core & Main, Inc.",5099,"Wholesale-Durable Goods, NEC"
1858681,"Apollo Global Management, Inc.",6282,Investment Advice
1858985,On Holding AG,3021,Rubber & Plastics Footwear
1860160,Firefly Aerospace Inc.,3760,Guided Missiles & Space Vehicles & Parts
1861123,"Eikon Therapeutics, Inc.",2836,"Biological Products, (No Diagnostic Substances)"
1861795,Definitive Healthcare Corp.,7372,Services-Prepackaged Software
1866581,Dutch Bros Inc.,5810,Retail-Eating & Drinking Places
1866757,"Brilliant Earth Group, Inc.",3910,"Jewelry, Silverware & Plated Ware"
1867072,"Kyndryl Holdings, Inc.",7373,Services-Computer Integrated Systems Design
1867096,"Xeris Biopharma Holdings, Inc.",2834,Pharmaceutical Preparations
1868275,Constellation Energy Corp,4911,Electric Services
1868941,"Fluence Energy, Inc.",3690,"Miscellaneous Electrical Machinery, Equipment & Supplies"
1869198,"Life Time Group Holdings, Inc.",7997,Services-Membership Sports & Recreation Clubs
1872195,Bullish,6199,Finance Services
1872789,Embecta Corp.,3841,Surgical & Medical Instruments & Apparatus
1874178,"Rivian Automotive, Inc. / DE",3711,Motor Vehicles & Passenger Car Bodies
1876042,"Circle Internet Group, Inc.",6199,Finance Services
1878848,IREN Ltd,6199,Finance Services
1879016,Ivanhoe Electric Inc.,1000,Metal Mining
1880319,"Perimeter Solutions, Inc.",2800,Chemicals & Allied Products
1880661,TPG Inc.,6282,Investment Advice
1883313,"Savers Value Village, Inc.",5900,Retail-Miscellaneous Retail
1883685,DraftKings Inc.,7990,Services-Miscellaneous Amusement & Recreation
1897762,Ingram Micro Holding Corp,5045,Wholesale-Computers & Peripheral Equipment & Software
1899287,"Amprius Technologies, Inc.",3690,"Miscellaneous Electrical Machinery, Equipment & Supplies"
1901440,UL Solutions Inc.,8734,Services-Testing Laboratories
1902733,"nCino, Inc.",7372,Services-Prepackaged Software
1915657,HF Sinclair Corp,4610,Pipe Lines (No Natural Gas)
1921865,ASP Isotopes Inc.,2890,Miscellaneous Chemical Products
1929561,"RXO, Inc.",4700,Transportation Services
1932393,GE HealthCare Technologies Inc.,3844,X-Ray Apparatus & Tubes & Related Irradiation Apparatus
1937926,Brookfield Asset Management Ltd.,6282,Investment Advice
1941365,"MasterBrand, Inc.",2511,"Wood Household Furniture, (No Upholstered)"
1943896,"Rubrik, Inc.",7372,Services-Prepackaged Software
1944048,Kenvue Inc.,2844,"Perfumes, Cosmetics & Other Toilet Preparations"
1957132,"SharkNinja, Inc.",3630,Household Appliances
1963685,RICHTECH ROBOTICS INC.,3569,"General Industrial Machinery & Equipment, NEC"
1964738,Solventum Corp,3841,Surgical & Medical Instruments & Apparatus
1965040,Fortrea Holdings Inc.,8071,Services-Medical Laboratories
1967680,Veralto Corp,3825,Instruments For Meas & Testing of  Electricity & Elec Signals
1971213,"Sinclair, Inc.",4833,Television Broadcasting Stations
1973266,"TKO Group Holdings, Inc.",7900,Services-Amusement & Recreation Services
1973832,AngloGold Ashanti PLC,1040,Gold and Silver Ores
1977102,Birkenstock Holding plc,3140,"Footwear, (No Rubber)"
1981792,Howard Hughes Holdings Inc.,6798,Real Estate Investment Trusts
1985487,Joint Stock Co Kaspi.kz,7389,"Services-Business Services, NEC"
1988894,"Amer Sports, Inc.",2300,Apparel & Other Finishd Prods of  Fabrics & Similar Matl
1996810,GE Vernova Inc.,3600,Electronic & Other Electrical Equipment (No Computer Equip)
1996862,Bunge Global SA,2070,Fats & Oils
1999480,"Alto Neuroscience, Inc.",2834,Pharmaceutical Preparations
2000178,Loar Holdings Inc.,3728,"Aircraft Parts & Auxiliary Equipment, NEC"
2005951,Smurfit Westrock plc,2650,Paperboard Containers & Boxes
2011286,"Amentum Holdings, Inc.",7389,"Services-Business Services, NEC"
2011641,Ferguson Enterprises Inc. /DE/,5070,Wholesale-Hardware & Plumbing & Heating Equipment & Supplies
2012383,"BlackRock, Inc.",6211,"Security Brokers, Dealers & Flotation Companies"
2015845,"Everus Construction Group, Inc.",1531,Operative Builders
2019410,"Caris Life Sciences, Inc.",8071,Services-Medical Laboratories
2023554,Sandisk Corp,3572,Computer Storage Devices
2025410,"StandardAero, Inc.",3724,Aircraft Engines & Engine Parts
2035832,"Aktis Oncology, Inc.",2834,Pharmaceutical Preparations
2036042,"Sionna Therapeutics, Inc.",2834,Pharmaceutical Preparations
2039497,"Resolute Holdings Management, Inc.",6199,Finance Services
2040127,Karman Holdings Inc.,3728,"Aircraft Parts & Auxiliary Equipment, NEC"
2041385,Ralliant Corp,3823,"Industrial Instruments For Measurement, Display, and Control"
2041610,Paramount Skydance Corp,4833,Television Broadcasting Stations
2054696,NIQ Global Intelligence plc,7370,"Services-Computer Programming, Data Processing, Etc."
2057463,Liberty Capital Corp/NV,4841,Cable & Other Pay Television Services
2058873,"Qnity Electronics, Inc.",3674,Semiconductors & Related Devices
2064124,"Figure Technology Solutions, Inc.",6163,Loan Brokers
2064953,Solstice Advanced Materials Inc.,2800,Chemicals & Allied Products
2065636,"SOLV Energy, Inc.",1600,Heavy Construction Other Than Bldg Const - Contractors
2070849,"BillionToOne, Inc.",8071,Services-Medical Laboratories
2074176,"Viper Energy, Inc.",1311,Crude Petroleum & Natural Gas
2078856,Hyperliquid Strategies Inc,6199,Finance Services
2079999,Cardinal Infrastructure Group Inc.,1600,Heavy Construction Other Than Bldg Const - Contractors
2080126,"Forgent Power Solutions, Inc.",3620,Electrical Industrial Apparatus
2082247,"FedEx Freight Holding Company, Inc.",4513,Air Courier Services
2082866,"Pinnacle Financial Partners, Inc.",6021,National Commercial Banks
2089271,Honeywell Aerospace Inc.,3724,Aircraft Engines & Engine Parts
