yf_ticker,sec_ids
9990302D,037411105
ALXN,015351109
AMED,023436108
ATH,BMG0684D1074
AZEK,05478C105
CDK,12508E101
CELG,151020104
CIVI,17888H103
CLGX,21871D103
CMA,200340107
CMD,138098108
CTRA,127097103
CVAC,NL0015436031
DBRG,25401T603
DNB,26484T106
DNKN,265504100
FLIR,302445101
HES,42809H107
HRC,431475102
IMMU,452907108
IPHI,45772F107
LVGO,539183103
MDLA,584021109
MXIM,57772K101
MYL,NL0011031208
PFPT,743424103
PRAH,69354M108
RP,75606N109
STL,85917A100
VIAB,92553P201
WBA,931427108
WORK,83088V102
XLRN,00434H108
