period_date,cusip,isin,sec_id,name,value_usd,shares
2025-06-30,009066101,,009066101,AIRBNB INC,459648979,3473243
2025-06-30,03027X100,,03027X100,AMERICAN TOWER CORP NEW,202288334,915249
2025-06-30,084670702,,084670702,BERKSHIRE HATHAWAY INC DEL,6793493,13985
2025-06-30,11271J107,,11271J107,BROOKFIELD CORP,1188713075,19219290
2025-06-30,12510Q100,,12510Q100,CCC INTELLIGENT SOLUTIONS HL,138986904,14770128
2025-06-30,143130102,,143130102,CARMAX INC,10121826,150600
2025-06-30,217204106,,217204106,COPART INC,58884000,1200000
2025-06-30,22160N109,,22160N109,COSTAR GROUP INC,748462253,9309232
2025-06-30,235851102,,235851102,DANAHER CORPORATION,350712516,1775400
2025-06-30,303250104,,303250104,FAIR ISAAC CORP,16722178,9148
2025-06-30,38267D109,,38267D109,GOOSEHEAD INS INC,38629849,366125
2025-06-30,48251W104,,48251W104,KKR & CO L P DEL,1176991380,8847564
2025-06-30,57636Q104,,57636Q104,MASTERCARD INCORPORATED,1851753015,3295286
2025-06-30,615369105,,615369105,MOODYS CORP,1156377624,2305424
2025-06-30,67103H107,,67103H107,OREILLY AUTOMOTIVE INC,848187653,9410714
2025-06-30,776696106,,776696106,ROPER TECHNOLOGIES INC,815948041,1439468
2025-06-30,92345Y106,,92345Y106,VERISK ANALYTICS INC,2691048,8639
2025-06-30,92826C839,,92826C839,VISA INC,1127368962,3175240
2025-06-30,H82027105,,H82027105,SOPHIA GENETICS SA,11529334,3719140
2025-09-30,009066101,,009066101,AIRBNB INC,421721165,3473243
2025-09-30,03027X100,,03027X100,AMERICAN TOWER CORP NEW,85167566,442843
2025-09-30,084670702,,084670702,BERKSHIRE HATHAWAY INC DEL,7030819,13985
2025-09-30,11271J107,,11271J107,BROOKFIELD CORP,1317829230,19215941
2025-09-30,12510Q100,,12510Q100,CCC INTELLIGENT SOLUTIONS HL,148220866,16270128
2025-09-30,143130102,,143130102,CARMAX INC,6757422,150600
2025-09-30,217204106,,217204106,COPART INC,190527097,4236760
2025-09-30,22160N109,,22160N109,COSTAR GROUP INC,785188139,9306485
2025-09-30,235851102,,235851102,DANAHER CORPORATION,173443994,874831
2025-09-30,303250104,,303250104,FAIR ISAAC CORP,390368354,260849
2025-09-30,38267D109,,38267D109,GOOSEHEAD INS INC,27247022,366125
2025-09-30,48251W104,,48251W104,KKR & CO L P DEL,1132288599,8713264
2025-09-30,57636Q104,,57636Q104,MASTERCARD INCORPORATED,1794933423,3155594
2025-09-30,615369105,,615369105,MOODYS CORP,1009636820,2118949
2025-09-30,67103H107,,67103H107,OREILLY AUTOMOTIVE INC,928505863,8612428
2025-09-30,776696106,,776696106,ROPER TECHNOLOGIES INC,576821258,1156673
2025-09-30,92345Y106,,92345Y106,VERISK ANALYTICS INC,2082251,8279
2025-09-30,92826C839,,92826C839,VISA INC,1015182189,2973760
2025-09-30,H82027105,,H82027105,SOPHIA GENETICS SA,17703106,3719140
2025-12-31,009066101,,009066101,AIRBNB INC,471388540,3473243
2025-12-31,03027X100,,03027X100,AMERICAN TOWER CORP NEW,44817227,255267
2025-12-31,084670702,,084670702,BERKSHIRE HATHAWAY INC DEL,5982540,11902
2025-12-31,11271J107,,11271J107,BROOKFIELD CORP,1231854338,26843633
2025-12-31,12510Q100,,12510Q100,CCC INTELLIGENT SOLUTIONS HL,197454023,24836984
2025-12-31,143130102,,143130102,CARMAX INC,5819184,150600
2025-12-31,217204106,,217204106,COPART INC,308030908,7867967
2025-12-31,22160N109,,22160N109,COSTAR GROUP INC,646701208,9617805
2025-12-31,235851102,,235851102,DANAHER CORPORATION,15913603,69516
2025-12-31,303250104,,303250104,FAIR ISAAC CORP,469054066,277445
2025-12-31,38267D109,,38267D109,GOOSEHEAD INS INC,27331220,371096
2025-12-31,48251W104,,48251W104,KKR & CO L P DEL,1033359070,8106049
2025-12-31,57636Q104,,57636Q104,MASTERCARD INCORPORATED,1715654246,3005280
2025-12-31,615369105,,615369105,MOODYS CORP,886442756,1735231
2025-12-31,67103H107,,67103H107,OREILLY AUTOMOTIVE INC,612914691,6719819
2025-12-31,776696106,,776696106,ROPER TECHNOLOGIES INC,491936755,1105153
2025-12-31,92826C839,,92826C839,VISA INC,938720206,2676628
2025-12-31,H82027105,,H82027105,SOPHIA GENETICS SA,17368384,3719140
2026-03-31,009066101,,009066101,AIRBNB INC,256913250,2034473
2026-03-31,03027X100,,03027X100,AMERICAN TOWER CORP NEW,8762232,50772
2026-03-31,084670702,,084670702,BERKSHIRE HATHAWAY INC DEL,4954449,10339
2026-03-31,11271J107,,11271J107,BROOKFIELD CORP,689085823,17027077
2026-03-31,12510Q100,,12510Q100,CCC INTELLIGENT SOLUTIONS HL,189078420,31513070
2026-03-31,217204106,,217204106,COPART INC,265564742,7998938
2026-03-31,22160N109,,22160N109,COSTAR GROUP INC,417449333,10348273
2026-03-31,303250104,,303250104,FAIR ISAAC CORP,388333688,363765
2026-03-31,38267D109,,38267D109,GOOSEHEAD INS INC,18914804,443385
2026-03-31,48251W104,,48251W104,KKR & CO L P DEL,621422174,6718078
2026-03-31,57636Q104,,57636Q104,MASTERCARD INCORPORATED,1139777424,2281106
2026-03-31,615369105,,615369105,MOODYS CORP,543617232,1246114
2026-03-31,67103H107,,67103H107,OREILLY AUTOMOTIVE INC,358699398,3885813
2026-03-31,71385M107,,71385M107,PERIMETER SOLUTIONS INC,6105000,250000
2026-03-31,776696106,,776696106,ROPER TECHNOLOGIES INC,444884116,1257232
2026-03-31,79466L302,,79466L302,SALESFORCE INC,133991539,717799
2026-03-31,81762P102,,81762P102,SERVICENOW INC,114597150,1096099
2026-03-31,92826C839,,92826C839,VISA INC,495310308,1638798
2026-03-31,H82027105,,H82027105,SOPHIA GENETICS SA,18409743,3719140
2026-06-30,009066101,,009066101,AIRBNB INC,169394482,1183749
2026-06-30,03027X100,,03027X100,AMERICAN TOWER CORP NEW,4785077,29254
2026-06-30,084670702,,084670702,BERKSHIRE HATHAWAY INC DEL,4095192,8184
2026-06-30,11271J107,,11271J107,BROOKFIELD CORP,516187709,12119927
2026-06-30,12510Q100,,12510Q100,CCC INTELLIGENT SOLUTIONS HL,154072105,29858935
2026-06-30,217204106,,217204106,COPART INC,225119928,7985808
2026-06-30,22160N109,,22160N109,COSTAR GROUP INC,331326895,11699396
2026-06-30,303250104,,303250104,FAIR ISAAC CORP,432302468,361826
2026-06-30,38267D109,,38267D109,GOOSEHEAD INS INC,21504172,443385
2026-06-30,48251W104,,48251W104,KKR & CO L P DEL,457200745,4981486
2026-06-30,57636Q104,,57636Q104,MASTERCARD INCORPORATED,1022015722,1989906
2026-06-30,615369105,,615369105,MOODYS CORP,523979978,1156893
2026-06-30,67103H107,,67103H107,OREILLY AUTOMOTIVE INC,199081820,2161818
2026-06-30,71385M107,,71385M107,PERIMETER SOLUTIONS INC,8912500,250000
2026-06-30,776696106,,776696106,ROPER TECHNOLOGIES INC,398136815,1176562
2026-06-30,79466L302,,79466L302,SALESFORCE INC,112450391,717799
2026-06-30,81762P102,,81762P102,SERVICENOW INC,123712709,1246099
2026-06-30,92826C839,,92826C839,VISA INC,381132162,1110881
2026-06-30,H82027105,,H82027105,SOPHIA GENETICS SA,21459438,3719140
