entity,series_id,accession,filing_date,period_date
ivv,S000004310,0001752724-19-177847,2019-11-25,2019-09-30
ivv,S000004310,0001752724-20-038725,2020-02-27,2019-12-31
ivv,S000004310,0001752724-20-112027,2020-06-01,2020-03-31
ivv,S000004310,0001752724-20-176909,2020-08-27,2020-06-30
ivv,S000004310,0001752724-20-247818,2020-11-25,2020-09-30
ivv,S000004310,0001752724-21-040719,2021-02-25,2020-12-31
ivv,S000004310,0001752724-21-116363,2021-05-27,2021-03-31
ivv,S000004310,0001752724-21-186201,2021-08-26,2021-06-30
ivv,S000004310,0001752724-21-255857,2021-11-24,2021-09-30
ivv,S000004310,0001752724-22-046281,2022-02-25,2021-12-31
ivv,S000004310,0001752724-22-122805,2022-05-26,2022-03-31
ivv,S000004310,0001752724-22-193652,2022-08-25,2022-06-30
ivv,S000004310,0001752724-22-268673,2022-11-28,2022-09-30
ivv,S000004310,0001752724-23-039243,2023-02-24,2022-12-31
ivv,S000004310,0001752724-23-123220,2023-05-26,2023-03-31
ivv,S000004310,0001752724-23-191503,2023-08-25,2023-06-30
ivv,S000004310,0001752724-23-264277,2023-11-22,2023-09-30
ivv,S000004310,0001752724-24-043113,2024-02-27,2023-12-31
ivv,S000004310,0001752724-24-123331,2024-05-28,2024-03-31
ivv,S000004310,0001752724-24-194289,2024-08-27,2024-06-30
ivv,S000004310,0001752724-24-269943,2024-11-26,2024-09-30
ivv,S000004310,0001752724-25-043800,2025-02-27,2024-12-31
ivv,S000004310,0001752724-25-119791,2025-05-27,2025-03-31
ivv,S000004310,0001752724-25-210389,2025-08-28,2025-06-30
ivv,S000004310,0002071691-25-007634,2025-11-26,2025-09-30
ivv,S000004310,0002071691-26-004238,2026-02-25,2025-12-31
ivv,S000004310,0002071691-26-012459,2026-05-28,2026-03-31
ivv,S000004310,0002071691-26-019760,2026-08-25,2026-06-30
